order_id,sale_date,customer_id,product_id,product_name,category,region,quantity,unit_price,discount_pct,revenue,month_name,year,month,quarter
ORD00001,2023-05-21,C0063,P002,Mobile Phone,Electronics,South,1,15300.0,15,15300.0,May,2023,5,2
ORD00002,2023-08-05,C0009,P009,Cooking Oil,Groceries,North,2,180.0,10,360.0,August,2023,8,3
ORD00003,2023-04-12,C0184,P010,Notebook,Stationery,West,1,54.0,10,54.0,April,2023,4,2
ORD00004,2023-08-05,C0088,P001,Laptop,Electronics,East,3,38250.0,15,114750.0,August,2023,8,3
ORD00005,2023-07-14,C0025,P006,T-Shirt,Clothing,East,2,799.0,0,1598.0,July,2023,7,3
ORD00006,2023-03-05,C0097,P001,Laptop,Electronics,North,8,40500.0,10,324000.0,March,2023,3,1
ORD00007,2023-04-09,C0181,P010,Notebook,Stationery,North,6,54.0,10,324.0,April,2023,4,2
ORD00008,2023-02-21,C0098,P005,Study Table,Furniture,East,2,12000.0,0,24000.0,February,2023,2,1
ORD00009,2023-04-18,C0172,P003,Headphones,Electronics,East,6,2500.0,0,15000.0,April,2023,4,2
ORD00010,2023-03-29,C0137,P002,Mobile Phone,Electronics,South,10,15300.0,15,153000.0,March,2023,3,1
ORD00011,2023-06-16,C0197,P009,Cooking Oil,Groceries,North,4,170.0,15,680.0,June,2023,6,2
ORD00012,2023-02-03,C0055,P006,T-Shirt,Clothing,East,7,799.0,0,5593.0,February,2023,2,1
ORD00013,2023-03-13,C0064,P008,Rice 5kg,Groceries,East,3,350.0,0,1050.0,March,2023,3,1
ORD00014,2023-04-23,C0036,P010,Notebook,Stationery,West,7,60.0,0,420.0,April,2023,4,2
ORD00015,2023-03-23,C0175,P002,Mobile Phone,Electronics,West,3,15300.0,15,45900.0,March,2023,3,1
ORD00016,2023-05-09,C0142,P010,Notebook,Stationery,North,8,54.0,10,432.0,May,2023,5,2
ORD00017,2023-06-24,C0029,P009,Cooking Oil,Groceries,East,5,170.0,15,850.0,June,2023,6,2
ORD00018,2023-09-17,C0028,P005,Study Table,Furniture,East,9,12000.0,0,108000.0,September,2023,9,3
ORD00019,2023-03-24,C0139,P004,Desk Chair,Furniture,North,3,8000.0,0,24000.0,March,2023,3,1
ORD00020,2023-05-03,C0015,P002,Mobile Phone,Electronics,South,6,18000.0,0,108000.0,May,2023,5,2
ORD00021,2023-09-30,C0197,P002,Mobile Phone,Electronics,South,8,18000.0,0,144000.0,September,2023,9,3
ORD00022,2023-09-28,C0156,P009,Cooking Oil,Groceries,West,3,200.0,0,600.0,September,2023,9,3
ORD00023,2023-12-10,C0167,P004,Desk Chair,Furniture,East,5,7600.0,5,38000.0,December,2023,12,4
ORD00024,2023-02-02,C0087,P002,Mobile Phone,Electronics,North,4,18000.0,0,72000.0,February,2023,2,1
ORD00025,2023-12-29,C0162,P004,Desk Chair,Furniture,North,1,8000.0,0,8000.0,December,2023,12,4
ORD00026,2023-05-02,C0072,P006,T-Shirt,Clothing,West,2,719.1,10,1438.2,May,2023,5,2
ORD00027,2023-05-05,C0122,P010,Notebook,Stationery,West,10,57.0,5,570.0,May,2023,5,2
ORD00028,2023-07-30,C0120,P007,Jeans,Clothing,North,6,1424.05,5,8544.3,July,2023,7,3
ORD00029,2023-06-23,C0028,P002,Mobile Phone,Electronics,South,1,17100.0,5,17100.0,June,2023,6,2
ORD00030,2023-05-23,C0119,P003,Headphones,Electronics,South,7,2500.0,0,17500.0,May,2023,5,2
ORD00031,2023-11-30,C0139,P009,Cooking Oil,Groceries,North,2,200.0,0,400.0,November,2023,11,4
ORD00032,2023-09-06,C0124,P004,Desk Chair,Furniture,South,3,7600.0,5,22800.0,September,2023,9,3
ORD00033,2023-07-19,C0068,P003,Headphones,Electronics,West,7,2500.0,0,17500.0,July,2023,7,3
ORD00034,2023-04-08,C0076,P009,Cooking Oil,Groceries,South,8,200.0,0,1600.0,April,2023,4,2
ORD00035,2023-06-10,C0015,P009,Cooking Oil,Groceries,North,1,170.0,15,170.0,June,2023,6,2
ORD00036,2023-09-18,C0021,P009,Cooking Oil,Groceries,South,3,200.0,0,600.0,September,2023,9,3
ORD00037,2023-10-19,C0064,P004,Desk Chair,Furniture,North,7,8000.0,0,56000.0,October,2023,10,4
ORD00038,2023-06-11,C0067,P010,Notebook,Stationery,South,10,54.0,10,540.0,June,2023,6,2
ORD00039,2023-12-10,C0166,P005,Study Table,Furniture,East,7,12000.0,0,84000.0,December,2023,12,4
ORD00040,2023-11-15,C0145,P002,Mobile Phone,Electronics,North,1,17100.0,5,17100.0,November,2023,11,4
ORD00041,2023-02-05,C0063,P005,Study Table,Furniture,East,3,12000.0,0,36000.0,February,2023,2,1
ORD00042,2023-12-01,C0136,P009,Cooking Oil,Groceries,North,5,180.0,10,900.0,December,2023,12,4
ORD00043,2023-03-01,C0028,P002,Mobile Phone,Electronics,South,3,18000.0,0,54000.0,March,2023,3,1
ORD00044,2023-11-21,C0068,P006,T-Shirt,Clothing,West,4,679.15,15,2716.6,November,2023,11,4
ORD00046,2023-08-15,C0142,P005,Study Table,Furniture,West,3,10200.0,15,30600.0,August,2023,8,3
ORD00047,2023-07-09,C0150,P003,Headphones,Electronics,South,9,2500.0,0,22500.0,July,2023,7,3
ORD00048,2023-04-18,C0175,P006,T-Shirt,Clothing,South,1,799.0,0,799.0,April,2023,4,2
ORD00049,2023-03-21,C0061,P009,Cooking Oil,Groceries,South,7,180.0,10,1260.0,March,2023,3,1
ORD00050,2023-06-20,C0106,P007,Jeans,Clothing,South,1,1499.0,0,1499.0,June,2023,6,2
ORD00051,2023-08-29,C0057,P002,Mobile Phone,Electronics,South,7,18000.0,0,126000.0,August,2023,8,3
ORD00052,2023-01-13,C0169,P005,Study Table,Furniture,South,4,12000.0,0,48000.0,January,2023,1,1
ORD00053,2023-11-25,C0131,P002,Mobile Phone,Electronics,West,5,18000.0,0,90000.0,November,2023,11,4
ORD00054,2023-05-14,C0046,P006,T-Shirt,Clothing,East,1,799.0,0,799.0,May,2023,5,2
ORD00055,2023-11-07,C0131,P006,T-Shirt,Clothing,North,6,759.05,5,4554.3,November,2023,11,4
ORD00056,2023-08-12,C0001,P005,Study Table,Furniture,South,1,10200.0,15,10200.0,August,2023,8,3
ORD00057,2023-12-06,C0032,P006,T-Shirt,Clothing,East,10,799.0,0,7990.0,December,2023,12,4
ORD00058,2023-06-01,C0142,P006,T-Shirt,Clothing,South,7,679.15,15,4754.05,June,2023,6,2
ORD00059,2023-10-19,C0078,P007,Jeans,Clothing,West,3,1349.1,10,4047.3,October,2023,10,4
ORD00060,2023-10-24,C0156,P005,Study Table,Furniture,East,4,11400.0,5,45600.0,October,2023,10,4
ORD00061,2023-03-28,C0169,P004,Desk Chair,Furniture,North,9,7600.0,5,68400.0,March,2023,3,1
ORD00062,2023-05-01,C0173,P010,Notebook,Stationery,East,6,60.0,0,360.0,May,2023,5,2
ORD00063,2023-09-01,C0157,P001,Laptop,Electronics,North,1,45000.0,0,45000.0,September,2023,9,3
ORD00064,2023-12-23,C0099,P010,Notebook,Stationery,West,4,51.0,15,204.0,December,2023,12,4
ORD00065,2023-04-23,C0046,P001,Laptop,Electronics,West,2,42750.0,5,85500.0,April,2023,4,2
ORD00066,2023-08-26,C0171,P002,Mobile Phone,Electronics,East,8,18000.0,0,144000.0,August,2023,8,3
ORD00067,2023-10-08,C0115,P010,Notebook,Stationery,South,9,57.0,5,513.0,October,2023,10,4
ORD00068,2023-05-22,C0197,P005,Study Table,Furniture,West,4,10200.0,15,40800.0,May,2023,5,2
ORD00069,2023-05-20,C0086,P002,Mobile Phone,Electronics,East,5,18000.0,0,90000.0,May,2023,5,2
ORD00070,2023-12-22,C0040,P003,Headphones,Electronics,South,4,2375.0,5,9500.0,December,2023,12,4
ORD00071,2023-02-01,C0053,P009,Cooking Oil,Groceries,West,8,190.0,5,1520.0,February,2023,2,1
ORD00072,2023-09-02,C0002,P001,Laptop,Electronics,East,10,42750.0,5,427500.0,September,2023,9,3
ORD00073,2023-10-07,C0155,P007,Jeans,Clothing,South,9,1274.15,15,11467.35,October,2023,10,4
ORD00074,2023-06-22,C0172,P008,Rice 5kg,Groceries,West,1,332.5,5,332.5,June,2023,6,2
ORD00075,2023-01-14,C0101,P003,Headphones,Electronics,North,10,2250.0,10,22500.0,January,2023,1,1
ORD00076,2023-05-14,C0098,P008,Rice 5kg,Groceries,East,3,350.0,0,1050.0,May,2023,5,2
ORD00078,2023-02-05,C0200,P006,T-Shirt,Clothing,North,4,679.15,15,2716.6,February,2023,2,1
ORD00079,2023-03-20,C0062,P004,Desk Chair,Furniture,South,1,7200.0,10,7200.0,March,2023,3,1
ORD00080,2023-05-12,C0197,P004,Desk Chair,Furniture,East,8,6800.0,15,54400.0,May,2023,5,2
ORD00081,2023-02-25,C0149,P002,Mobile Phone,Electronics,North,3,18000.0,0,54000.0,February,2023,2,1
ORD00082,2023-04-12,C0020,P007,Jeans,Clothing,South,7,1274.15,15,8919.05,April,2023,4,2
ORD00083,2023-01-22,C0089,P010,Notebook,Stationery,West,2,54.0,10,108.0,January,2023,1,1
ORD00084,2023-09-08,C0028,P006,T-Shirt,Clothing,West,1,759.05,5,759.05,September,2023,9,3
ORD00085,2023-04-01,C0188,P008,Rice 5kg,Groceries,East,3,332.5,5,997.5,April,2023,4,2
ORD00086,2023-10-31,C0069,P008,Rice 5kg,Groceries,East,8,332.5,5,2660.0,October,2023,10,4
ORD00087,2023-05-05,C0193,P002,Mobile Phone,Electronics,West,5,17100.0,5,85500.0,May,2023,5,2
ORD00088,2023-06-16,C0047,P006,T-Shirt,Clothing,West,1,759.05,5,759.05,June,2023,6,2
ORD00089,2023-12-26,C0071,P006,T-Shirt,Clothing,North,5,719.1,10,3595.5,December,2023,12,4
ORD00090,2023-10-12,C0195,P004,Desk Chair,Furniture,South,7,7600.0,5,53200.0,October,2023,10,4
ORD00091,2023-02-17,C0076,P008,Rice 5kg,Groceries,South,8,350.0,0,2800.0,February,2023,2,1
ORD00092,2023-10-11,C0136,P010,Notebook,Stationery,East,6,57.0,5,342.0,October,2023,10,4
ORD00093,2023-08-21,C0070,P006,T-Shirt,Clothing,East,6,679.15,15,4074.9,August,2023,8,3
ORD00094,2023-10-02,C0196,P004,Desk Chair,Furniture,South,6,8000.0,0,48000.0,October,2023,10,4
ORD00095,2023-11-02,C0073,P005,Study Table,Furniture,North,10,10800.0,10,108000.0,November,2023,11,4
ORD00096,2023-01-08,C0182,P006,T-Shirt,Clothing,South,3,799.0,0,2397.0,January,2023,1,1
ORD00097,2023-03-06,C0164,P009,Cooking Oil,Groceries,West,5,170.0,15,850.0,March,2023,3,1
ORD00098,2023-08-14,C0088,P005,Study Table,Furniture,South,8,11400.0,5,91200.0,August,2023,8,3
ORD00099,2023-07-25,C0126,P008,Rice 5kg,Groceries,North,2,350.0,0,700.0,July,2023,7,3
ORD00100,2023-06-05,C0022,P003,Headphones,Electronics,South,3,2250.0,10,6750.0,June,2023,6,2
ORD00101,2023-04-26,C0199,P010,Notebook,Stationery,West,10,54.0,10,540.0,April,2023,4,2
ORD00102,2023-10-19,C0159,P010,Notebook,Stationery,North,7,60.0,0,420.0,October,2023,10,4
ORD00103,2023-12-05,C0021,P004,Desk Chair,Furniture,South,4,8000.0,0,32000.0,December,2023,12,4
ORD00104,2023-08-19,C0177,P003,Headphones,Electronics,West,1,2375.0,5,2375.0,August,2023,8,3
ORD00105,2023-12-18,C0060,P005,Study Table,Furniture,East,8,12000.0,0,96000.0,December,2023,12,4
ORD00106,2023-10-06,C0058,P004,Desk Chair,Furniture,South,7,8000.0,0,56000.0,October,2023,10,4
ORD00107,2023-06-07,C0153,P002,Mobile Phone,Electronics,East,1,18000.0,0,18000.0,June,2023,6,2
ORD00108,2023-09-14,C0139,P005,Study Table,Furniture,West,7,12000.0,0,84000.0,September,2023,9,3
ORD00109,2023-05-09,C0007,P007,Jeans,Clothing,North,6,1349.1,10,8094.6,May,2023,5,2
ORD00110,2023-12-11,C0069,P010,Notebook,Stationery,North,10,60.0,0,600.0,December,2023,12,4
ORD00111,2023-04-03,C0150,P009,Cooking Oil,Groceries,West,8,200.0,0,1600.0,April,2023,4,2
ORD00112,2023-07-29,C0086,P002,Mobile Phone,Electronics,East,8,18000.0,0,144000.0,July,2023,7,3
ORD00113,2023-09-11,C0074,P006,T-Shirt,Clothing,West,7,679.15,15,4754.05,September,2023,9,3
ORD00114,2023-05-10,C0083,P008,Rice 5kg,Groceries,North,2,350.0,0,700.0,May,2023,5,2
ORD00115,2023-10-05,C0119,P009,Cooking Oil,Groceries,West,1,170.0,15,170.0,October,2023,10,4
ORD00116,2023-08-15,C0195,P010,Notebook,Stationery,North,8,51.0,15,408.0,August,2023,8,3
ORD00117,2023-09-06,C0032,P005,Study Table,Furniture,North,8,10200.0,15,81600.0,September,2023,9,3
ORD00118,2023-10-10,C0004,P004,Desk Chair,Furniture,West,3,8000.0,0,24000.0,October,2023,10,4
ORD00119,2023-11-28,C0040,P002,Mobile Phone,Electronics,West,8,18000.0,0,144000.0,November,2023,11,4
ORD00120,2023-08-30,C0063,P005,Study Table,Furniture,West,7,11400.0,5,79800.0,August,2023,8,3
ORD00121,2023-03-11,C0018,P010,Notebook,Stationery,East,9,51.0,15,459.0,March,2023,3,1
ORD00122,2023-01-02,C0073,P006,T-Shirt,Clothing,East,9,799.0,0,7191.0,January,2023,1,1
ORD00123,2023-10-03,C0124,P008,Rice 5kg,Groceries,East,3,332.5,5,997.5,October,2023,10,4
ORD00124,2023-04-07,C0179,P007,Jeans,Clothing,South,8,1499.0,0,11992.0,April,2023,4,2
ORD00125,2023-08-31,C0181,P007,Jeans,Clothing,West,1,1499.0,0,1499.0,August,2023,8,3
ORD00126,2023-03-06,C0129,P003,Headphones,Electronics,East,8,2500.0,0,20000.0,March,2023,3,1
ORD00127,2023-08-22,C0004,P008,Rice 5kg,Groceries,South,2,315.0,10,630.0,August,2023,8,3
ORD00128,2023-05-16,C0087,P003,Headphones,Electronics,West,2,2375.0,5,4750.0,May,2023,5,2
ORD00129,2023-11-17,C0184,P009,Cooking Oil,Groceries,West,7,200.0,0,1400.0,November,2023,11,4
ORD00130,2023-12-17,C0074,P002,Mobile Phone,Electronics,South,4,15300.0,15,61200.0,December,2023,12,4
ORD00131,2023-03-27,C0178,P002,Mobile Phone,Electronics,East,2,17100.0,5,34200.0,March,2023,3,1
ORD00132,2023-07-11,C0111,P001,Laptop,Electronics,South,5,45000.0,0,225000.0,July,2023,7,3
ORD00133,2023-02-10,C0157,P003,Headphones,Electronics,West,3,2500.0,0,7500.0,February,2023,2,1
ORD00134,2023-08-25,C0164,P010,Notebook,Stationery,East,3,60.0,0,180.0,August,2023,8,3
ORD00135,2023-10-07,C0041,P008,Rice 5kg,Groceries,North,5,297.5,15,1487.5,October,2023,10,4
ORD00136,2023-08-06,C0177,P010,Notebook,Stationery,East,5,51.0,15,255.0,August,2023,8,3
ORD00137,2023-05-02,C0098,P007,Jeans,Clothing,East,8,1499.0,0,11992.0,May,2023,5,2
ORD00138,2023-07-22,C0071,P005,Study Table,Furniture,North,1,10200.0,15,10200.0,July,2023,7,3
ORD00139,2023-09-12,C0074,P001,Laptop,Electronics,South,10,38250.0,15,382500.0,September,2023,9,3
ORD00140,2023-12-14,C0194,P004,Desk Chair,Furniture,South,10,8000.0,0,80000.0,December,2023,12,4
ORD00141,2023-01-18,C0149,P001,Laptop,Electronics,East,5,42750.0,5,213750.0,January,2023,1,1
ORD00142,2023-08-01,C0045,P005,Study Table,Furniture,South,6,10200.0,15,61200.0,August,2023,8,3
ORD00143,2023-05-20,C0043,P006,T-Shirt,Clothing,East,9,719.1,10,6471.9,May,2023,5,2
ORD00144,2023-08-28,C0020,P005,Study Table,Furniture,South,6,12000.0,0,72000.0,August,2023,8,3
ORD00145,2023-02-16,C0102,P007,Jeans,Clothing,North,9,1499.0,0,13491.0,February,2023,2,1
ORD00146,2023-07-15,C0164,P006,T-Shirt,Clothing,East,5,719.1,10,3595.5,July,2023,7,3
ORD00147,2023-06-17,C0157,P001,Laptop,Electronics,South,10,40500.0,10,405000.0,June,2023,6,2
ORD00148,2023-07-29,C0030,P008,Rice 5kg,Groceries,South,5,297.5,15,1487.5,July,2023,7,3
ORD00149,2023-05-01,C0138,P008,Rice 5kg,Groceries,South,2,350.0,0,700.0,May,2023,5,2
ORD00150,2023-03-21,C0107,P009,Cooking Oil,Groceries,North,7,180.0,10,1260.0,March,2023,3,1
ORD00151,2023-07-09,C0056,P005,Study Table,Furniture,West,1,10200.0,15,10200.0,July,2023,7,3
ORD00152,2023-07-08,C0140,P006,T-Shirt,Clothing,East,2,679.15,15,1358.3,July,2023,7,3
ORD00153,2023-12-06,C0055,P002,Mobile Phone,Electronics,North,8,18000.0,0,144000.0,December,2023,12,4
ORD00154,2023-02-05,C0196,P003,Headphones,Electronics,South,10,2500.0,0,25000.0,February,2023,2,1
ORD00155,2023-11-02,C0001,P004,Desk Chair,Furniture,East,6,8000.0,0,48000.0,November,2023,11,4
ORD00156,2023-03-31,C0029,P003,Headphones,Electronics,North,9,2500.0,0,22500.0,March,2023,3,1
ORD00157,2023-01-09,C0045,P004,Desk Chair,Furniture,East,10,8000.0,0,80000.0,January,2023,1,1
ORD00158,2023-02-02,C0122,P009,Cooking Oil,Groceries,West,2,170.0,15,340.0,February,2023,2,1
ORD00159,2023-04-24,C0158,P002,Mobile Phone,Electronics,North,8,16200.0,10,129600.0,April,2023,4,2
ORD00160,2023-11-26,C0008,P009,Cooking Oil,Groceries,North,5,190.0,5,950.0,November,2023,11,4
ORD00161,2023-12-31,C0114,P007,Jeans,Clothing,North,2,1424.05,5,2848.1,December,2023,12,4
ORD00162,2023-05-21,C0160,P003,Headphones,Electronics,East,2,2500.0,0,5000.0,May,2023,5,2
ORD00163,2023-11-06,C0111,P005,Study Table,Furniture,North,8,10800.0,10,86400.0,November,2023,11,4
ORD00164,2023-08-20,C0059,P009,Cooking Oil,Groceries,West,4,190.0,5,760.0,August,2023,8,3
ORD00165,2023-08-07,C0081,P007,Jeans,Clothing,East,2,1499.0,0,2998.0,August,2023,8,3
ORD00166,2023-02-13,C0024,P008,Rice 5kg,Groceries,West,2,350.0,0,700.0,February,2023,2,1
ORD00167,2023-10-28,C0144,P003,Headphones,Electronics,East,9,2500.0,0,22500.0,October,2023,10,4
ORD00168,2023-11-04,C0080,P007,Jeans,Clothing,East,1,1499.0,0,1499.0,November,2023,11,4
ORD00169,2023-02-25,C0090,P003,Headphones,Electronics,East,8,2500.0,0,20000.0,February,2023,2,1
ORD00170,2023-11-15,C0158,P004,Desk Chair,Furniture,North,7,7200.0,10,50400.0,November,2023,11,4
ORD00171,2023-05-20,C0180,P005,Study Table,Furniture,East,1,12000.0,0,12000.0,May,2023,5,2
ORD00172,2023-12-03,C0103,P003,Headphones,Electronics,North,3,2250.0,10,6750.0,December,2023,12,4
ORD00173,2023-09-29,C0056,P001,Laptop,Electronics,West,2,38250.0,15,76500.0,September,2023,9,3
ORD00174,2023-06-16,C0199,P006,T-Shirt,Clothing,North,5,679.15,15,3395.75,June,2023,6,2
ORD00175,2023-02-11,C0070,P010,Notebook,Stationery,West,1,51.0,15,51.0,February,2023,2,1
ORD00176,2023-04-21,C0194,P008,Rice 5kg,Groceries,North,7,350.0,0,2450.0,April,2023,4,2
ORD00177,2023-12-08,C0079,P010,Notebook,Stationery,North,8,54.0,10,432.0,December,2023,12,4
ORD00178,2023-06-04,C0055,P001,Laptop,Electronics,South,1,45000.0,0,45000.0,June,2023,6,2
ORD00179,2023-08-09,C0045,P002,Mobile Phone,Electronics,South,1,17100.0,5,17100.0,August,2023,8,3
ORD00180,2023-07-01,C0019,P009,Cooking Oil,Groceries,West,9,170.0,15,1530.0,July,2023,7,3
ORD00181,2023-06-10,C0148,P001,Laptop,Electronics,West,8,45000.0,0,360000.0,June,2023,6,2
ORD00182,2023-07-27,C0006,P007,Jeans,Clothing,East,5,1499.0,0,7495.0,July,2023,7,3
ORD00183,2023-08-12,C0028,P008,Rice 5kg,Groceries,South,6,350.0,0,2100.0,August,2023,8,3
ORD00184,2023-06-23,C0057,P002,Mobile Phone,Electronics,East,7,18000.0,0,126000.0,June,2023,6,2
ORD00185,2023-04-10,C0199,P002,Mobile Phone,Electronics,East,9,16200.0,10,145800.0,April,2023,4,2
ORD00186,2023-03-16,C0066,P003,Headphones,Electronics,South,4,2500.0,0,10000.0,March,2023,3,1
ORD00187,2023-09-10,C0119,P002,Mobile Phone,Electronics,West,3,15300.0,15,45900.0,September,2023,9,3
ORD00188,2023-06-11,C0039,P010,Notebook,Stationery,West,6,51.0,15,306.0,June,2023,6,2
ORD00189,2023-01-29,C0091,P005,Study Table,Furniture,North,5,10800.0,10,54000.0,January,2023,1,1
ORD00190,2023-02-09,C0166,P001,Laptop,Electronics,North,6,45000.0,0,270000.0,February,2023,2,1
ORD00191,2023-01-22,C0116,P008,Rice 5kg,Groceries,South,10,315.0,10,3150.0,January,2023,1,1
ORD00192,2023-02-22,C0088,P003,Headphones,Electronics,North,1,2375.0,5,2375.0,February,2023,2,1
ORD00193,2023-09-26,C0134,P004,Desk Chair,Furniture,South,8,7600.0,5,60800.0,September,2023,9,3
ORD00194,2023-12-14,C0154,P007,Jeans,Clothing,North,7,1499.0,0,10493.0,December,2023,12,4
ORD00195,2023-10-13,C0174,P002,Mobile Phone,Electronics,West,6,18000.0,0,108000.0,October,2023,10,4
ORD00196,2023-02-11,C0150,P010,Notebook,Stationery,South,3,60.0,0,180.0,February,2023,2,1
ORD00197,2023-12-29,C0022,P007,Jeans,Clothing,East,3,1349.1,10,4047.3,December,2023,12,4
ORD00198,2023-12-26,C0190,P006,T-Shirt,Clothing,North,3,679.15,15,2037.45,December,2023,12,4
ORD00199,2023-06-08,C0047,P006,T-Shirt,Clothing,South,1,799.0,0,799.0,June,2023,6,2
ORD00200,2023-03-21,C0020,P004,Desk Chair,Furniture,East,4,8000.0,0,32000.0,March,2023,3,1
ORD00201,2023-12-05,C0087,P009,Cooking Oil,Groceries,South,9,200.0,0,1800.0,December,2023,12,4
ORD00202,2023-08-13,C0012,P003,Headphones,Electronics,West,10,2500.0,0,25000.0,August,2023,8,3
ORD00203,2023-08-18,C0060,P008,Rice 5kg,Groceries,South,10,350.0,0,3500.0,August,2023,8,3
ORD00204,2023-12-14,C0147,P008,Rice 5kg,Groceries,West,4,350.0,0,1400.0,December,2023,12,4
ORD00205,2023-08-03,C0042,P007,Jeans,Clothing,South,9,1349.1,10,12141.9,August,2023,8,3
ORD00206,2023-09-04,C0096,P005,Study Table,Furniture,North,1,10200.0,15,10200.0,September,2023,9,3
ORD00207,2023-03-24,C0070,P002,Mobile Phone,Electronics,West,5,18000.0,0,90000.0,March,2023,3,1
ORD00208,2023-08-19,C0090,P007,Jeans,Clothing,North,2,1499.0,0,2998.0,August,2023,8,3
ORD00210,2023-01-20,C0074,P006,T-Shirt,Clothing,West,3,799.0,0,2397.0,January,2023,1,1
ORD00211,2023-01-03,C0021,P008,Rice 5kg,Groceries,North,8,315.0,10,2520.0,January,2023,1,1
ORD00212,2023-08-05,C0029,P009,Cooking Oil,Groceries,East,10,180.0,10,1800.0,August,2023,8,3
ORD00213,2023-11-15,C0118,P004,Desk Chair,Furniture,North,7,6800.0,15,47600.0,November,2023,11,4
ORD00214,2023-11-20,C0132,P010,Notebook,Stationery,South,9,60.0,0,540.0,November,2023,11,4
ORD00215,2023-05-04,C0147,P001,Laptop,Electronics,West,10,45000.0,0,450000.0,May,2023,5,2
ORD00216,2023-09-27,C0140,P009,Cooking Oil,Groceries,North,6,200.0,0,1200.0,September,2023,9,3
ORD00217,2023-01-09,C0092,P007,Jeans,Clothing,North,6,1499.0,0,8994.0,January,2023,1,1
ORD00218,2023-06-20,C0035,P002,Mobile Phone,Electronics,North,10,15300.0,15,153000.0,June,2023,6,2
ORD00219,2023-09-03,C0162,P003,Headphones,Electronics,South,8,2125.0,15,17000.0,September,2023,9,3
ORD00220,2023-04-14,C0012,P008,Rice 5kg,Groceries,South,1,350.0,0,350.0,April,2023,4,2
ORD00221,2023-10-06,C0122,P005,Study Table,Furniture,East,9,11400.0,5,102600.0,October,2023,10,4
ORD00222,2023-12-02,C0085,P005,Study Table,Furniture,East,6,12000.0,0,72000.0,December,2023,12,4
ORD00223,2023-06-23,C0048,P007,Jeans,Clothing,West,8,1424.05,5,11392.4,June,2023,6,2
ORD00224,2023-08-06,C0021,P009,Cooking Oil,Groceries,West,5,200.0,0,1000.0,August,2023,8,3
ORD00225,2023-02-22,C0021,P009,Cooking Oil,Groceries,East,5,200.0,0,1000.0,February,2023,2,1
ORD00226,2023-12-20,C0114,P010,Notebook,Stationery,East,7,60.0,0,420.0,December,2023,12,4
ORD00227,2023-05-21,C0164,P006,T-Shirt,Clothing,North,10,759.05,5,7590.5,May,2023,5,2
ORD00228,2023-12-14,C0041,P006,T-Shirt,Clothing,North,9,679.15,15,6112.35,December,2023,12,4
ORD00229,2023-02-04,C0061,P008,Rice 5kg,Groceries,East,1,350.0,0,350.0,February,2023,2,1
ORD00230,2023-12-14,C0116,P001,Laptop,Electronics,East,10,45000.0,0,450000.0,December,2023,12,4
ORD00231,2023-07-07,C0102,P010,Notebook,Stationery,East,3,54.0,10,162.0,July,2023,7,3
ORD00232,2023-04-06,C0128,P002,Mobile Phone,Electronics,West,1,15300.0,15,15300.0,April,2023,4,2
ORD00233,2023-11-10,C0074,P005,Study Table,Furniture,West,8,12000.0,0,96000.0,November,2023,11,4
ORD00234,2023-08-16,C0023,P002,Mobile Phone,Electronics,East,8,18000.0,0,144000.0,August,2023,8,3
ORD00235,2023-06-03,C0041,P009,Cooking Oil,Groceries,South,9,200.0,0,1800.0,June,2023,6,2
ORD00236,2023-05-02,C0127,P002,Mobile Phone,Electronics,North,4,18000.0,0,72000.0,May,2023,5,2
ORD00237,2023-11-10,C0023,P008,Rice 5kg,Groceries,North,9,350.0,0,3150.0,November,2023,11,4
ORD00238,2023-07-29,C0148,P008,Rice 5kg,Groceries,North,9,332.5,5,2992.5,July,2023,7,3
ORD00239,2023-12-15,C0133,P002,Mobile Phone,Electronics,East,8,17100.0,5,136800.0,December,2023,12,4
ORD00240,2023-03-08,C0111,P009,Cooking Oil,Groceries,North,10,200.0,0,2000.0,March,2023,3,1
ORD00241,2023-06-15,C0182,P005,Study Table,Furniture,South,3,12000.0,0,36000.0,June,2023,6,2
ORD00242,2023-04-11,C0163,P005,Study Table,Furniture,East,2,12000.0,0,24000.0,April,2023,4,2
ORD00243,2023-11-25,C0044,P009,Cooking Oil,Groceries,South,2,180.0,10,360.0,November,2023,11,4
ORD00244,2023-01-22,C0008,P010,Notebook,Stationery,North,6,54.0,10,324.0,January,2023,1,1
ORD00245,2023-04-18,C0197,P010,Notebook,Stationery,West,5,51.0,15,255.0,April,2023,4,2
ORD00246,2023-06-04,C0124,P009,Cooking Oil,Groceries,South,5,170.0,15,850.0,June,2023,6,2
ORD00247,2023-12-19,C0016,P005,Study Table,Furniture,South,8,12000.0,0,96000.0,December,2023,12,4
ORD00248,2023-03-15,C0081,P004,Desk Chair,Furniture,East,6,7200.0,10,43200.0,March,2023,3,1
ORD00249,2023-09-21,C0144,P007,Jeans,Clothing,North,3,1499.0,0,4497.0,September,2023,9,3
ORD00250,2023-03-14,C0025,P005,Study Table,Furniture,North,8,12000.0,0,96000.0,March,2023,3,1
ORD00251,2023-03-23,C0084,P010,Notebook,Stationery,East,7,60.0,0,420.0,March,2023,3,1
ORD00252,2023-06-07,C0128,P009,Cooking Oil,Groceries,North,8,190.0,5,1520.0,June,2023,6,2
ORD00253,2023-10-26,C0091,P008,Rice 5kg,Groceries,North,4,350.0,0,1400.0,October,2023,10,4
ORD00254,2023-01-05,C0028,P008,Rice 5kg,Groceries,West,5,315.0,10,1575.0,January,2023,1,1
ORD00255,2023-01-24,C0103,P006,T-Shirt,Clothing,North,7,799.0,0,5593.0,January,2023,1,1
ORD00256,2023-07-17,C0130,P009,Cooking Oil,Groceries,West,5,200.0,0,1000.0,July,2023,7,3
ORD00257,2023-03-07,C0025,P010,Notebook,Stationery,West,10,60.0,0,600.0,March,2023,3,1
ORD00258,2023-04-12,C0155,P009,Cooking Oil,Groceries,West,6,200.0,0,1200.0,April,2023,4,2
ORD00259,2023-09-23,C0117,P003,Headphones,Electronics,South,6,2375.0,5,14250.0,September,2023,9,3
ORD00260,2023-03-25,C0101,P006,T-Shirt,Clothing,East,10,799.0,0,7990.0,March,2023,3,1
ORD00261,2023-12-29,C0145,P009,Cooking Oil,Groceries,East,9,190.0,5,1710.0,December,2023,12,4
ORD00262,2023-10-26,C0079,P006,T-Shirt,Clothing,North,2,759.05,5,1518.1,October,2023,10,4
ORD00263,2023-01-27,C0150,P010,Notebook,Stationery,West,10,60.0,0,600.0,January,2023,1,1
ORD00264,2023-12-15,C0063,P010,Notebook,Stationery,North,7,60.0,0,420.0,December,2023,12,4
ORD00265,2023-06-10,C0108,P004,Desk Chair,Furniture,South,1,7600.0,5,7600.0,June,2023,6,2
ORD00266,2023-02-01,C0181,P009,Cooking Oil,Groceries,South,10,190.0,5,1900.0,February,2023,2,1
ORD00267,2023-06-10,C0045,P008,Rice 5kg,Groceries,West,9,332.5,5,2992.5,June,2023,6,2
ORD00268,2023-09-05,C0050,P006,T-Shirt,Clothing,South,5,719.1,10,3595.5,September,2023,9,3
ORD00269,2023-04-17,C0177,P005,Study Table,Furniture,West,5,10200.0,15,51000.0,April,2023,4,2
ORD00270,2023-10-21,C0174,P005,Study Table,Furniture,West,5,12000.0,0,60000.0,October,2023,10,4
ORD00271,2023-01-22,C0074,P006,T-Shirt,Clothing,North,3,799.0,0,2397.0,January,2023,1,1
ORD00272,2023-04-14,C0138,P005,Study Table,Furniture,East,8,12000.0,0,96000.0,April,2023,4,2
ORD00273,2023-10-28,C0062,P003,Headphones,Electronics,South,2,2250.0,10,4500.0,October,2023,10,4
ORD00274,2023-02-21,C0106,P004,Desk Chair,Furniture,East,4,8000.0,0,32000.0,February,2023,2,1
ORD00275,2023-03-22,C0105,P003,Headphones,Electronics,West,1,2250.0,10,2250.0,March,2023,3,1
ORD00276,2023-11-27,C0016,P005,Study Table,Furniture,North,6,12000.0,0,72000.0,November,2023,11,4
ORD00277,2023-04-01,C0010,P001,Laptop,Electronics,West,3,42750.0,5,128250.0,April,2023,4,2
ORD00278,2023-06-02,C0146,P005,Study Table,Furniture,North,1,12000.0,0,12000.0,June,2023,6,2
ORD00279,2023-09-10,C0035,P008,Rice 5kg,Groceries,West,9,315.0,10,2835.0,September,2023,9,3
ORD00280,2023-08-23,C0166,P006,T-Shirt,Clothing,East,3,679.15,15,2037.45,August,2023,8,3
ORD00281,2023-12-12,C0194,P006,T-Shirt,Clothing,South,5,719.1,10,3595.5,December,2023,12,4
ORD00282,2023-06-17,C0023,P007,Jeans,Clothing,West,7,1349.1,10,9443.7,June,2023,6,2
ORD00283,2023-05-08,C0002,P003,Headphones,Electronics,East,8,2500.0,0,20000.0,May,2023,5,2
ORD00284,2023-10-26,C0186,P005,Study Table,Furniture,North,6,12000.0,0,72000.0,October,2023,10,4
ORD00285,2023-03-02,C0120,P004,Desk Chair,Furniture,East,1,6800.0,15,6800.0,March,2023,3,1
ORD00286,2023-06-01,C0095,P005,Study Table,Furniture,South,2,10200.0,15,20400.0,June,2023,6,2
ORD00287,2023-11-07,C0096,P003,Headphones,Electronics,West,8,2125.0,15,17000.0,November,2023,11,4
ORD00288,2023-12-15,C0194,P009,Cooking Oil,Groceries,North,4,200.0,0,800.0,December,2023,12,4
ORD00289,2023-02-27,C0016,P006,T-Shirt,Clothing,South,2,719.1,10,1438.2,February,2023,2,1
ORD00290,2023-03-01,C0175,P006,T-Shirt,Clothing,South,9,759.05,5,6831.45,March,2023,3,1
ORD00291,2023-08-21,C0034,P009,Cooking Oil,Groceries,West,8,200.0,0,1600.0,August,2023,8,3
ORD00292,2023-01-12,C0102,P008,Rice 5kg,Groceries,East,5,297.5,15,1487.5,January,2023,1,1
ORD00293,2023-08-05,C0089,P010,Notebook,Stationery,North,2,60.0,0,120.0,August,2023,8,3
ORD00294,2023-05-27,C0105,P002,Mobile Phone,Electronics,South,8,18000.0,0,144000.0,May,2023,5,2
ORD00295,2023-08-18,C0097,P007,Jeans,Clothing,West,6,1424.05,5,8544.3,August,2023,8,3
ORD00296,2023-06-28,C0031,P009,Cooking Oil,Groceries,South,3,170.0,15,510.0,June,2023,6,2
ORD00297,2023-01-12,C0077,P003,Headphones,Electronics,West,4,2500.0,0,10000.0,January,2023,1,1
ORD00298,2023-05-07,C0118,P009,Cooking Oil,Groceries,East,7,200.0,0,1400.0,May,2023,5,2
ORD00299,2023-08-03,C0158,P002,Mobile Phone,Electronics,North,1,15300.0,15,15300.0,August,2023,8,3
ORD00300,2023-11-03,C0173,P010,Notebook,Stationery,North,1,57.0,5,57.0,November,2023,11,4
ORD00301,2023-04-22,C0194,P008,Rice 5kg,Groceries,North,4,315.0,10,1260.0,April,2023,4,2
ORD00302,2023-10-23,C0154,P004,Desk Chair,Furniture,East,10,8000.0,0,80000.0,October,2023,10,4
ORD00303,2023-06-03,C0071,P009,Cooking Oil,Groceries,North,4,190.0,5,760.0,June,2023,6,2
ORD00304,2023-09-11,C0013,P003,Headphones,Electronics,East,7,2250.0,10,15750.0,September,2023,9,3
ORD00305,2023-08-02,C0105,P009,Cooking Oil,Groceries,South,6,170.0,15,1020.0,August,2023,8,3
ORD00306,2023-04-26,C0077,P009,Cooking Oil,Groceries,South,8,200.0,0,1600.0,April,2023,4,2
ORD00307,2023-10-13,C0136,P009,Cooking Oil,Groceries,South,7,190.0,5,1330.0,October,2023,10,4
ORD00308,2023-07-09,C0024,P006,T-Shirt,Clothing,South,2,759.05,5,1518.1,July,2023,7,3
ORD00309,2023-02-07,C0049,P010,Notebook,Stationery,South,10,60.0,0,600.0,February,2023,2,1
ORD00310,2023-04-19,C0049,P006,T-Shirt,Clothing,North,5,799.0,0,3995.0,April,2023,4,2
ORD00311,2023-04-15,C0102,P004,Desk Chair,Furniture,South,10,6800.0,15,68000.0,April,2023,4,2
ORD00312,2023-11-29,C0092,P007,Jeans,Clothing,East,8,1349.1,10,10792.8,November,2023,11,4
ORD00313,2023-08-29,C0195,P008,Rice 5kg,Groceries,East,8,350.0,0,2800.0,August,2023,8,3
ORD00315,2023-08-02,C0076,P010,Notebook,Stationery,South,10,51.0,15,510.0,August,2023,8,3
ORD00316,2023-10-09,C0168,P010,Notebook,Stationery,East,4,57.0,5,228.0,October,2023,10,4
ORD00317,2023-06-30,C0044,P008,Rice 5kg,Groceries,South,8,350.0,0,2800.0,June,2023,6,2
ORD00318,2023-01-18,C0020,P009,Cooking Oil,Groceries,North,1,180.0,10,180.0,January,2023,1,1
ORD00319,2023-03-19,C0003,P004,Desk Chair,Furniture,South,2,6800.0,15,13600.0,March,2023,3,1
ORD00322,2023-02-19,C0135,P007,Jeans,Clothing,South,3,1499.0,0,4497.0,February,2023,2,1
ORD00323,2023-07-23,C0021,P005,Study Table,Furniture,East,6,12000.0,0,72000.0,July,2023,7,3
ORD00324,2023-12-17,C0021,P004,Desk Chair,Furniture,North,4,8000.0,0,32000.0,December,2023,12,4
ORD00325,2023-11-23,C0003,P009,Cooking Oil,Groceries,South,8,200.0,0,1600.0,November,2023,11,4
ORD00326,2023-09-28,C0011,P006,T-Shirt,Clothing,South,10,799.0,0,7990.0,September,2023,9,3
ORD00327,2023-01-24,C0020,P010,Notebook,Stationery,East,8,60.0,0,480.0,January,2023,1,1
ORD00328,2023-01-09,C0054,P001,Laptop,Electronics,South,3,45000.0,0,135000.0,January,2023,1,1
ORD00329,2023-03-25,C0145,P007,Jeans,Clothing,South,2,1499.0,0,2998.0,March,2023,3,1
ORD00330,2023-03-13,C0177,P009,Cooking Oil,Groceries,North,6,190.0,5,1140.0,March,2023,3,1
ORD00331,2023-04-29,C0020,P001,Laptop,Electronics,East,2,42750.0,5,85500.0,April,2023,4,2
ORD00332,2023-01-16,C0163,P010,Notebook,Stationery,East,7,60.0,0,420.0,January,2023,1,1
ORD00333,2023-07-12,C0111,P004,Desk Chair,Furniture,South,6,7200.0,10,43200.0,July,2023,7,3
ORD00334,2023-05-07,C0183,P002,Mobile Phone,Electronics,North,10,18000.0,0,180000.0,May,2023,5,2
ORD00336,2023-03-09,C0023,P006,T-Shirt,Clothing,South,5,799.0,0,3995.0,March,2023,3,1
ORD00337,2023-01-14,C0023,P009,Cooking Oil,Groceries,East,7,200.0,0,1400.0,January,2023,1,1
ORD00338,2023-05-30,C0106,P006,T-Shirt,Clothing,West,7,799.0,0,5593.0,May,2023,5,2
ORD00339,2023-09-24,C0044,P009,Cooking Oil,Groceries,West,4,180.0,10,720.0,September,2023,9,3
ORD00340,2023-02-02,C0043,P005,Study Table,Furniture,West,8,12000.0,0,96000.0,February,2023,2,1
ORD00341,2023-05-07,C0185,P002,Mobile Phone,Electronics,West,6,18000.0,0,108000.0,May,2023,5,2
ORD00342,2023-01-04,C0102,P002,Mobile Phone,Electronics,East,3,18000.0,0,54000.0,January,2023,1,1
ORD00343,2023-08-09,C0167,P006,T-Shirt,Clothing,South,8,799.0,0,6392.0,August,2023,8,3
ORD00344,2023-04-01,C0102,P004,Desk Chair,Furniture,East,8,8000.0,0,64000.0,April,2023,4,2
ORD00345,2023-06-16,C0097,P008,Rice 5kg,Groceries,East,10,350.0,0,3500.0,June,2023,6,2
ORD00346,2023-10-31,C0140,P002,Mobile Phone,Electronics,South,10,18000.0,0,180000.0,October,2023,10,4
ORD00347,2023-05-30,C0178,P008,Rice 5kg,Groceries,North,4,332.5,5,1330.0,May,2023,5,2
ORD00348,2023-11-21,C0078,P007,Jeans,Clothing,South,8,1499.0,0,11992.0,November,2023,11,4
ORD00349,2023-08-18,C0154,P007,Jeans,Clothing,West,7,1499.0,0,10493.0,August,2023,8,3
ORD00350,2023-07-04,C0180,P007,Jeans,Clothing,North,9,1499.0,0,13491.0,July,2023,7,3
ORD00351,2023-11-10,C0012,P006,T-Shirt,Clothing,West,3,679.15,15,2037.45,November,2023,11,4
ORD00352,2023-02-20,C0067,P007,Jeans,Clothing,South,2,1499.0,0,2998.0,February,2023,2,1
ORD00353,2023-08-17,C0096,P010,Notebook,Stationery,West,10,60.0,0,600.0,August,2023,8,3
ORD00354,2023-01-13,C0124,P009,Cooking Oil,Groceries,North,3,200.0,0,600.0,January,2023,1,1
ORD00355,2023-03-14,C0090,P002,Mobile Phone,Electronics,East,2,15300.0,15,30600.0,March,2023,3,1
ORD00356,2023-09-01,C0025,P009,Cooking Oil,Groceries,West,8,200.0,0,1600.0,September,2023,9,3
ORD00357,2023-12-30,C0030,P002,Mobile Phone,Electronics,North,5,18000.0,0,90000.0,December,2023,12,4
ORD00358,2023-03-31,C0142,P003,Headphones,Electronics,South,4,2250.0,10,9000.0,March,2023,3,1
ORD00359,2023-11-19,C0048,P008,Rice 5kg,Groceries,South,4,332.5,5,1330.0,November,2023,11,4
ORD00360,2023-08-19,C0152,P001,Laptop,Electronics,West,10,45000.0,0,450000.0,August,2023,8,3
ORD00361,2023-02-02,C0148,P004,Desk Chair,Furniture,North,5,6800.0,15,34000.0,February,2023,2,1
ORD00362,2023-08-23,C0030,P006,T-Shirt,Clothing,East,6,799.0,0,4794.0,August,2023,8,3
ORD00363,2023-11-09,C0101,P006,T-Shirt,Clothing,North,10,759.05,5,7590.5,November,2023,11,4
ORD00364,2023-12-28,C0077,P010,Notebook,Stationery,North,3,51.0,15,153.0,December,2023,12,4
ORD00365,2023-04-04,C0096,P004,Desk Chair,Furniture,South,5,8000.0,0,40000.0,April,2023,4,2
ORD00366,2023-08-05,C0048,P003,Headphones,Electronics,West,10,2375.0,5,23750.0,August,2023,8,3
ORD00367,2023-09-08,C0074,P003,Headphones,Electronics,South,9,2500.0,0,22500.0,September,2023,9,3
ORD00368,2023-01-05,C0125,P010,Notebook,Stationery,South,1,60.0,0,60.0,January,2023,1,1
ORD00369,2023-09-11,C0105,P009,Cooking Oil,Groceries,West,9,170.0,15,1530.0,September,2023,9,3
ORD00370,2023-10-17,C0008,P008,Rice 5kg,Groceries,South,3,350.0,0,1050.0,October,2023,10,4
ORD00371,2023-08-23,C0145,P009,Cooking Oil,Groceries,West,5,200.0,0,1000.0,August,2023,8,3
ORD00372,2023-07-07,C0139,P002,Mobile Phone,Electronics,North,5,16200.0,10,81000.0,July,2023,7,3
ORD00373,2023-12-01,C0193,P004,Desk Chair,Furniture,South,7,8000.0,0,56000.0,December,2023,12,4
ORD00374,2023-02-14,C0113,P008,Rice 5kg,Groceries,North,5,350.0,0,1750.0,February,2023,2,1
ORD00375,2023-11-09,C0162,P010,Notebook,Stationery,West,6,51.0,15,306.0,November,2023,11,4
ORD00376,2023-10-19,C0090,P004,Desk Chair,Furniture,East,4,8000.0,0,32000.0,October,2023,10,4
ORD00377,2023-05-17,C0132,P005,Study Table,Furniture,North,5,10800.0,10,54000.0,May,2023,5,2
ORD00378,2023-12-02,C0033,P007,Jeans,Clothing,South,1,1499.0,0,1499.0,December,2023,12,4
ORD00379,2023-03-14,C0148,P004,Desk Chair,Furniture,East,7,7600.0,5,53200.0,March,2023,3,1
ORD00380,2023-09-21,C0192,P002,Mobile Phone,Electronics,East,2,17100.0,5,34200.0,September,2023,9,3
ORD00381,2023-10-25,C0001,P008,Rice 5kg,Groceries,North,8,350.0,0,2800.0,October,2023,10,4
ORD00382,2023-07-23,C0056,P006,T-Shirt,Clothing,West,2,719.1,10,1438.2,July,2023,7,3
ORD00383,2023-10-08,C0148,P006,T-Shirt,Clothing,South,5,799.0,0,3995.0,October,2023,10,4
ORD00385,2023-01-01,C0110,P003,Headphones,Electronics,South,8,2375.0,5,19000.0,January,2023,1,1
ORD00386,2023-02-17,C0168,P005,Study Table,Furniture,East,3,12000.0,0,36000.0,February,2023,2,1
ORD00387,2023-11-17,C0079,P003,Headphones,Electronics,South,1,2375.0,5,2375.0,November,2023,11,4
ORD00388,2023-09-02,C0020,P002,Mobile Phone,Electronics,South,1,18000.0,0,18000.0,September,2023,9,3
ORD00389,2023-12-23,C0088,P008,Rice 5kg,Groceries,North,1,350.0,0,350.0,December,2023,12,4
ORD00390,2023-04-28,C0099,P003,Headphones,Electronics,North,8,2500.0,0,20000.0,April,2023,4,2
ORD00391,2023-03-12,C0098,P006,T-Shirt,Clothing,South,6,799.0,0,4794.0,March,2023,3,1
ORD00392,2023-01-05,C0157,P002,Mobile Phone,Electronics,South,9,16200.0,10,145800.0,January,2023,1,1
ORD00393,2023-12-18,C0114,P003,Headphones,Electronics,South,7,2250.0,10,15750.0,December,2023,12,4
ORD00394,2023-07-16,C0090,P002,Mobile Phone,Electronics,West,10,15300.0,15,153000.0,July,2023,7,3
ORD00395,2023-10-11,C0154,P005,Study Table,Furniture,East,2,12000.0,0,24000.0,October,2023,10,4
ORD00396,2023-11-07,C0131,P005,Study Table,Furniture,South,4,10800.0,10,43200.0,November,2023,11,4
ORD00397,2023-07-17,C0029,P001,Laptop,Electronics,South,4,42750.0,5,171000.0,July,2023,7,3
ORD00398,2023-06-12,C0034,P009,Cooking Oil,Groceries,West,1,200.0,0,200.0,June,2023,6,2
ORD00399,2023-03-30,C0196,P006,T-Shirt,Clothing,West,9,679.15,15,6112.35,March,2023,3,1
ORD00400,2023-01-08,C0068,P001,Laptop,Electronics,South,10,45000.0,0,450000.0,January,2023,1,1
ORD00401,2023-11-18,C0183,P007,Jeans,Clothing,West,9,1499.0,0,13491.0,November,2023,11,4
ORD00402,2023-03-20,C0072,P009,Cooking Oil,Groceries,North,9,180.0,10,1620.0,March,2023,3,1
ORD00403,2023-06-17,C0101,P004,Desk Chair,Furniture,North,3,7200.0,10,21600.0,June,2023,6,2
ORD00404,2023-02-14,C0112,P004,Desk Chair,Furniture,North,1,8000.0,0,8000.0,February,2023,2,1
ORD00405,2023-01-07,C0182,P005,Study Table,Furniture,South,3,12000.0,0,36000.0,January,2023,1,1
ORD00406,2023-05-13,C0043,P006,T-Shirt,Clothing,East,9,719.1,10,6471.9,May,2023,5,2
ORD00407,2023-06-21,C0110,P005,Study Table,Furniture,East,2,12000.0,0,24000.0,June,2023,6,2
ORD00408,2023-08-22,C0131,P010,Notebook,Stationery,East,2,57.0,5,114.0,August,2023,8,3
ORD00409,2023-05-11,C0198,P003,Headphones,Electronics,North,6,2500.0,0,15000.0,May,2023,5,2
ORD00410,2023-09-18,C0001,P002,Mobile Phone,Electronics,North,4,15300.0,15,61200.0,September,2023,9,3
ORD00411,2023-07-16,C0039,P001,Laptop,Electronics,South,8,45000.0,0,360000.0,July,2023,7,3
ORD00412,2023-06-14,C0064,P009,Cooking Oil,Groceries,West,7,200.0,0,1400.0,June,2023,6,2
ORD00413,2023-03-03,C0129,P002,Mobile Phone,Electronics,North,10,18000.0,0,180000.0,March,2023,3,1
ORD00414,2023-08-27,C0073,P001,Laptop,Electronics,East,7,45000.0,0,315000.0,August,2023,8,3
ORD00415,2023-05-30,C0145,P001,Laptop,Electronics,East,6,45000.0,0,270000.0,May,2023,5,2
ORD00416,2023-04-11,C0188,P006,T-Shirt,Clothing,South,10,759.05,5,7590.5,April,2023,4,2
ORD00417,2023-06-27,C0163,P001,Laptop,Electronics,North,4,40500.0,10,162000.0,June,2023,6,2
ORD00418,2023-04-16,C0136,P007,Jeans,Clothing,South,5,1499.0,0,7495.0,April,2023,4,2
ORD00419,2023-01-23,C0060,P003,Headphones,Electronics,West,5,2500.0,0,12500.0,January,2023,1,1
ORD00420,2023-09-16,C0035,P002,Mobile Phone,Electronics,West,10,18000.0,0,180000.0,September,2023,9,3
ORD00421,2023-05-30,C0067,P007,Jeans,Clothing,East,3,1499.0,0,4497.0,May,2023,5,2
ORD00422,2023-05-20,C0060,P006,T-Shirt,Clothing,North,6,759.05,5,4554.3,May,2023,5,2
ORD00423,2023-02-24,C0043,P010,Notebook,Stationery,West,2,60.0,0,120.0,February,2023,2,1
ORD00424,2023-08-20,C0079,P009,Cooking Oil,Groceries,West,6,200.0,0,1200.0,August,2023,8,3
ORD00425,2023-12-23,C0155,P003,Headphones,Electronics,North,5,2125.0,15,10625.0,December,2023,12,4
ORD00426,2023-05-08,C0092,P003,Headphones,Electronics,West,2,2125.0,15,4250.0,May,2023,5,2
ORD00427,2023-07-27,C0116,P005,Study Table,Furniture,South,3,12000.0,0,36000.0,July,2023,7,3
ORD00428,2023-02-01,C0200,P003,Headphones,Electronics,South,2,2500.0,0,5000.0,February,2023,2,1
ORD00430,2023-06-19,C0032,P008,Rice 5kg,Groceries,North,3,350.0,0,1050.0,June,2023,6,2
ORD00431,2023-07-22,C0128,P010,Notebook,Stationery,North,7,51.0,15,357.0,July,2023,7,3
ORD00432,2023-05-21,C0072,P006,T-Shirt,Clothing,West,4,799.0,0,3196.0,May,2023,5,2
ORD00433,2023-11-28,C0076,P010,Notebook,Stationery,West,10,60.0,0,600.0,November,2023,11,4
ORD00434,2023-07-16,C0036,P001,Laptop,Electronics,West,2,45000.0,0,90000.0,July,2023,7,3
ORD00435,2023-10-06,C0005,P009,Cooking Oil,Groceries,West,4,170.0,15,680.0,October,2023,10,4
ORD00436,2023-10-17,C0129,P009,Cooking Oil,Groceries,East,8,200.0,0,1600.0,October,2023,10,4
ORD00437,2023-01-16,C0200,P006,T-Shirt,Clothing,East,10,799.0,0,7990.0,January,2023,1,1
ORD00438,2023-04-30,C0041,P009,Cooking Oil,Groceries,North,6,180.0,10,1080.0,April,2023,4,2
ORD00439,2023-10-22,C0100,P009,Cooking Oil,Groceries,East,1,200.0,0,200.0,October,2023,10,4
ORD00440,2023-10-31,C0082,P003,Headphones,Electronics,East,3,2500.0,0,7500.0,October,2023,10,4
ORD00441,2023-03-14,C0145,P006,T-Shirt,Clothing,South,10,719.1,10,7191.0,March,2023,3,1
ORD00442,2023-03-31,C0126,P008,Rice 5kg,Groceries,North,9,350.0,0,3150.0,March,2023,3,1
ORD00443,2023-09-02,C0001,P004,Desk Chair,Furniture,East,1,7200.0,10,7200.0,September,2023,9,3
ORD00445,2023-07-06,C0019,P003,Headphones,Electronics,East,2,2250.0,10,4500.0,July,2023,7,3
ORD00446,2023-06-04,C0083,P010,Notebook,Stationery,South,2,60.0,0,120.0,June,2023,6,2
ORD00447,2023-06-12,C0045,P007,Jeans,Clothing,East,8,1274.15,15,10193.2,June,2023,6,2
ORD00448,2023-12-19,C0076,P003,Headphones,Electronics,South,7,2500.0,0,17500.0,December,2023,12,4
ORD00449,2023-01-17,C0047,P010,Notebook,Stationery,East,7,54.0,10,378.0,January,2023,1,1
ORD00450,2023-09-12,C0037,P004,Desk Chair,Furniture,East,10,8000.0,0,80000.0,September,2023,9,3
ORD00451,2023-02-15,C0182,P006,T-Shirt,Clothing,East,3,679.15,15,2037.45,February,2023,2,1
ORD00452,2023-05-12,C0028,P004,Desk Chair,Furniture,North,2,8000.0,0,16000.0,May,2023,5,2
ORD00453,2023-09-10,C0097,P007,Jeans,Clothing,East,3,1424.05,5,4272.15,September,2023,9,3
ORD00454,2023-12-18,C0058,P008,Rice 5kg,Groceries,South,10,297.5,15,2975.0,December,2023,12,4
ORD00455,2023-06-13,C0067,P001,Laptop,Electronics,North,5,45000.0,0,225000.0,June,2023,6,2
ORD00456,2023-02-08,C0141,P007,Jeans,Clothing,North,3,1274.15,15,3822.45,February,2023,2,1
ORD00457,2023-12-01,C0043,P008,Rice 5kg,Groceries,West,1,332.5,5,332.5,December,2023,12,4
ORD00458,2023-12-23,C0142,P004,Desk Chair,Furniture,East,4,7600.0,5,30400.0,December,2023,12,4
ORD00459,2023-10-20,C0141,P002,Mobile Phone,Electronics,West,1,17100.0,5,17100.0,October,2023,10,4
ORD00460,2023-12-05,C0161,P007,Jeans,Clothing,West,2,1499.0,0,2998.0,December,2023,12,4
ORD00461,2023-08-31,C0030,P003,Headphones,Electronics,East,5,2500.0,0,12500.0,August,2023,8,3
ORD00462,2023-10-06,C0100,P005,Study Table,Furniture,South,2,10200.0,15,20400.0,October,2023,10,4
ORD00463,2023-05-15,C0113,P003,Headphones,Electronics,West,8,2500.0,0,20000.0,May,2023,5,2
ORD00464,2023-12-23,C0171,P010,Notebook,Stationery,North,1,60.0,0,60.0,December,2023,12,4
ORD00465,2023-04-27,C0142,P009,Cooking Oil,Groceries,North,7,180.0,10,1260.0,April,2023,4,2
ORD00466,2023-09-01,C0147,P007,Jeans,Clothing,South,9,1274.15,15,11467.35,September,2023,9,3
ORD00467,2023-09-22,C0147,P001,Laptop,Electronics,South,9,40500.0,10,364500.0,September,2023,9,3
ORD00468,2023-04-09,C0033,P003,Headphones,Electronics,North,3,2500.0,0,7500.0,April,2023,4,2
ORD00469,2023-03-17,C0153,P007,Jeans,Clothing,East,4,1274.15,15,5096.6,March,2023,3,1
ORD00470,2023-10-12,C0102,P002,Mobile Phone,Electronics,East,2,17100.0,5,34200.0,October,2023,10,4
ORD00471,2023-09-25,C0108,P001,Laptop,Electronics,North,10,40500.0,10,405000.0,September,2023,9,3
ORD00472,2023-02-24,C0145,P010,Notebook,Stationery,North,10,60.0,0,600.0,February,2023,2,1
ORD00473,2023-07-16,C0168,P006,T-Shirt,Clothing,West,7,799.0,0,5593.0,July,2023,7,3
ORD00474,2023-03-15,C0159,P003,Headphones,Electronics,West,5,2375.0,5,11875.0,March,2023,3,1
ORD00476,2023-09-09,C0179,P005,Study Table,Furniture,North,5,12000.0,0,60000.0,September,2023,9,3
ORD00477,2023-05-18,C0187,P005,Study Table,Furniture,West,8,12000.0,0,96000.0,May,2023,5,2
ORD00478,2023-09-06,C0195,P008,Rice 5kg,Groceries,East,4,332.5,5,1330.0,September,2023,9,3
ORD00479,2023-12-30,C0130,P003,Headphones,Electronics,West,2,2500.0,0,5000.0,December,2023,12,4
ORD00480,2023-04-09,C0052,P010,Notebook,Stationery,North,1,60.0,0,60.0,April,2023,4,2
ORD00481,2023-07-08,C0119,P006,T-Shirt,Clothing,West,4,799.0,0,3196.0,July,2023,7,3
ORD00482,2023-09-08,C0153,P001,Laptop,Electronics,West,4,45000.0,0,180000.0,September,2023,9,3
ORD00483,2023-06-26,C0042,P010,Notebook,Stationery,East,9,60.0,0,540.0,June,2023,6,2
ORD00484,2023-01-26,C0042,P005,Study Table,Furniture,South,1,11400.0,5,11400.0,January,2023,1,1
ORD00485,2023-07-29,C0132,P004,Desk Chair,Furniture,North,5,6800.0,15,34000.0,July,2023,7,3
ORD00486,2023-11-28,C0045,P001,Laptop,Electronics,North,8,45000.0,0,360000.0,November,2023,11,4
ORD00487,2023-07-12,C0090,P005,Study Table,Furniture,West,5,11400.0,5,57000.0,July,2023,7,3
ORD00488,2023-10-27,C0027,P009,Cooking Oil,Groceries,North,10,190.0,5,1900.0,October,2023,10,4
ORD00489,2023-11-01,C0156,P006,T-Shirt,Clothing,East,9,679.15,15,6112.35,November,2023,11,4
ORD00490,2023-11-24,C0084,P002,Mobile Phone,Electronics,East,6,18000.0,0,108000.0,November,2023,11,4
ORD00491,2023-09-22,C0196,P005,Study Table,Furniture,South,4,12000.0,0,48000.0,September,2023,9,3
ORD00492,2023-06-13,C0175,P010,Notebook,Stationery,South,7,51.0,15,357.0,June,2023,6,2
ORD00493,2023-07-27,C0100,P005,Study Table,Furniture,North,5,11400.0,5,57000.0,July,2023,7,3
ORD00494,2023-04-24,C0176,P004,Desk Chair,Furniture,West,6,6800.0,15,40800.0,April,2023,4,2
ORD00495,2023-12-03,C0143,P009,Cooking Oil,Groceries,South,5,200.0,0,1000.0,December,2023,12,4
ORD00496,2023-12-15,C0086,P005,Study Table,Furniture,North,9,12000.0,0,108000.0,December,2023,12,4
ORD00497,2023-07-10,C0067,P005,Study Table,Furniture,East,7,12000.0,0,84000.0,July,2023,7,3
ORD00498,2023-11-14,C0019,P001,Laptop,Electronics,West,10,40500.0,10,405000.0,November,2023,11,4
ORD00499,2023-07-31,C0014,P007,Jeans,Clothing,South,9,1499.0,0,13491.0,July,2023,7,3
ORD00500,2023-03-15,C0081,P007,Jeans,Clothing,South,10,1424.05,5,14240.5,March,2023,3,1
ORD00501,2023-01-30,C0002,P003,Headphones,Electronics,West,6,2125.0,15,12750.0,January,2023,1,1
ORD00502,2023-09-08,C0196,P003,Headphones,Electronics,North,10,2500.0,0,25000.0,September,2023,9,3
ORD00503,2023-09-02,C0099,P007,Jeans,Clothing,North,7,1424.05,5,9968.35,September,2023,9,3
ORD00504,2023-09-29,C0049,P006,T-Shirt,Clothing,North,1,799.0,0,799.0,September,2023,9,3
ORD00505,2023-06-26,C0080,P004,Desk Chair,Furniture,South,4,6800.0,15,27200.0,June,2023,6,2
ORD00506,2023-01-24,C0077,P005,Study Table,Furniture,East,3,12000.0,0,36000.0,January,2023,1,1
ORD00507,2023-12-18,C0035,P009,Cooking Oil,Groceries,East,6,190.0,5,1140.0,December,2023,12,4
ORD00508,2023-01-10,C0059,P004,Desk Chair,Furniture,South,3,7600.0,5,22800.0,January,2023,1,1
ORD00509,2023-03-28,C0032,P001,Laptop,Electronics,East,10,40500.0,10,405000.0,March,2023,3,1
ORD00510,2023-11-16,C0013,P007,Jeans,Clothing,North,5,1349.1,10,6745.5,November,2023,11,4
ORD00511,2023-03-01,C0107,P001,Laptop,Electronics,West,1,38250.0,15,38250.0,March,2023,3,1
ORD00512,2023-12-22,C0176,P008,Rice 5kg,Groceries,North,3,350.0,0,1050.0,December,2023,12,4
ORD00513,2023-11-07,C0180,P009,Cooking Oil,Groceries,South,5,180.0,10,900.0,November,2023,11,4
ORD00514,2023-05-25,C0030,P009,Cooking Oil,Groceries,North,10,200.0,0,2000.0,May,2023,5,2
ORD00515,2023-07-03,C0181,P005,Study Table,Furniture,West,9,12000.0,0,108000.0,July,2023,7,3
ORD00517,2023-09-10,C0039,P002,Mobile Phone,Electronics,North,10,15300.0,15,153000.0,September,2023,9,3
ORD00518,2023-04-29,C0117,P002,Mobile Phone,Electronics,East,5,15300.0,15,76500.0,April,2023,4,2
ORD00519,2023-07-04,C0174,P003,Headphones,Electronics,East,1,2500.0,0,2500.0,July,2023,7,3
ORD00520,2023-12-06,C0166,P001,Laptop,Electronics,South,1,45000.0,0,45000.0,December,2023,12,4
ORD00521,2023-02-17,C0096,P010,Notebook,Stationery,East,5,51.0,15,255.0,February,2023,2,1
ORD00522,2023-12-20,C0123,P008,Rice 5kg,Groceries,West,5,332.5,5,1662.5,December,2023,12,4
ORD00523,2023-01-31,C0041,P002,Mobile Phone,Electronics,North,3,15300.0,15,45900.0,January,2023,1,1
ORD00524,2023-11-09,C0098,P010,Notebook,Stationery,East,8,60.0,0,480.0,November,2023,11,4
ORD00525,2023-02-27,C0106,P003,Headphones,Electronics,West,8,2375.0,5,19000.0,February,2023,2,1
ORD00526,2023-12-14,C0135,P006,T-Shirt,Clothing,South,1,679.15,15,679.15,December,2023,12,4
ORD00527,2023-12-19,C0180,P006,T-Shirt,Clothing,North,9,719.1,10,6471.9,December,2023,12,4
ORD00528,2023-12-13,C0165,P008,Rice 5kg,Groceries,West,6,297.5,15,1785.0,December,2023,12,4
ORD00529,2023-11-26,C0041,P010,Notebook,Stationery,West,1,60.0,0,60.0,November,2023,11,4
ORD00530,2023-05-04,C0085,P002,Mobile Phone,Electronics,East,8,18000.0,0,144000.0,May,2023,5,2
ORD00531,2023-02-10,C0118,P007,Jeans,Clothing,West,7,1499.0,0,10493.0,February,2023,2,1
ORD00532,2023-03-02,C0128,P008,Rice 5kg,Groceries,North,8,350.0,0,2800.0,March,2023,3,1
ORD00533,2023-02-16,C0155,P009,Cooking Oil,Groceries,East,9,200.0,0,1800.0,February,2023,2,1
ORD00534,2023-01-28,C0058,P008,Rice 5kg,Groceries,West,6,350.0,0,2100.0,January,2023,1,1
ORD00535,2023-12-03,C0094,P010,Notebook,Stationery,West,8,51.0,15,408.0,December,2023,12,4
ORD00536,2023-07-01,C0163,P004,Desk Chair,Furniture,East,1,8000.0,0,8000.0,July,2023,7,3
ORD00537,2023-09-10,C0036,P002,Mobile Phone,Electronics,West,1,18000.0,0,18000.0,September,2023,9,3
ORD00538,2023-04-21,C0118,P004,Desk Chair,Furniture,South,2,7600.0,5,15200.0,April,2023,4,2
ORD00539,2023-12-11,C0151,P007,Jeans,Clothing,North,1,1274.15,15,1274.15,December,2023,12,4
ORD00540,2023-09-13,C0002,P010,Notebook,Stationery,North,9,60.0,0,540.0,September,2023,9,3
ORD00541,2023-04-01,C0178,P010,Notebook,Stationery,South,8,54.0,10,432.0,April,2023,4,2
ORD00542,2023-06-14,C0130,P007,Jeans,Clothing,West,10,1349.1,10,13491.0,June,2023,6,2
ORD00543,2023-06-25,C0076,P004,Desk Chair,Furniture,West,5,7600.0,5,38000.0,June,2023,6,2
ORD00544,2023-12-26,C0141,P010,Notebook,Stationery,East,9,60.0,0,540.0,December,2023,12,4
ORD00545,2023-11-16,C0183,P004,Desk Chair,Furniture,East,4,8000.0,0,32000.0,November,2023,11,4
ORD00546,2023-10-05,C0178,P003,Headphones,Electronics,East,3,2250.0,10,6750.0,October,2023,10,4
ORD00547,2023-10-20,C0171,P009,Cooking Oil,Groceries,West,8,180.0,10,1440.0,October,2023,10,4
ORD00549,2023-03-24,C0074,P001,Laptop,Electronics,East,4,45000.0,0,180000.0,March,2023,3,1
ORD00550,2023-01-17,C0092,P005,Study Table,Furniture,West,4,10800.0,10,43200.0,January,2023,1,1
ORD00551,2023-11-28,C0144,P009,Cooking Oil,Groceries,West,4,170.0,15,680.0,November,2023,11,4
ORD00552,2023-07-18,C0107,P005,Study Table,Furniture,East,1,11400.0,5,11400.0,July,2023,7,3
ORD00553,2023-08-15,C0058,P005,Study Table,Furniture,East,4,10800.0,10,43200.0,August,2023,8,3
ORD00554,2023-04-10,C0076,P010,Notebook,Stationery,West,4,51.0,15,204.0,April,2023,4,2
ORD00555,2023-09-21,C0031,P003,Headphones,Electronics,West,3,2125.0,15,6375.0,September,2023,9,3
ORD00556,2023-10-27,C0066,P005,Study Table,Furniture,North,3,12000.0,0,36000.0,October,2023,10,4
ORD00557,2023-06-15,C0153,P003,Headphones,Electronics,North,1,2500.0,0,2500.0,June,2023,6,2
ORD00558,2023-10-09,C0092,P005,Study Table,Furniture,North,8,10800.0,10,86400.0,October,2023,10,4
ORD00559,2023-02-04,C0130,P004,Desk Chair,Furniture,South,3,7200.0,10,21600.0,February,2023,2,1
ORD00560,2023-04-20,C0170,P002,Mobile Phone,Electronics,East,6,18000.0,0,108000.0,April,2023,4,2
ORD00561,2023-10-15,C0193,P010,Notebook,Stationery,North,9,57.0,5,513.0,October,2023,10,4
ORD00562,2023-05-05,C0011,P004,Desk Chair,Furniture,East,10,7200.0,10,72000.0,May,2023,5,2
ORD00564,2023-08-17,C0125,P006,T-Shirt,Clothing,North,9,719.1,10,6471.9,August,2023,8,3
ORD00565,2023-02-19,C0043,P006,T-Shirt,Clothing,North,9,799.0,0,7191.0,February,2023,2,1
ORD00566,2023-04-16,C0138,P004,Desk Chair,Furniture,West,7,8000.0,0,56000.0,April,2023,4,2
ORD00567,2023-06-19,C0010,P003,Headphones,Electronics,North,1,2375.0,5,2375.0,June,2023,6,2
ORD00568,2023-10-22,C0059,P005,Study Table,Furniture,East,9,12000.0,0,108000.0,October,2023,10,4
ORD00569,2023-01-09,C0100,P007,Jeans,Clothing,North,7,1499.0,0,10493.0,January,2023,1,1
ORD00570,2023-10-27,C0012,P010,Notebook,Stationery,North,2,51.0,15,102.0,October,2023,10,4
ORD00571,2023-02-14,C0073,P005,Study Table,Furniture,West,5,10800.0,10,54000.0,February,2023,2,1
ORD00572,2023-10-01,C0057,P001,Laptop,Electronics,South,8,45000.0,0,360000.0,October,2023,10,4
ORD00573,2023-03-15,C0077,P009,Cooking Oil,Groceries,East,5,170.0,15,850.0,March,2023,3,1
ORD00574,2023-01-22,C0002,P009,Cooking Oil,Groceries,West,3,200.0,0,600.0,January,2023,1,1
ORD00575,2023-06-26,C0055,P005,Study Table,Furniture,West,4,10200.0,15,40800.0,June,2023,6,2
ORD00576,2023-04-24,C0158,P003,Headphones,Electronics,East,3,2500.0,0,7500.0,April,2023,4,2
ORD00577,2023-08-25,C0166,P010,Notebook,Stationery,North,1,54.0,10,54.0,August,2023,8,3
ORD00578,2023-10-25,C0125,P002,Mobile Phone,Electronics,East,4,15300.0,15,61200.0,October,2023,10,4
ORD00579,2023-11-14,C0018,P004,Desk Chair,Furniture,South,2,8000.0,0,16000.0,November,2023,11,4
ORD00580,2023-10-27,C0040,P010,Notebook,Stationery,East,5,51.0,15,255.0,October,2023,10,4
ORD00581,2023-05-07,C0057,P003,Headphones,Electronics,West,1,2500.0,0,2500.0,May,2023,5,2
ORD00582,2023-08-17,C0092,P006,T-Shirt,Clothing,East,8,759.05,5,6072.4,August,2023,8,3
ORD00583,2023-03-13,C0138,P010,Notebook,Stationery,South,2,60.0,0,120.0,March,2023,3,1
ORD00584,2023-09-17,C0162,P002,Mobile Phone,Electronics,North,2,18000.0,0,36000.0,September,2023,9,3
ORD00585,2023-10-10,C0067,P010,Notebook,Stationery,West,4,60.0,0,240.0,October,2023,10,4
ORD00586,2023-05-29,C0035,P007,Jeans,Clothing,West,4,1349.1,10,5396.4,May,2023,5,2
ORD00587,2023-12-06,C0062,P006,T-Shirt,Clothing,South,9,799.0,0,7191.0,December,2023,12,4
ORD00588,2023-10-17,C0169,P003,Headphones,Electronics,South,3,2250.0,10,6750.0,October,2023,10,4
ORD00589,2023-09-07,C0060,P006,T-Shirt,Clothing,North,1,799.0,0,799.0,September,2023,9,3
ORD00590,2023-07-18,C0121,P004,Desk Chair,Furniture,West,9,8000.0,0,72000.0,July,2023,7,3
ORD00591,2023-09-24,C0163,P006,T-Shirt,Clothing,East,2,679.15,15,1358.3,September,2023,9,3
ORD00592,2023-07-12,C0168,P009,Cooking Oil,Groceries,West,10,200.0,0,2000.0,July,2023,7,3
ORD00593,2023-07-12,C0058,P002,Mobile Phone,Electronics,West,9,18000.0,0,162000.0,July,2023,7,3
ORD00594,2023-01-04,C0129,P008,Rice 5kg,Groceries,South,8,315.0,10,2520.0,January,2023,1,1
ORD00595,2023-03-18,C0048,P009,Cooking Oil,Groceries,South,5,200.0,0,1000.0,March,2023,3,1
ORD00596,2023-06-19,C0185,P002,Mobile Phone,Electronics,North,4,17100.0,5,68400.0,June,2023,6,2
ORD00597,2023-11-28,C0106,P004,Desk Chair,Furniture,North,10,8000.0,0,80000.0,November,2023,11,4
ORD00598,2023-11-19,C0132,P010,Notebook,Stationery,North,3,60.0,0,180.0,November,2023,11,4
ORD00599,2023-09-22,C0104,P003,Headphones,Electronics,North,5,2500.0,0,12500.0,September,2023,9,3
ORD00600,2023-08-18,C0156,P005,Study Table,Furniture,West,2,12000.0,0,24000.0,August,2023,8,3
ORD00601,2023-10-26,C0197,P007,Jeans,Clothing,South,10,1499.0,0,14990.0,October,2023,10,4
ORD00602,2023-11-02,C0152,P003,Headphones,Electronics,North,6,2375.0,5,14250.0,November,2023,11,4
ORD00603,2023-09-25,C0130,P002,Mobile Phone,Electronics,West,1,18000.0,0,18000.0,September,2023,9,3
ORD00604,2023-11-04,C0010,P003,Headphones,Electronics,North,8,2250.0,10,18000.0,November,2023,11,4
ORD00605,2023-12-14,C0167,P010,Notebook,Stationery,West,9,60.0,0,540.0,December,2023,12,4
ORD00606,2023-04-28,C0124,P001,Laptop,Electronics,West,9,42750.0,5,384750.0,April,2023,4,2
ORD00607,2023-03-10,C0066,P010,Notebook,Stationery,West,2,57.0,5,114.0,March,2023,3,1
ORD00608,2023-10-06,C0105,P002,Mobile Phone,Electronics,East,5,16200.0,10,81000.0,October,2023,10,4
ORD00609,2023-03-02,C0134,P001,Laptop,Electronics,North,10,40500.0,10,405000.0,March,2023,3,1
ORD00610,2023-02-24,C0040,P006,T-Shirt,Clothing,West,7,799.0,0,5593.0,February,2023,2,1
ORD00611,2023-07-07,C0157,P009,Cooking Oil,Groceries,East,7,180.0,10,1260.0,July,2023,7,3
ORD00612,2023-10-13,C0124,P004,Desk Chair,Furniture,South,7,7200.0,10,50400.0,October,2023,10,4
ORD00613,2023-06-26,C0199,P005,Study Table,Furniture,West,5,10800.0,10,54000.0,June,2023,6,2
ORD00614,2023-12-25,C0042,P002,Mobile Phone,Electronics,North,4,17100.0,5,68400.0,December,2023,12,4
ORD00615,2023-12-23,C0176,P006,T-Shirt,Clothing,North,9,719.1,10,6471.9,December,2023,12,4
ORD00616,2023-08-30,C0154,P001,Laptop,Electronics,West,2,45000.0,0,90000.0,August,2023,8,3
ORD00617,2023-01-20,C0186,P006,T-Shirt,Clothing,West,2,719.1,10,1438.2,January,2023,1,1
ORD00618,2023-11-02,C0015,P009,Cooking Oil,Groceries,South,5,170.0,15,850.0,November,2023,11,4
ORD00619,2023-04-10,C0009,P004,Desk Chair,Furniture,South,9,8000.0,0,72000.0,April,2023,4,2
ORD00620,2023-01-01,C0041,P006,T-Shirt,Clothing,North,4,679.15,15,2716.6,January,2023,1,1
ORD00621,2023-10-28,C0052,P006,T-Shirt,Clothing,North,7,759.05,5,5313.35,October,2023,10,4
ORD00622,2023-10-14,C0150,P002,Mobile Phone,Electronics,East,9,18000.0,0,162000.0,October,2023,10,4
ORD00623,2023-08-21,C0104,P004,Desk Chair,Furniture,North,10,8000.0,0,80000.0,August,2023,8,3
ORD00624,2023-09-15,C0076,P002,Mobile Phone,Electronics,East,9,18000.0,0,162000.0,September,2023,9,3
ORD00625,2023-05-09,C0178,P005,Study Table,Furniture,West,9,10800.0,10,97200.0,May,2023,5,2
ORD00626,2023-12-15,C0118,P004,Desk Chair,Furniture,North,6,7600.0,5,45600.0,December,2023,12,4
ORD00627,2023-12-26,C0059,P007,Jeans,Clothing,East,4,1274.15,15,5096.6,December,2023,12,4
ORD00628,2023-05-15,C0064,P009,Cooking Oil,Groceries,East,1,170.0,15,170.0,May,2023,5,2
ORD00629,2023-04-02,C0122,P006,T-Shirt,Clothing,East,2,719.1,10,1438.2,April,2023,4,2
ORD00630,2023-12-16,C0049,P005,Study Table,Furniture,West,3,10200.0,15,30600.0,December,2023,12,4
ORD00631,2023-04-28,C0052,P004,Desk Chair,Furniture,South,5,8000.0,0,40000.0,April,2023,4,2
ORD00632,2023-12-13,C0170,P002,Mobile Phone,Electronics,West,2,18000.0,0,36000.0,December,2023,12,4
ORD00633,2023-07-10,C0159,P009,Cooking Oil,Groceries,East,1,190.0,5,190.0,July,2023,7,3
ORD00634,2023-04-04,C0196,P010,Notebook,Stationery,East,5,57.0,5,285.0,April,2023,4,2
ORD00635,2023-08-05,C0123,P003,Headphones,Electronics,North,1,2250.0,10,2250.0,August,2023,8,3
ORD00636,2023-12-24,C0133,P003,Headphones,Electronics,West,8,2500.0,0,20000.0,December,2023,12,4
ORD00637,2023-02-21,C0084,P004,Desk Chair,Furniture,East,7,7200.0,10,50400.0,February,2023,2,1
ORD00638,2023-05-18,C0121,P009,Cooking Oil,Groceries,East,5,200.0,0,1000.0,May,2023,5,2
ORD00639,2023-07-10,C0094,P004,Desk Chair,Furniture,West,7,6800.0,15,47600.0,July,2023,7,3
ORD00640,2023-04-28,C0026,P003,Headphones,Electronics,East,10,2125.0,15,21250.0,April,2023,4,2
ORD00641,2023-03-18,C0122,P007,Jeans,Clothing,North,4,1499.0,0,5996.0,March,2023,3,1
ORD00642,2023-06-11,C0125,P009,Cooking Oil,Groceries,East,9,170.0,15,1530.0,June,2023,6,2
ORD00643,2023-12-20,C0042,P001,Laptop,Electronics,North,7,45000.0,0,315000.0,December,2023,12,4
ORD00644,2023-06-21,C0067,P002,Mobile Phone,Electronics,East,8,15300.0,15,122400.0,June,2023,6,2
ORD00645,2023-07-30,C0032,P005,Study Table,Furniture,East,6,12000.0,0,72000.0,July,2023,7,3
ORD00646,2023-11-29,C0167,P004,Desk Chair,Furniture,South,10,7200.0,10,72000.0,November,2023,11,4
ORD00647,2023-08-17,C0021,P006,T-Shirt,Clothing,West,9,759.05,5,6831.45,August,2023,8,3
ORD00648,2023-06-22,C0108,P003,Headphones,Electronics,West,3,2125.0,15,6375.0,June,2023,6,2
ORD00649,2023-06-10,C0082,P003,Headphones,Electronics,East,6,2500.0,0,15000.0,June,2023,6,2
ORD00650,2023-07-05,C0192,P007,Jeans,Clothing,West,5,1424.05,5,7120.25,July,2023,7,3
ORD00651,2023-05-01,C0170,P001,Laptop,Electronics,East,3,38250.0,15,114750.0,May,2023,5,2
ORD00652,2023-07-23,C0027,P002,Mobile Phone,Electronics,North,4,18000.0,0,72000.0,July,2023,7,3
ORD00653,2023-07-23,C0135,P009,Cooking Oil,Groceries,North,1,200.0,0,200.0,July,2023,7,3
ORD00654,2023-04-28,C0064,P002,Mobile Phone,Electronics,East,7,18000.0,0,126000.0,April,2023,4,2
ORD00655,2023-01-18,C0170,P009,Cooking Oil,Groceries,East,3,200.0,0,600.0,January,2023,1,1
ORD00656,2023-05-20,C0141,P008,Rice 5kg,Groceries,West,8,315.0,10,2520.0,May,2023,5,2
ORD00657,2023-11-02,C0117,P009,Cooking Oil,Groceries,West,3,180.0,10,540.0,November,2023,11,4
ORD00658,2023-10-04,C0059,P005,Study Table,Furniture,North,6,11400.0,5,68400.0,October,2023,10,4
ORD00659,2023-01-06,C0001,P005,Study Table,Furniture,South,3,12000.0,0,36000.0,January,2023,1,1
ORD00660,2023-06-03,C0003,P001,Laptop,Electronics,West,8,42750.0,5,342000.0,June,2023,6,2
ORD00661,2023-04-07,C0106,P001,Laptop,Electronics,West,9,45000.0,0,405000.0,April,2023,4,2
ORD00662,2023-05-15,C0021,P007,Jeans,Clothing,West,7,1499.0,0,10493.0,May,2023,5,2
ORD00663,2023-11-29,C0191,P010,Notebook,Stationery,East,5,60.0,0,300.0,November,2023,11,4
ORD00664,2023-02-26,C0164,P003,Headphones,Electronics,West,3,2500.0,0,7500.0,February,2023,2,1
ORD00665,2023-06-14,C0005,P010,Notebook,Stationery,South,8,60.0,0,480.0,June,2023,6,2
ORD00666,2023-05-18,C0033,P003,Headphones,Electronics,West,2,2500.0,0,5000.0,May,2023,5,2
ORD00667,2023-04-22,C0088,P003,Headphones,Electronics,West,1,2375.0,5,2375.0,April,2023,4,2
ORD00668,2023-01-17,C0085,P006,T-Shirt,Clothing,North,8,679.15,15,5433.2,January,2023,1,1
ORD00669,2023-02-06,C0140,P001,Laptop,Electronics,West,5,42750.0,5,213750.0,February,2023,2,1
ORD00670,2023-03-04,C0197,P005,Study Table,Furniture,South,7,12000.0,0,84000.0,March,2023,3,1
ORD00671,2023-08-24,C0189,P004,Desk Chair,Furniture,North,1,8000.0,0,8000.0,August,2023,8,3
ORD00672,2023-06-09,C0083,P008,Rice 5kg,Groceries,South,7,297.5,15,2082.5,June,2023,6,2
ORD00673,2023-05-10,C0124,P009,Cooking Oil,Groceries,East,9,200.0,0,1800.0,May,2023,5,2
ORD00675,2023-05-05,C0003,P010,Notebook,Stationery,North,2,57.0,5,114.0,May,2023,5,2
ORD00676,2023-02-15,C0064,P010,Notebook,Stationery,South,3,60.0,0,180.0,February,2023,2,1
ORD00677,2023-07-02,C0166,P006,T-Shirt,Clothing,South,1,799.0,0,799.0,July,2023,7,3
ORD00678,2023-06-12,C0143,P003,Headphones,Electronics,East,8,2500.0,0,20000.0,June,2023,6,2
ORD00679,2023-07-13,C0092,P004,Desk Chair,Furniture,South,1,6800.0,15,6800.0,July,2023,7,3
ORD00680,2023-10-05,C0179,P008,Rice 5kg,Groceries,West,9,350.0,0,3150.0,October,2023,10,4
ORD00681,2023-08-28,C0071,P006,T-Shirt,Clothing,South,6,679.15,15,4074.9,August,2023,8,3
ORD00682,2023-07-07,C0117,P005,Study Table,Furniture,North,5,10800.0,10,54000.0,July,2023,7,3
ORD00683,2023-07-06,C0199,P003,Headphones,Electronics,South,1,2250.0,10,2250.0,July,2023,7,3
ORD00684,2023-09-26,C0175,P009,Cooking Oil,Groceries,West,7,200.0,0,1400.0,September,2023,9,3
ORD00685,2023-11-25,C0083,P005,Study Table,Furniture,North,6,11400.0,5,68400.0,November,2023,11,4
ORD00686,2023-01-17,C0052,P001,Laptop,Electronics,North,3,45000.0,0,135000.0,January,2023,1,1
ORD00687,2023-09-08,C0135,P010,Notebook,Stationery,East,7,51.0,15,357.0,September,2023,9,3
ORD00688,2023-12-02,C0126,P002,Mobile Phone,Electronics,North,1,18000.0,0,18000.0,December,2023,12,4
ORD00689,2023-08-01,C0095,P006,T-Shirt,Clothing,North,9,679.15,15,6112.35,August,2023,8,3
ORD00690,2023-02-09,C0056,P001,Laptop,Electronics,North,2,45000.0,0,90000.0,February,2023,2,1
ORD00691,2023-09-27,C0169,P007,Jeans,Clothing,South,4,1499.0,0,5996.0,September,2023,9,3
ORD00692,2023-02-24,C0197,P009,Cooking Oil,Groceries,East,9,190.0,5,1710.0,February,2023,2,1
ORD00693,2023-04-03,C0141,P007,Jeans,Clothing,West,2,1499.0,0,2998.0,April,2023,4,2
ORD00694,2023-06-30,C0081,P009,Cooking Oil,Groceries,East,10,190.0,5,1900.0,June,2023,6,2
ORD00695,2023-05-04,C0145,P007,Jeans,Clothing,South,6,1349.1,10,8094.6,May,2023,5,2
ORD00696,2023-08-18,C0102,P005,Study Table,Furniture,North,6,11400.0,5,68400.0,August,2023,8,3
ORD00697,2023-03-11,C0078,P010,Notebook,Stationery,North,1,54.0,10,54.0,March,2023,3,1
ORD00698,2023-05-22,C0142,P006,T-Shirt,Clothing,South,1,679.15,15,679.15,May,2023,5,2
ORD00699,2023-07-07,C0150,P003,Headphones,Electronics,South,3,2500.0,0,7500.0,July,2023,7,3
ORD00700,2023-10-19,C0056,P002,Mobile Phone,Electronics,North,10,17100.0,5,171000.0,October,2023,10,4
ORD00701,2023-12-26,C0148,P003,Headphones,Electronics,North,8,2125.0,15,17000.0,December,2023,12,4
ORD00702,2023-01-29,C0198,P010,Notebook,Stationery,East,7,60.0,0,420.0,January,2023,1,1
ORD00703,2023-12-01,C0155,P007,Jeans,Clothing,North,2,1499.0,0,2998.0,December,2023,12,4
ORD00704,2023-01-22,C0082,P001,Laptop,Electronics,South,5,40500.0,10,202500.0,January,2023,1,1
ORD00705,2023-07-21,C0115,P003,Headphones,Electronics,North,1,2125.0,15,2125.0,July,2023,7,3
ORD00706,2023-06-22,C0022,P007,Jeans,Clothing,West,3,1499.0,0,4497.0,June,2023,6,2
ORD00707,2023-07-24,C0129,P007,Jeans,Clothing,West,5,1499.0,0,7495.0,July,2023,7,3
ORD00708,2023-04-12,C0125,P003,Headphones,Electronics,West,8,2250.0,10,18000.0,April,2023,4,2
ORD00709,2023-05-05,C0019,P010,Notebook,Stationery,East,9,60.0,0,540.0,May,2023,5,2
ORD00710,2023-12-10,C0106,P010,Notebook,Stationery,West,2,60.0,0,120.0,December,2023,12,4
ORD00711,2023-01-13,C0198,P006,T-Shirt,Clothing,East,10,679.15,15,6791.5,January,2023,1,1
ORD00712,2023-08-14,C0012,P008,Rice 5kg,Groceries,South,10,350.0,0,3500.0,August,2023,8,3
ORD00713,2023-01-28,C0063,P002,Mobile Phone,Electronics,South,2,15300.0,15,30600.0,January,2023,1,1
ORD00714,2023-02-26,C0079,P001,Laptop,Electronics,West,6,38250.0,15,229500.0,February,2023,2,1
ORD00715,2023-10-07,C0134,P009,Cooking Oil,Groceries,East,4,200.0,0,800.0,October,2023,10,4
ORD00716,2023-10-26,C0170,P003,Headphones,Electronics,North,1,2375.0,5,2375.0,October,2023,10,4
ORD00717,2023-01-28,C0120,P004,Desk Chair,Furniture,North,10,8000.0,0,80000.0,January,2023,1,1
ORD00718,2023-05-30,C0167,P006,T-Shirt,Clothing,West,2,799.0,0,1598.0,May,2023,5,2
ORD00719,2023-11-02,C0137,P002,Mobile Phone,Electronics,North,6,17100.0,5,102600.0,November,2023,11,4
ORD00720,2023-01-12,C0011,P008,Rice 5kg,Groceries,South,9,297.5,15,2677.5,January,2023,1,1
ORD00721,2023-03-22,C0005,P008,Rice 5kg,Groceries,East,7,297.5,15,2082.5,March,2023,3,1
ORD00722,2023-05-22,C0016,P005,Study Table,Furniture,East,4,10800.0,10,43200.0,May,2023,5,2
ORD00723,2023-04-26,C0039,P001,Laptop,Electronics,East,9,45000.0,0,405000.0,April,2023,4,2
ORD00724,2023-12-14,C0157,P002,Mobile Phone,Electronics,South,7,16200.0,10,113400.0,December,2023,12,4
ORD00725,2023-06-18,C0115,P007,Jeans,Clothing,South,5,1349.1,10,6745.5,June,2023,6,2
ORD00726,2023-06-08,C0177,P009,Cooking Oil,Groceries,South,4,200.0,0,800.0,June,2023,6,2
ORD00727,2023-06-12,C0018,P003,Headphones,Electronics,North,10,2500.0,0,25000.0,June,2023,6,2
ORD00728,2023-07-31,C0106,P003,Headphones,Electronics,East,1,2500.0,0,2500.0,July,2023,7,3
ORD00730,2023-10-18,C0157,P010,Notebook,Stationery,South,5,54.0,10,270.0,October,2023,10,4
ORD00731,2023-12-19,C0200,P001,Laptop,Electronics,West,6,45000.0,0,270000.0,December,2023,12,4
ORD00732,2023-07-18,C0126,P008,Rice 5kg,Groceries,West,6,350.0,0,2100.0,July,2023,7,3
ORD00733,2023-05-19,C0106,P001,Laptop,Electronics,South,7,45000.0,0,315000.0,May,2023,5,2
ORD00734,2023-08-13,C0158,P004,Desk Chair,Furniture,West,2,8000.0,0,16000.0,August,2023,8,3
ORD00735,2023-01-22,C0156,P004,Desk Chair,Furniture,West,7,7600.0,5,53200.0,January,2023,1,1
ORD00736,2023-09-26,C0165,P010,Notebook,Stationery,North,10,54.0,10,540.0,September,2023,9,3
ORD00737,2023-10-03,C0102,P001,Laptop,Electronics,North,4,40500.0,10,162000.0,October,2023,10,4
ORD00738,2023-08-14,C0102,P001,Laptop,Electronics,East,4,45000.0,0,180000.0,August,2023,8,3
ORD00739,2023-11-10,C0014,P003,Headphones,Electronics,South,7,2500.0,0,17500.0,November,2023,11,4
ORD00740,2023-04-03,C0200,P002,Mobile Phone,Electronics,South,9,18000.0,0,162000.0,April,2023,4,2
ORD00741,2023-10-30,C0183,P001,Laptop,Electronics,South,3,42750.0,5,128250.0,October,2023,10,4
ORD00742,2023-03-05,C0024,P006,T-Shirt,Clothing,North,3,679.15,15,2037.45,March,2023,3,1
ORD00743,2023-07-16,C0187,P002,Mobile Phone,Electronics,South,9,15300.0,15,137700.0,July,2023,7,3
ORD00744,2023-12-04,C0039,P003,Headphones,Electronics,South,6,2250.0,10,13500.0,December,2023,12,4
ORD00745,2023-06-08,C0187,P001,Laptop,Electronics,West,7,45000.0,0,315000.0,June,2023,6,2
ORD00747,2023-11-08,C0127,P008,Rice 5kg,Groceries,South,9,350.0,0,3150.0,November,2023,11,4
ORD00748,2023-02-10,C0154,P008,Rice 5kg,Groceries,North,7,332.5,5,2327.5,February,2023,2,1
ORD00749,2023-01-26,C0048,P010,Notebook,Stationery,South,9,60.0,0,540.0,January,2023,1,1
ORD00750,2023-10-23,C0155,P003,Headphones,Electronics,East,1,2125.0,15,2125.0,October,2023,10,4
ORD00751,2023-03-24,C0173,P002,Mobile Phone,Electronics,East,7,18000.0,0,126000.0,March,2023,3,1
ORD00752,2023-04-01,C0117,P010,Notebook,Stationery,East,10,54.0,10,540.0,April,2023,4,2
ORD00753,2023-07-14,C0018,P005,Study Table,Furniture,West,6,12000.0,0,72000.0,July,2023,7,3
ORD00754,2023-12-22,C0071,P008,Rice 5kg,Groceries,East,3,350.0,0,1050.0,December,2023,12,4
ORD00755,2023-02-25,C0147,P004,Desk Chair,Furniture,North,10,8000.0,0,80000.0,February,2023,2,1
ORD00756,2023-06-12,C0067,P005,Study Table,Furniture,East,7,10800.0,10,75600.0,June,2023,6,2
ORD00757,2023-11-20,C0128,P008,Rice 5kg,Groceries,West,9,297.5,15,2677.5,November,2023,11,4
ORD00758,2023-01-01,C0031,P004,Desk Chair,Furniture,North,5,8000.0,0,40000.0,January,2023,1,1
ORD00759,2023-07-31,C0012,P004,Desk Chair,Furniture,East,10,7600.0,5,76000.0,July,2023,7,3
ORD00760,2023-04-14,C0177,P004,Desk Chair,Furniture,East,1,6800.0,15,6800.0,April,2023,4,2
ORD00761,2023-06-15,C0197,P005,Study Table,Furniture,North,9,10800.0,10,97200.0,June,2023,6,2
ORD00762,2023-01-15,C0045,P007,Jeans,Clothing,South,10,1349.1,10,13491.0,January,2023,1,1
ORD00763,2023-11-27,C0035,P008,Rice 5kg,Groceries,West,8,350.0,0,2800.0,November,2023,11,4
ORD00764,2023-07-31,C0191,P009,Cooking Oil,Groceries,North,6,190.0,5,1140.0,July,2023,7,3
ORD00765,2023-01-10,C0054,P006,T-Shirt,Clothing,East,9,719.1,10,6471.9,January,2023,1,1
ORD00766,2023-05-24,C0008,P006,T-Shirt,Clothing,East,2,799.0,0,1598.0,May,2023,5,2
ORD00767,2023-07-19,C0048,P003,Headphones,Electronics,North,10,2250.0,10,22500.0,July,2023,7,3
ORD00768,2023-07-31,C0023,P006,T-Shirt,Clothing,West,1,799.0,0,799.0,July,2023,7,3
ORD00769,2023-06-04,C0045,P005,Study Table,Furniture,North,4,10800.0,10,43200.0,June,2023,6,2
ORD00770,2023-09-17,C0007,P004,Desk Chair,Furniture,West,2,7600.0,5,15200.0,September,2023,9,3
ORD00771,2023-09-26,C0080,P006,T-Shirt,Clothing,East,8,679.15,15,5433.2,September,2023,9,3
ORD00772,2023-01-19,C0118,P009,Cooking Oil,Groceries,West,3,200.0,0,600.0,January,2023,1,1
ORD00773,2023-12-18,C0153,P001,Laptop,Electronics,North,5,45000.0,0,225000.0,December,2023,12,4
ORD00774,2023-06-09,C0006,P002,Mobile Phone,Electronics,East,9,15300.0,15,137700.0,June,2023,6,2
ORD00775,2023-05-22,C0137,P004,Desk Chair,Furniture,East,4,8000.0,0,32000.0,May,2023,5,2
ORD00776,2023-05-21,C0030,P005,Study Table,Furniture,North,3,12000.0,0,36000.0,May,2023,5,2
ORD00777,2023-06-29,C0141,P002,Mobile Phone,Electronics,East,4,16200.0,10,64800.0,June,2023,6,2
ORD00778,2023-03-29,C0019,P005,Study Table,Furniture,East,10,12000.0,0,120000.0,March,2023,3,1
ORD00779,2023-01-15,C0121,P008,Rice 5kg,Groceries,North,1,350.0,0,350.0,January,2023,1,1
ORD00780,2023-12-27,C0153,P007,Jeans,Clothing,West,7,1499.0,0,10493.0,December,2023,12,4
ORD00781,2023-08-27,C0146,P004,Desk Chair,Furniture,South,9,8000.0,0,72000.0,August,2023,8,3
ORD00782,2023-06-08,C0176,P008,Rice 5kg,Groceries,West,2,332.5,5,665.0,June,2023,6,2
ORD00783,2023-07-06,C0101,P003,Headphones,Electronics,South,10,2500.0,0,25000.0,July,2023,7,3
ORD00784,2023-01-16,C0017,P006,T-Shirt,Clothing,West,8,759.05,5,6072.4,January,2023,1,1
ORD00785,2023-11-06,C0148,P003,Headphones,Electronics,South,5,2500.0,0,12500.0,November,2023,11,4
ORD00786,2023-11-29,C0019,P002,Mobile Phone,Electronics,East,6,16200.0,10,97200.0,November,2023,11,4
ORD00787,2023-05-05,C0141,P007,Jeans,Clothing,South,4,1349.1,10,5396.4,May,2023,5,2
ORD00788,2023-10-30,C0111,P006,T-Shirt,Clothing,West,4,679.15,15,2716.6,October,2023,10,4
ORD00789,2023-12-09,C0020,P004,Desk Chair,Furniture,West,3,6800.0,15,20400.0,December,2023,12,4
ORD00790,2023-08-16,C0046,P006,T-Shirt,Clothing,East,9,799.0,0,7191.0,August,2023,8,3
ORD00791,2023-06-17,C0127,P002,Mobile Phone,Electronics,North,10,17100.0,5,171000.0,June,2023,6,2
ORD00792,2023-12-05,C0039,P010,Notebook,Stationery,West,1,60.0,0,60.0,December,2023,12,4
ORD00793,2023-04-16,C0175,P010,Notebook,Stationery,East,8,60.0,0,480.0,April,2023,4,2
ORD00794,2023-06-26,C0023,P005,Study Table,Furniture,North,7,10200.0,15,71400.0,June,2023,6,2
ORD00796,2023-01-16,C0061,P006,T-Shirt,Clothing,West,2,799.0,0,1598.0,January,2023,1,1
ORD00797,2023-07-15,C0112,P006,T-Shirt,Clothing,South,7,759.05,5,5313.35,July,2023,7,3
ORD00798,2023-07-04,C0107,P004,Desk Chair,Furniture,South,9,7600.0,5,68400.0,July,2023,7,3
ORD00799,2023-02-06,C0166,P003,Headphones,Electronics,North,3,2500.0,0,7500.0,February,2023,2,1
ORD00800,2023-03-12,C0165,P007,Jeans,Clothing,West,3,1499.0,0,4497.0,March,2023,3,1
ORD00801,2023-04-03,C0117,P010,Notebook,Stationery,West,7,54.0,10,378.0,April,2023,4,2
ORD00802,2023-08-06,C0155,P006,T-Shirt,Clothing,North,4,799.0,0,3196.0,August,2023,8,3
ORD00803,2023-07-30,C0140,P004,Desk Chair,Furniture,East,9,8000.0,0,72000.0,July,2023,7,3
ORD00804,2023-10-25,C0124,P008,Rice 5kg,Groceries,North,6,350.0,0,2100.0,October,2023,10,4
ORD00805,2023-02-10,C0134,P005,Study Table,Furniture,North,8,10800.0,10,86400.0,February,2023,2,1
ORD00806,2023-06-09,C0157,P002,Mobile Phone,Electronics,North,9,16200.0,10,145800.0,June,2023,6,2
ORD00807,2023-09-20,C0121,P001,Laptop,Electronics,East,8,42750.0,5,342000.0,September,2023,9,3
ORD00808,2023-01-19,C0178,P005,Study Table,Furniture,East,5,12000.0,0,60000.0,January,2023,1,1
ORD00809,2023-03-28,C0147,P001,Laptop,Electronics,North,8,40500.0,10,324000.0,March,2023,3,1
ORD00810,2023-09-06,C0022,P010,Notebook,Stationery,South,1,60.0,0,60.0,September,2023,9,3
ORD00811,2023-11-12,C0072,P005,Study Table,Furniture,East,5,12000.0,0,60000.0,November,2023,11,4
ORD00812,2023-10-30,C0190,P002,Mobile Phone,Electronics,South,10,18000.0,0,180000.0,October,2023,10,4
ORD00813,2023-05-01,C0125,P003,Headphones,Electronics,South,5,2125.0,15,10625.0,May,2023,5,2
ORD00814,2023-11-01,C0040,P006,T-Shirt,Clothing,West,2,799.0,0,1598.0,November,2023,11,4
ORD00815,2023-08-14,C0186,P007,Jeans,Clothing,South,4,1274.15,15,5096.6,August,2023,8,3
ORD00816,2023-05-16,C0194,P006,T-Shirt,Clothing,North,1,679.15,15,679.15,May,2023,5,2
ORD00817,2023-09-30,C0060,P008,Rice 5kg,Groceries,West,5,332.5,5,1662.5,September,2023,9,3
ORD00818,2023-08-11,C0004,P005,Study Table,Furniture,East,3,10800.0,10,32400.0,August,2023,8,3
ORD00819,2023-01-22,C0025,P006,T-Shirt,Clothing,East,9,679.15,15,6112.35,January,2023,1,1
ORD00820,2023-05-17,C0026,P005,Study Table,Furniture,East,6,12000.0,0,72000.0,May,2023,5,2
ORD00821,2023-09-24,C0087,P004,Desk Chair,Furniture,South,10,8000.0,0,80000.0,September,2023,9,3
ORD00822,2023-07-30,C0026,P001,Laptop,Electronics,North,2,45000.0,0,90000.0,July,2023,7,3
ORD00823,2023-01-18,C0007,P005,Study Table,Furniture,North,5,12000.0,0,60000.0,January,2023,1,1
ORD00824,2023-03-04,C0182,P004,Desk Chair,Furniture,North,10,6800.0,15,68000.0,March,2023,3,1
ORD00825,2023-02-26,C0179,P007,Jeans,Clothing,South,10,1499.0,0,14990.0,February,2023,2,1
ORD00826,2023-08-07,C0178,P002,Mobile Phone,Electronics,East,8,18000.0,0,144000.0,August,2023,8,3
ORD00827,2023-07-18,C0086,P005,Study Table,Furniture,North,1,11400.0,5,11400.0,July,2023,7,3
ORD00828,2023-09-09,C0052,P003,Headphones,Electronics,West,8,2500.0,0,20000.0,September,2023,9,3
ORD00829,2023-04-22,C0158,P003,Headphones,Electronics,North,9,2375.0,5,21375.0,April,2023,4,2
ORD00830,2023-02-06,C0147,P002,Mobile Phone,Electronics,East,1,18000.0,0,18000.0,February,2023,2,1
ORD00831,2023-11-24,C0001,P008,Rice 5kg,Groceries,North,3,297.5,15,892.5,November,2023,11,4
ORD00832,2023-01-02,C0132,P006,T-Shirt,Clothing,West,7,719.1,10,5033.7,January,2023,1,1
ORD00833,2023-01-02,C0099,P002,Mobile Phone,Electronics,West,9,18000.0,0,162000.0,January,2023,1,1
ORD00834,2023-06-05,C0103,P006,T-Shirt,Clothing,North,6,679.15,15,4074.9,June,2023,6,2
ORD00835,2023-06-24,C0021,P002,Mobile Phone,Electronics,West,6,16200.0,10,97200.0,June,2023,6,2
ORD00836,2023-01-21,C0099,P004,Desk Chair,Furniture,South,3,7200.0,10,21600.0,January,2023,1,1
ORD00837,2023-02-13,C0162,P002,Mobile Phone,Electronics,West,6,17100.0,5,102600.0,February,2023,2,1
ORD00838,2023-10-31,C0062,P004,Desk Chair,Furniture,West,1,6800.0,15,6800.0,October,2023,10,4
ORD00839,2023-08-19,C0005,P005,Study Table,Furniture,North,8,10800.0,10,86400.0,August,2023,8,3
ORD00840,2023-04-19,C0168,P001,Laptop,Electronics,West,7,45000.0,0,315000.0,April,2023,4,2
ORD00841,2023-10-24,C0060,P009,Cooking Oil,Groceries,North,3,170.0,15,510.0,October,2023,10,4
ORD00843,2023-11-09,C0044,P005,Study Table,Furniture,North,2,11400.0,5,22800.0,November,2023,11,4
ORD00844,2023-04-23,C0017,P008,Rice 5kg,Groceries,South,10,315.0,10,3150.0,April,2023,4,2
ORD00845,2023-12-17,C0148,P007,Jeans,Clothing,South,6,1499.0,0,8994.0,December,2023,12,4
ORD00846,2023-03-30,C0086,P004,Desk Chair,Furniture,North,1,7200.0,10,7200.0,March,2023,3,1
ORD00847,2023-07-09,C0142,P007,Jeans,Clothing,South,3,1274.15,15,3822.45,July,2023,7,3
ORD00848,2023-11-20,C0157,P001,Laptop,Electronics,West,3,45000.0,0,135000.0,November,2023,11,4
ORD00849,2023-01-04,C0046,P008,Rice 5kg,Groceries,North,2,350.0,0,700.0,January,2023,1,1
ORD00850,2023-09-01,C0178,P005,Study Table,Furniture,South,7,10200.0,15,71400.0,September,2023,9,3
ORD00851,2023-05-03,C0045,P009,Cooking Oil,Groceries,North,8,190.0,5,1520.0,May,2023,5,2
ORD00853,2023-11-13,C0093,P002,Mobile Phone,Electronics,South,9,18000.0,0,162000.0,November,2023,11,4
ORD00854,2023-04-10,C0029,P004,Desk Chair,Furniture,South,5,8000.0,0,40000.0,April,2023,4,2
ORD00855,2023-03-23,C0172,P008,Rice 5kg,Groceries,North,8,350.0,0,2800.0,March,2023,3,1
ORD00856,2023-06-21,C0158,P004,Desk Chair,Furniture,West,7,8000.0,0,56000.0,June,2023,6,2
ORD00857,2023-01-15,C0125,P009,Cooking Oil,Groceries,North,3,200.0,0,600.0,January,2023,1,1
ORD00858,2023-06-16,C0108,P008,Rice 5kg,Groceries,South,10,315.0,10,3150.0,June,2023,6,2
ORD00859,2023-04-27,C0026,P004,Desk Chair,Furniture,South,2,8000.0,0,16000.0,April,2023,4,2
ORD00860,2023-08-30,C0150,P007,Jeans,Clothing,West,4,1499.0,0,5996.0,August,2023,8,3
ORD00861,2023-04-02,C0100,P004,Desk Chair,Furniture,East,10,7600.0,5,76000.0,April,2023,4,2
ORD00862,2023-06-21,C0033,P006,T-Shirt,Clothing,North,5,799.0,0,3995.0,June,2023,6,2
ORD00863,2023-08-23,C0108,P003,Headphones,Electronics,South,2,2375.0,5,4750.0,August,2023,8,3
ORD00864,2023-11-23,C0157,P005,Study Table,Furniture,South,10,12000.0,0,120000.0,November,2023,11,4
ORD00865,2023-09-25,C0126,P004,Desk Chair,Furniture,South,2,7600.0,5,15200.0,September,2023,9,3
ORD00866,2023-08-08,C0189,P005,Study Table,Furniture,South,1,10200.0,15,10200.0,August,2023,8,3
ORD00867,2023-10-21,C0002,P004,Desk Chair,Furniture,West,10,8000.0,0,80000.0,October,2023,10,4
ORD00868,2023-08-06,C0136,P008,Rice 5kg,Groceries,West,9,350.0,0,3150.0,August,2023,8,3
ORD00869,2023-05-04,C0022,P002,Mobile Phone,Electronics,North,8,17100.0,5,136800.0,May,2023,5,2
ORD00871,2023-10-26,C0007,P003,Headphones,Electronics,West,8,2250.0,10,18000.0,October,2023,10,4
ORD00872,2023-11-17,C0119,P007,Jeans,Clothing,North,3,1499.0,0,4497.0,November,2023,11,4
ORD00873,2023-06-01,C0110,P006,T-Shirt,Clothing,East,9,799.0,0,7191.0,June,2023,6,2
ORD00874,2023-02-11,C0159,P010,Notebook,Stationery,East,4,51.0,15,204.0,February,2023,2,1
ORD00875,2023-07-16,C0094,P006,T-Shirt,Clothing,West,1,799.0,0,799.0,July,2023,7,3
ORD00876,2023-02-04,C0144,P003,Headphones,Electronics,South,9,2125.0,15,19125.0,February,2023,2,1
ORD00877,2023-09-02,C0189,P009,Cooking Oil,Groceries,South,2,170.0,15,340.0,September,2023,9,3
ORD00878,2023-09-15,C0175,P006,T-Shirt,Clothing,West,6,799.0,0,4794.0,September,2023,9,3
ORD00879,2023-09-14,C0135,P006,T-Shirt,Clothing,North,8,759.05,5,6072.4,September,2023,9,3
ORD00880,2023-11-14,C0095,P009,Cooking Oil,Groceries,North,5,190.0,5,950.0,November,2023,11,4
ORD00881,2023-04-02,C0074,P002,Mobile Phone,Electronics,North,2,17100.0,5,34200.0,April,2023,4,2
ORD00882,2023-04-15,C0134,P003,Headphones,Electronics,North,8,2500.0,0,20000.0,April,2023,4,2
ORD00883,2023-06-27,C0108,P009,Cooking Oil,Groceries,West,3,190.0,5,570.0,June,2023,6,2
ORD00884,2023-04-29,C0134,P004,Desk Chair,Furniture,East,2,8000.0,0,16000.0,April,2023,4,2
ORD00885,2023-12-07,C0179,P006,T-Shirt,Clothing,West,8,719.1,10,5752.8,December,2023,12,4
ORD00886,2023-04-27,C0124,P005,Study Table,Furniture,East,3,12000.0,0,36000.0,April,2023,4,2
ORD00887,2023-05-26,C0117,P001,Laptop,Electronics,South,3,45000.0,0,135000.0,May,2023,5,2
ORD00888,2023-03-31,C0182,P009,Cooking Oil,Groceries,South,5,200.0,0,1000.0,March,2023,3,1
ORD00889,2023-08-14,C0067,P006,T-Shirt,Clothing,East,10,799.0,0,7990.0,August,2023,8,3
ORD00890,2023-03-17,C0096,P001,Laptop,Electronics,West,6,45000.0,0,270000.0,March,2023,3,1
ORD00891,2023-07-27,C0128,P005,Study Table,Furniture,South,2,12000.0,0,24000.0,July,2023,7,3
ORD00892,2023-10-07,C0130,P003,Headphones,Electronics,East,1,2125.0,15,2125.0,October,2023,10,4
ORD00893,2023-03-17,C0145,P005,Study Table,Furniture,West,10,10200.0,15,102000.0,March,2023,3,1
ORD00894,2023-12-14,C0142,P008,Rice 5kg,Groceries,North,1,350.0,0,350.0,December,2023,12,4
ORD00895,2023-02-17,C0084,P004,Desk Chair,Furniture,North,8,8000.0,0,64000.0,February,2023,2,1
ORD00896,2023-04-11,C0006,P009,Cooking Oil,Groceries,North,4,200.0,0,800.0,April,2023,4,2
ORD00897,2023-04-10,C0126,P002,Mobile Phone,Electronics,East,9,17100.0,5,153900.0,April,2023,4,2
ORD00898,2023-03-17,C0184,P001,Laptop,Electronics,West,6,42750.0,5,256500.0,March,2023,3,1
ORD00899,2023-06-07,C0115,P005,Study Table,Furniture,North,6,12000.0,0,72000.0,June,2023,6,2
ORD00900,2023-03-25,C0187,P007,Jeans,Clothing,West,8,1499.0,0,11992.0,March,2023,3,1
ORD00901,2023-03-15,C0054,P010,Notebook,Stationery,East,10,60.0,0,600.0,March,2023,3,1
ORD00902,2023-07-12,C0023,P006,T-Shirt,Clothing,North,2,719.1,10,1438.2,July,2023,7,3
ORD00903,2023-08-25,C0182,P007,Jeans,Clothing,South,3,1349.1,10,4047.3,August,2023,8,3
ORD00904,2023-01-22,C0078,P005,Study Table,Furniture,East,9,11400.0,5,102600.0,January,2023,1,1
ORD00905,2023-03-20,C0068,P004,Desk Chair,Furniture,East,1,8000.0,0,8000.0,March,2023,3,1
ORD00906,2023-12-07,C0074,P008,Rice 5kg,Groceries,West,2,297.5,15,595.0,December,2023,12,4
ORD00907,2023-05-22,C0127,P004,Desk Chair,Furniture,North,1,8000.0,0,8000.0,May,2023,5,2
ORD00908,2023-05-13,C0161,P008,Rice 5kg,Groceries,West,10,332.5,5,3325.0,May,2023,5,2
ORD00909,2023-10-22,C0005,P006,T-Shirt,Clothing,East,9,679.15,15,6112.35,October,2023,10,4
ORD00910,2023-03-11,C0092,P006,T-Shirt,Clothing,South,8,679.15,15,5433.2,March,2023,3,1
ORD00911,2023-05-30,C0136,P006,T-Shirt,Clothing,North,1,799.0,0,799.0,May,2023,5,2
ORD00912,2023-03-27,C0140,P003,Headphones,Electronics,East,2,2250.0,10,4500.0,March,2023,3,1
ORD00913,2023-12-24,C0177,P005,Study Table,Furniture,East,5,10200.0,15,51000.0,December,2023,12,4
ORD00914,2023-09-23,C0073,P003,Headphones,Electronics,East,1,2500.0,0,2500.0,September,2023,9,3
ORD00915,2023-03-21,C0129,P003,Headphones,Electronics,South,2,2500.0,0,5000.0,March,2023,3,1
ORD00916,2023-09-27,C0137,P009,Cooking Oil,Groceries,North,10,170.0,15,1700.0,September,2023,9,3
ORD00917,2023-09-03,C0090,P002,Mobile Phone,Electronics,East,3,18000.0,0,54000.0,September,2023,9,3
ORD00919,2023-03-14,C0177,P004,Desk Chair,Furniture,South,3,6800.0,15,20400.0,March,2023,3,1
ORD00920,2023-02-27,C0020,P002,Mobile Phone,Electronics,North,7,15300.0,15,107100.0,February,2023,2,1
ORD00921,2023-01-17,C0169,P001,Laptop,Electronics,North,4,45000.0,0,180000.0,January,2023,1,1
ORD00922,2023-12-08,C0003,P001,Laptop,Electronics,North,2,45000.0,0,90000.0,December,2023,12,4
ORD00924,2023-06-30,C0042,P005,Study Table,Furniture,South,10,12000.0,0,120000.0,June,2023,6,2
ORD00925,2023-04-22,C0184,P010,Notebook,Stationery,South,1,54.0,10,54.0,April,2023,4,2
ORD00926,2023-02-20,C0055,P009,Cooking Oil,Groceries,West,1,170.0,15,170.0,February,2023,2,1
ORD00927,2023-07-01,C0098,P008,Rice 5kg,Groceries,West,2,350.0,0,700.0,July,2023,7,3
ORD00928,2023-08-27,C0029,P002,Mobile Phone,Electronics,South,6,18000.0,0,108000.0,August,2023,8,3
ORD00929,2023-01-21,C0022,P005,Study Table,Furniture,East,9,10200.0,15,91800.0,January,2023,1,1
ORD00930,2023-06-09,C0176,P008,Rice 5kg,Groceries,West,10,297.5,15,2975.0,June,2023,6,2
ORD00931,2023-09-01,C0174,P007,Jeans,Clothing,East,4,1499.0,0,5996.0,September,2023,9,3
ORD00932,2023-08-13,C0134,P008,Rice 5kg,Groceries,North,2,332.5,5,665.0,August,2023,8,3
ORD00933,2023-03-28,C0017,P010,Notebook,Stationery,East,2,51.0,15,102.0,March,2023,3,1
ORD00934,2023-04-30,C0109,P010,Notebook,Stationery,West,7,60.0,0,420.0,April,2023,4,2
ORD00935,2023-11-26,C0103,P010,Notebook,Stationery,East,10,60.0,0,600.0,November,2023,11,4
ORD00936,2023-05-23,C0038,P007,Jeans,Clothing,West,8,1349.1,10,10792.8,May,2023,5,2
ORD00937,2023-03-10,C0008,P008,Rice 5kg,Groceries,North,4,297.5,15,1190.0,March,2023,3,1
ORD00938,2023-07-15,C0155,P008,Rice 5kg,Groceries,East,1,350.0,0,350.0,July,2023,7,3
ORD00939,2023-09-24,C0197,P002,Mobile Phone,Electronics,West,2,15300.0,15,30600.0,September,2023,9,3
ORD00940,2023-05-14,C0139,P008,Rice 5kg,Groceries,East,8,315.0,10,2520.0,May,2023,5,2
ORD00941,2023-03-02,C0099,P001,Laptop,Electronics,West,1,42750.0,5,42750.0,March,2023,3,1
ORD00942,2023-04-01,C0143,P008,Rice 5kg,Groceries,East,1,350.0,0,350.0,April,2023,4,2
ORD00943,2023-07-19,C0125,P007,Jeans,Clothing,North,3,1499.0,0,4497.0,July,2023,7,3
ORD00944,2023-08-29,C0122,P009,Cooking Oil,Groceries,South,9,180.0,10,1620.0,August,2023,8,3
ORD00945,2023-11-12,C0174,P008,Rice 5kg,Groceries,East,10,332.5,5,3325.0,November,2023,11,4
ORD00946,2023-01-24,C0033,P001,Laptop,Electronics,East,1,40500.0,10,40500.0,January,2023,1,1
ORD00947,2023-02-19,C0110,P001,Laptop,Electronics,East,6,42750.0,5,256500.0,February,2023,2,1
ORD00948,2023-05-01,C0166,P001,Laptop,Electronics,East,4,45000.0,0,180000.0,May,2023,5,2
ORD00949,2023-06-22,C0044,P002,Mobile Phone,Electronics,North,5,18000.0,0,90000.0,June,2023,6,2
ORD00950,2023-08-04,C0069,P007,Jeans,Clothing,North,10,1349.1,10,13491.0,August,2023,8,3
ORD00951,2023-07-19,C0083,P006,T-Shirt,Clothing,North,7,719.1,10,5033.7,July,2023,7,3
ORD00952,2023-09-15,C0196,P004,Desk Chair,Furniture,East,6,7600.0,5,45600.0,September,2023,9,3
ORD00953,2023-11-22,C0020,P007,Jeans,Clothing,South,4,1424.05,5,5696.2,November,2023,11,4
ORD00954,2023-11-16,C0191,P010,Notebook,Stationery,North,7,60.0,0,420.0,November,2023,11,4
ORD00955,2023-02-04,C0146,P010,Notebook,Stationery,West,6,60.0,0,360.0,February,2023,2,1
ORD00956,2023-06-03,C0111,P002,Mobile Phone,Electronics,East,5,16200.0,10,81000.0,June,2023,6,2
ORD00957,2023-12-10,C0196,P010,Notebook,Stationery,South,9,57.0,5,513.0,December,2023,12,4
ORD00958,2023-09-13,C0055,P009,Cooking Oil,Groceries,West,3,180.0,10,540.0,September,2023,9,3
ORD00959,2023-11-17,C0016,P010,Notebook,Stationery,South,7,54.0,10,378.0,November,2023,11,4
ORD00960,2023-07-30,C0082,P003,Headphones,Electronics,North,5,2375.0,5,11875.0,July,2023,7,3
ORD00961,2023-03-24,C0066,P005,Study Table,Furniture,South,5,10200.0,15,51000.0,March,2023,3,1
ORD00962,2023-06-08,C0119,P004,Desk Chair,Furniture,West,1,8000.0,0,8000.0,June,2023,6,2
ORD00963,2023-05-20,C0035,P001,Laptop,Electronics,North,4,45000.0,0,180000.0,May,2023,5,2
ORD00964,2023-01-22,C0185,P009,Cooking Oil,Groceries,West,3,170.0,15,510.0,January,2023,1,1
ORD00965,2023-06-02,C0017,P002,Mobile Phone,Electronics,West,6,16200.0,10,97200.0,June,2023,6,2
ORD00966,2023-03-13,C0061,P002,Mobile Phone,Electronics,North,7,15300.0,15,107100.0,March,2023,3,1
ORD00967,2023-10-25,C0199,P002,Mobile Phone,Electronics,East,9,15300.0,15,137700.0,October,2023,10,4
ORD00968,2023-06-18,C0150,P010,Notebook,Stationery,West,2,60.0,0,120.0,June,2023,6,2
ORD00969,2023-02-24,C0045,P007,Jeans,Clothing,South,4,1499.0,0,5996.0,February,2023,2,1
ORD00970,2023-09-09,C0137,P005,Study Table,Furniture,East,10,12000.0,0,120000.0,September,2023,9,3
ORD00971,2023-12-16,C0064,P009,Cooking Oil,Groceries,East,7,190.0,5,1330.0,December,2023,12,4
ORD00972,2023-07-08,C0079,P006,T-Shirt,Clothing,North,8,679.15,15,5433.2,July,2023,7,3
ORD00973,2023-12-10,C0062,P001,Laptop,Electronics,East,1,38250.0,15,38250.0,December,2023,12,4
ORD00975,2023-05-01,C0077,P005,Study Table,Furniture,South,5,12000.0,0,60000.0,May,2023,5,2
ORD00976,2023-07-28,C0009,P008,Rice 5kg,Groceries,East,6,297.5,15,1785.0,July,2023,7,3
ORD00977,2023-07-31,C0086,P008,Rice 5kg,Groceries,West,8,297.5,15,2380.0,July,2023,7,3
ORD00978,2023-02-03,C0091,P003,Headphones,Electronics,West,5,2250.0,10,11250.0,February,2023,2,1
ORD00979,2023-01-15,C0196,P006,T-Shirt,Clothing,North,8,679.15,15,5433.2,January,2023,1,1
ORD00980,2023-07-25,C0052,P008,Rice 5kg,Groceries,East,3,350.0,0,1050.0,July,2023,7,3
ORD00981,2023-11-29,C0196,P003,Headphones,Electronics,South,4,2250.0,10,9000.0,November,2023,11,4
ORD00982,2023-03-10,C0067,P006,T-Shirt,Clothing,South,8,759.05,5,6072.4,March,2023,3,1
ORD00983,2023-08-01,C0095,P005,Study Table,Furniture,South,4,12000.0,0,48000.0,August,2023,8,3
ORD00984,2023-01-12,C0143,P010,Notebook,Stationery,South,4,60.0,0,240.0,January,2023,1,1
ORD00985,2023-03-28,C0013,P004,Desk Chair,Furniture,West,5,6800.0,15,34000.0,March,2023,3,1
ORD00987,2023-04-25,C0183,P008,Rice 5kg,Groceries,South,8,350.0,0,2800.0,April,2023,4,2
ORD00988,2023-09-11,C0098,P005,Study Table,Furniture,South,5,10200.0,15,51000.0,September,2023,9,3
ORD00989,2023-12-13,C0049,P004,Desk Chair,Furniture,West,5,6800.0,15,34000.0,December,2023,12,4
ORD00990,2023-05-01,C0159,P001,Laptop,Electronics,West,5,45000.0,0,225000.0,May,2023,5,2
ORD00991,2023-08-29,C0035,P008,Rice 5kg,Groceries,East,2,350.0,0,700.0,August,2023,8,3
ORD00992,2023-08-05,C0189,P004,Desk Chair,Furniture,East,7,6800.0,15,47600.0,August,2023,8,3
ORD00994,2023-12-10,C0095,P007,Jeans,Clothing,South,5,1424.05,5,7120.25,December,2023,12,4
ORD00995,2023-03-28,C0129,P010,Notebook,Stationery,West,3,60.0,0,180.0,March,2023,3,1
ORD00996,2023-12-30,C0136,P003,Headphones,Electronics,West,2,2500.0,0,5000.0,December,2023,12,4
ORD00997,2023-05-24,C0192,P001,Laptop,Electronics,East,3,42750.0,5,128250.0,May,2023,5,2
ORD00998,2023-09-22,C0081,P005,Study Table,Furniture,West,10,12000.0,0,120000.0,September,2023,9,3
ORD00999,2023-12-03,C0163,P008,Rice 5kg,Groceries,West,3,315.0,10,945.0,December,2023,12,4
ORD01000,2023-08-29,C0067,P004,Desk Chair,Furniture,South,3,8000.0,0,24000.0,August,2023,8,3
ORD01001,2023-07-02,C0182,P008,Rice 5kg,Groceries,West,1,332.5,5,332.5,July,2023,7,3
ORD01002,2023-02-17,C0053,P003,Headphones,Electronics,East,2,2500.0,0,5000.0,February,2023,2,1
ORD01003,2023-12-06,C0150,P009,Cooking Oil,Groceries,South,5,180.0,10,900.0,December,2023,12,4
ORD01004,2023-08-02,C0020,P009,Cooking Oil,Groceries,South,10,200.0,0,2000.0,August,2023,8,3
ORD01005,2023-12-15,C0175,P006,T-Shirt,Clothing,North,1,799.0,0,799.0,December,2023,12,4
ORD01006,2023-01-15,C0021,P002,Mobile Phone,Electronics,West,6,18000.0,0,108000.0,January,2023,1,1
ORD01007,2023-12-03,C0002,P008,Rice 5kg,Groceries,East,5,315.0,10,1575.0,December,2023,12,4
ORD01008,2023-10-19,C0034,P008,Rice 5kg,Groceries,South,6,297.5,15,1785.0,October,2023,10,4
ORD01009,2023-02-06,C0141,P005,Study Table,Furniture,West,6,12000.0,0,72000.0,February,2023,2,1
ORD01010,2023-01-11,C0054,P004,Desk Chair,Furniture,South,7,8000.0,0,56000.0,January,2023,1,1
ORD01011,2023-09-09,C0111,P003,Headphones,Electronics,East,2,2500.0,0,5000.0,September,2023,9,3
ORD01012,2023-09-20,C0052,P006,T-Shirt,Clothing,West,2,799.0,0,1598.0,September,2023,9,3
ORD01013,2023-08-05,C0024,P005,Study Table,Furniture,West,10,10800.0,10,108000.0,August,2023,8,3
ORD01014,2023-01-21,C0132,P007,Jeans,Clothing,East,7,1499.0,0,10493.0,January,2023,1,1
ORD01015,2023-11-19,C0166,P003,Headphones,Electronics,North,8,2250.0,10,18000.0,November,2023,11,4
ORD01016,2023-03-07,C0176,P008,Rice 5kg,Groceries,East,5,350.0,0,1750.0,March,2023,3,1
ORD01017,2023-10-10,C0020,P005,Study Table,Furniture,North,10,12000.0,0,120000.0,October,2023,10,4
ORD01018,2023-12-05,C0185,P007,Jeans,Clothing,East,2,1424.05,5,2848.1,December,2023,12,4
ORD01019,2023-12-05,C0119,P009,Cooking Oil,Groceries,South,1,200.0,0,200.0,December,2023,12,4
ORD01020,2023-12-27,C0077,P001,Laptop,Electronics,East,2,42750.0,5,85500.0,December,2023,12,4
ORD01021,2023-06-24,C0048,P008,Rice 5kg,Groceries,South,10,350.0,0,3500.0,June,2023,6,2
ORD01023,2023-12-21,C0104,P003,Headphones,Electronics,West,8,2375.0,5,19000.0,December,2023,12,4
ORD01024,2023-12-11,C0177,P010,Notebook,Stationery,West,6,51.0,15,306.0,December,2023,12,4
ORD01025,2023-02-27,C0005,P003,Headphones,Electronics,South,1,2500.0,0,2500.0,February,2023,2,1
ORD01026,2023-11-17,C0138,P003,Headphones,Electronics,South,4,2375.0,5,9500.0,November,2023,11,4
ORD01027,2023-01-12,C0030,P003,Headphones,Electronics,South,8,2375.0,5,19000.0,January,2023,1,1
ORD01028,2023-01-11,C0116,P008,Rice 5kg,Groceries,South,8,332.5,5,2660.0,January,2023,1,1
ORD01029,2023-01-05,C0027,P007,Jeans,Clothing,West,1,1499.0,0,1499.0,January,2023,1,1
ORD01030,2023-10-11,C0075,P010,Notebook,Stationery,North,10,51.0,15,510.0,October,2023,10,4
ORD01031,2023-09-07,C0060,P010,Notebook,Stationery,North,10,51.0,15,510.0,September,2023,9,3
ORD01032,2023-05-18,C0166,P006,T-Shirt,Clothing,West,9,799.0,0,7191.0,May,2023,5,2
ORD01033,2023-12-24,C0112,P010,Notebook,Stationery,North,6,57.0,5,342.0,December,2023,12,4
ORD01034,2023-04-29,C0130,P008,Rice 5kg,Groceries,South,6,332.5,5,1995.0,April,2023,4,2
ORD01035,2023-05-31,C0186,P010,Notebook,Stationery,West,8,60.0,0,480.0,May,2023,5,2
ORD01036,2023-11-15,C0054,P006,T-Shirt,Clothing,East,8,799.0,0,6392.0,November,2023,11,4
ORD01037,2023-04-13,C0041,P008,Rice 5kg,Groceries,West,3,350.0,0,1050.0,April,2023,4,2
ORD01038,2023-04-18,C0143,P008,Rice 5kg,Groceries,North,5,350.0,0,1750.0,April,2023,4,2
ORD01039,2023-03-23,C0045,P005,Study Table,Furniture,North,6,10200.0,15,61200.0,March,2023,3,1
ORD01040,2023-03-03,C0144,P002,Mobile Phone,Electronics,South,10,18000.0,0,180000.0,March,2023,3,1
ORD01041,2023-05-17,C0039,P006,T-Shirt,Clothing,North,1,719.1,10,719.1,May,2023,5,2
ORD01042,2023-02-24,C0157,P008,Rice 5kg,Groceries,North,8,350.0,0,2800.0,February,2023,2,1
ORD01043,2023-03-02,C0053,P002,Mobile Phone,Electronics,East,3,15300.0,15,45900.0,March,2023,3,1
ORD01044,2023-02-20,C0040,P008,Rice 5kg,Groceries,East,9,332.5,5,2992.5,February,2023,2,1
ORD01045,2023-01-04,C0063,P004,Desk Chair,Furniture,West,8,7600.0,5,60800.0,January,2023,1,1
ORD01046,2023-08-01,C0093,P002,Mobile Phone,Electronics,South,5,18000.0,0,90000.0,August,2023,8,3
ORD01047,2023-08-08,C0106,P007,Jeans,Clothing,West,4,1499.0,0,5996.0,August,2023,8,3
ORD01048,2023-08-15,C0038,P009,Cooking Oil,Groceries,North,6,200.0,0,1200.0,August,2023,8,3
ORD01049,2023-06-11,C0103,P002,Mobile Phone,Electronics,South,2,18000.0,0,36000.0,June,2023,6,2
ORD01050,2023-01-30,C0162,P001,Laptop,Electronics,East,3,40500.0,10,121500.0,January,2023,1,1
ORD01051,2023-06-10,C0089,P009,Cooking Oil,Groceries,North,5,170.0,15,850.0,June,2023,6,2
ORD01052,2023-07-26,C0115,P010,Notebook,Stationery,South,3,51.0,15,153.0,July,2023,7,3
ORD01053,2023-06-26,C0167,P010,Notebook,Stationery,West,8,51.0,15,408.0,June,2023,6,2
ORD01054,2023-06-21,C0100,P002,Mobile Phone,Electronics,South,1,16200.0,10,16200.0,June,2023,6,2
ORD01055,2023-10-10,C0080,P004,Desk Chair,Furniture,East,2,7200.0,10,14400.0,October,2023,10,4
ORD01056,2023-05-13,C0062,P001,Laptop,Electronics,East,9,40500.0,10,364500.0,May,2023,5,2
ORD01057,2023-05-13,C0161,P002,Mobile Phone,Electronics,East,1,18000.0,0,18000.0,May,2023,5,2
ORD01058,2023-10-21,C0189,P002,Mobile Phone,Electronics,North,8,18000.0,0,144000.0,October,2023,10,4
ORD01059,2023-11-18,C0171,P010,Notebook,Stationery,South,10,51.0,15,510.0,November,2023,11,4
ORD01060,2023-07-13,C0134,P010,Notebook,Stationery,South,3,51.0,15,153.0,July,2023,7,3
ORD01061,2023-02-20,C0038,P004,Desk Chair,Furniture,West,6,7600.0,5,45600.0,February,2023,2,1
ORD01062,2023-09-01,C0055,P001,Laptop,Electronics,West,7,45000.0,0,315000.0,September,2023,9,3
ORD01063,2023-09-23,C0200,P007,Jeans,Clothing,West,10,1349.1,10,13491.0,September,2023,9,3
ORD01064,2023-09-08,C0188,P007,Jeans,Clothing,West,8,1274.15,15,10193.2,September,2023,9,3
ORD01065,2023-08-23,C0034,P003,Headphones,Electronics,North,8,2125.0,15,17000.0,August,2023,8,3
ORD01066,2023-07-09,C0031,P001,Laptop,Electronics,West,3,40500.0,10,121500.0,July,2023,7,3
ORD01067,2023-03-20,C0031,P005,Study Table,Furniture,East,1,10800.0,10,10800.0,March,2023,3,1
ORD01068,2023-03-15,C0037,P005,Study Table,Furniture,West,8,12000.0,0,96000.0,March,2023,3,1
ORD01069,2023-09-08,C0001,P005,Study Table,Furniture,North,4,12000.0,0,48000.0,September,2023,9,3
ORD01070,2023-10-21,C0080,P001,Laptop,Electronics,West,7,42750.0,5,299250.0,October,2023,10,4
ORD01071,2023-03-12,C0130,P008,Rice 5kg,Groceries,West,10,350.0,0,3500.0,March,2023,3,1
ORD01072,2023-11-16,C0171,P003,Headphones,Electronics,West,6,2500.0,0,15000.0,November,2023,11,4
ORD01073,2023-12-10,C0114,P006,T-Shirt,Clothing,East,9,799.0,0,7191.0,December,2023,12,4
ORD01074,2023-12-29,C0080,P001,Laptop,Electronics,North,10,38250.0,15,382500.0,December,2023,12,4
ORD01075,2023-01-28,C0146,P010,Notebook,Stationery,South,9,54.0,10,486.0,January,2023,1,1
ORD01076,2023-09-30,C0047,P001,Laptop,Electronics,North,2,38250.0,15,76500.0,September,2023,9,3
ORD01077,2023-10-01,C0156,P010,Notebook,Stationery,East,8,60.0,0,480.0,October,2023,10,4
ORD01078,2023-04-03,C0107,P001,Laptop,Electronics,North,6,42750.0,5,256500.0,April,2023,4,2
ORD01079,2023-02-20,C0139,P005,Study Table,Furniture,South,2,12000.0,0,24000.0,February,2023,2,1
ORD01080,2023-07-28,C0174,P002,Mobile Phone,Electronics,South,3,18000.0,0,54000.0,July,2023,7,3
ORD01081,2023-01-30,C0077,P003,Headphones,Electronics,West,1,2125.0,15,2125.0,January,2023,1,1
ORD01082,2023-03-03,C0014,P006,T-Shirt,Clothing,South,5,759.05,5,3795.25,March,2023,3,1
ORD01083,2023-09-16,C0099,P004,Desk Chair,Furniture,North,8,7200.0,10,57600.0,September,2023,9,3
ORD01084,2023-09-05,C0008,P009,Cooking Oil,Groceries,West,7,200.0,0,1400.0,September,2023,9,3
ORD01085,2023-10-28,C0173,P001,Laptop,Electronics,North,5,40500.0,10,202500.0,October,2023,10,4
ORD01086,2023-07-28,C0115,P003,Headphones,Electronics,North,5,2250.0,10,11250.0,July,2023,7,3
ORD01087,2023-03-28,C0063,P003,Headphones,Electronics,West,6,2250.0,10,13500.0,March,2023,3,1
ORD01089,2023-05-09,C0175,P008,Rice 5kg,Groceries,West,5,315.0,10,1575.0,May,2023,5,2
ORD01090,2023-05-25,C0012,P004,Desk Chair,Furniture,South,10,7200.0,10,72000.0,May,2023,5,2
ORD01091,2023-12-24,C0032,P005,Study Table,Furniture,South,2,11400.0,5,22800.0,December,2023,12,4
ORD01092,2023-09-16,C0082,P007,Jeans,Clothing,East,4,1349.1,10,5396.4,September,2023,9,3
ORD01093,2023-12-06,C0083,P008,Rice 5kg,Groceries,East,5,350.0,0,1750.0,December,2023,12,4
ORD01094,2023-03-10,C0166,P006,T-Shirt,Clothing,North,1,679.15,15,679.15,March,2023,3,1
ORD01095,2023-10-12,C0179,P001,Laptop,Electronics,West,3,42750.0,5,128250.0,October,2023,10,4
ORD01096,2023-12-10,C0114,P002,Mobile Phone,Electronics,North,9,18000.0,0,162000.0,December,2023,12,4
ORD01097,2023-04-01,C0197,P010,Notebook,Stationery,North,6,57.0,5,342.0,April,2023,4,2
ORD01098,2023-04-24,C0191,P004,Desk Chair,Furniture,North,8,8000.0,0,64000.0,April,2023,4,2
ORD01099,2023-11-11,C0161,P006,T-Shirt,Clothing,East,4,799.0,0,3196.0,November,2023,11,4
ORD01101,2023-10-19,C0129,P007,Jeans,Clothing,West,2,1499.0,0,2998.0,October,2023,10,4
ORD01102,2023-03-31,C0017,P010,Notebook,Stationery,South,10,54.0,10,540.0,March,2023,3,1
ORD01103,2023-05-21,C0050,P010,Notebook,Stationery,North,4,54.0,10,216.0,May,2023,5,2
ORD01105,2023-07-28,C0071,P001,Laptop,Electronics,North,6,42750.0,5,256500.0,July,2023,7,3
ORD01106,2023-04-25,C0013,P006,T-Shirt,Clothing,East,9,799.0,0,7191.0,April,2023,4,2
ORD01107,2023-04-10,C0086,P006,T-Shirt,Clothing,North,1,759.05,5,759.05,April,2023,4,2
ORD01108,2023-05-08,C0051,P004,Desk Chair,Furniture,South,7,8000.0,0,56000.0,May,2023,5,2
ORD01109,2023-08-10,C0007,P002,Mobile Phone,Electronics,East,1,17100.0,5,17100.0,August,2023,8,3
ORD01110,2023-01-28,C0086,P008,Rice 5kg,Groceries,South,4,350.0,0,1400.0,January,2023,1,1
ORD01111,2023-11-17,C0115,P010,Notebook,Stationery,North,8,60.0,0,480.0,November,2023,11,4
ORD01112,2023-12-22,C0017,P001,Laptop,Electronics,South,7,45000.0,0,315000.0,December,2023,12,4
ORD01113,2023-11-17,C0111,P001,Laptop,Electronics,North,5,40500.0,10,202500.0,November,2023,11,4
ORD01114,2023-07-25,C0025,P001,Laptop,Electronics,West,5,42750.0,5,213750.0,July,2023,7,3
ORD01115,2023-07-16,C0119,P010,Notebook,Stationery,West,1,57.0,5,57.0,July,2023,7,3
ORD01116,2023-09-22,C0085,P006,T-Shirt,Clothing,South,1,759.05,5,759.05,September,2023,9,3
ORD01117,2023-10-21,C0033,P002,Mobile Phone,Electronics,East,10,18000.0,0,180000.0,October,2023,10,4
ORD01118,2023-05-05,C0036,P010,Notebook,Stationery,North,8,60.0,0,480.0,May,2023,5,2
ORD01119,2023-07-03,C0080,P007,Jeans,Clothing,South,9,1274.15,15,11467.35,July,2023,7,3
ORD01120,2023-01-05,C0133,P006,T-Shirt,Clothing,South,5,799.0,0,3995.0,January,2023,1,1
ORD01121,2023-06-26,C0051,P009,Cooking Oil,Groceries,South,1,190.0,5,190.0,June,2023,6,2
ORD01122,2023-12-08,C0122,P002,Mobile Phone,Electronics,West,6,18000.0,0,108000.0,December,2023,12,4
ORD01123,2023-11-12,C0077,P010,Notebook,Stationery,West,10,60.0,0,600.0,November,2023,11,4
ORD01124,2023-01-02,C0164,P001,Laptop,Electronics,South,8,45000.0,0,360000.0,January,2023,1,1
ORD01125,2023-06-19,C0190,P004,Desk Chair,Furniture,West,4,7600.0,5,30400.0,June,2023,6,2
ORD01126,2023-02-07,C0092,P001,Laptop,Electronics,North,6,45000.0,0,270000.0,February,2023,2,1
ORD01127,2023-10-27,C0196,P008,Rice 5kg,Groceries,East,4,297.5,15,1190.0,October,2023,10,4
ORD01128,2023-04-23,C0068,P004,Desk Chair,Furniture,South,5,8000.0,0,40000.0,April,2023,4,2
ORD01130,2023-04-18,C0079,P007,Jeans,Clothing,West,2,1499.0,0,2998.0,April,2023,4,2
ORD01131,2023-08-11,C0183,P003,Headphones,Electronics,North,9,2250.0,10,20250.0,August,2023,8,3
ORD01132,2023-09-30,C0097,P003,Headphones,Electronics,East,4,2500.0,0,10000.0,September,2023,9,3
ORD01133,2023-10-28,C0049,P004,Desk Chair,Furniture,East,1,7200.0,10,7200.0,October,2023,10,4
ORD01134,2023-09-18,C0150,P001,Laptop,Electronics,West,5,45000.0,0,225000.0,September,2023,9,3
ORD01135,2023-03-27,C0131,P008,Rice 5kg,Groceries,West,10,350.0,0,3500.0,March,2023,3,1
ORD01136,2023-09-23,C0119,P009,Cooking Oil,Groceries,South,6,190.0,5,1140.0,September,2023,9,3
ORD01137,2023-05-18,C0149,P008,Rice 5kg,Groceries,West,8,332.5,5,2660.0,May,2023,5,2
ORD01138,2023-04-14,C0116,P001,Laptop,Electronics,South,4,45000.0,0,180000.0,April,2023,4,2
ORD01139,2023-07-11,C0066,P007,Jeans,Clothing,North,10,1499.0,0,14990.0,July,2023,7,3
ORD01140,2023-04-28,C0150,P008,Rice 5kg,Groceries,North,9,350.0,0,3150.0,April,2023,4,2
ORD01141,2023-08-10,C0105,P007,Jeans,Clothing,East,8,1424.05,5,11392.4,August,2023,8,3
ORD01142,2023-08-15,C0060,P007,Jeans,Clothing,East,1,1499.0,0,1499.0,August,2023,8,3
ORD01143,2023-09-20,C0140,P002,Mobile Phone,Electronics,North,5,16200.0,10,81000.0,September,2023,9,3
ORD01144,2023-07-04,C0010,P002,Mobile Phone,Electronics,South,2,18000.0,0,36000.0,July,2023,7,3
ORD01145,2023-12-16,C0071,P005,Study Table,Furniture,South,5,10200.0,15,51000.0,December,2023,12,4
ORD01146,2023-06-03,C0073,P009,Cooking Oil,Groceries,East,5,200.0,0,1000.0,June,2023,6,2
ORD01147,2023-01-07,C0121,P007,Jeans,Clothing,South,10,1274.15,15,12741.5,January,2023,1,1
ORD01148,2023-09-22,C0151,P004,Desk Chair,Furniture,West,8,8000.0,0,64000.0,September,2023,9,3
ORD01149,2023-08-08,C0198,P002,Mobile Phone,Electronics,West,6,18000.0,0,108000.0,August,2023,8,3
ORD01150,2023-03-13,C0148,P009,Cooking Oil,Groceries,South,1,200.0,0,200.0,March,2023,3,1
ORD01151,2023-04-26,C0108,P008,Rice 5kg,Groceries,West,6,350.0,0,2100.0,April,2023,4,2
ORD01152,2023-10-28,C0006,P009,Cooking Oil,Groceries,North,5,200.0,0,1000.0,October,2023,10,4
ORD01153,2023-11-05,C0156,P006,T-Shirt,Clothing,West,10,679.15,15,6791.5,November,2023,11,4
ORD01154,2023-07-17,C0049,P007,Jeans,Clothing,West,2,1349.1,10,2698.2,July,2023,7,3
ORD01155,2023-03-29,C0027,P008,Rice 5kg,Groceries,South,5,350.0,0,1750.0,March,2023,3,1
ORD01156,2023-04-12,C0018,P008,Rice 5kg,Groceries,West,1,350.0,0,350.0,April,2023,4,2
ORD01157,2023-01-30,C0095,P009,Cooking Oil,Groceries,North,2,190.0,5,380.0,January,2023,1,1
ORD01158,2023-02-26,C0034,P007,Jeans,Clothing,West,7,1499.0,0,10493.0,February,2023,2,1
ORD01159,2023-06-08,C0111,P004,Desk Chair,Furniture,West,3,8000.0,0,24000.0,June,2023,6,2
ORD01160,2023-09-15,C0184,P005,Study Table,Furniture,West,10,12000.0,0,120000.0,September,2023,9,3
ORD01161,2023-07-24,C0155,P003,Headphones,Electronics,South,8,2500.0,0,20000.0,July,2023,7,3
ORD01162,2023-10-22,C0011,P008,Rice 5kg,Groceries,North,8,332.5,5,2660.0,October,2023,10,4
ORD01163,2023-12-31,C0077,P008,Rice 5kg,Groceries,West,6,297.5,15,1785.0,December,2023,12,4
ORD01164,2023-04-02,C0159,P003,Headphones,Electronics,West,7,2500.0,0,17500.0,April,2023,4,2
ORD01165,2023-07-21,C0179,P003,Headphones,Electronics,North,10,2500.0,0,25000.0,July,2023,7,3
ORD01166,2023-12-08,C0018,P005,Study Table,Furniture,South,9,12000.0,0,108000.0,December,2023,12,4
ORD01167,2023-02-09,C0194,P009,Cooking Oil,Groceries,North,2,200.0,0,400.0,February,2023,2,1
ORD01168,2023-05-10,C0054,P007,Jeans,Clothing,North,8,1499.0,0,11992.0,May,2023,5,2
ORD01169,2023-07-24,C0050,P008,Rice 5kg,Groceries,West,7,350.0,0,2450.0,July,2023,7,3
ORD01170,2023-08-26,C0125,P003,Headphones,Electronics,West,6,2125.0,15,12750.0,August,2023,8,3
ORD01171,2023-08-30,C0072,P004,Desk Chair,Furniture,South,8,8000.0,0,64000.0,August,2023,8,3
ORD01172,2023-03-05,C0137,P002,Mobile Phone,Electronics,West,3,18000.0,0,54000.0,March,2023,3,1
ORD01173,2023-08-14,C0092,P001,Laptop,Electronics,South,5,45000.0,0,225000.0,August,2023,8,3
ORD01174,2023-12-23,C0013,P009,Cooking Oil,Groceries,North,4,190.0,5,760.0,December,2023,12,4
ORD01175,2023-01-25,C0198,P001,Laptop,Electronics,West,10,45000.0,0,450000.0,January,2023,1,1
ORD01177,2023-02-19,C0171,P004,Desk Chair,Furniture,South,2,8000.0,0,16000.0,February,2023,2,1
ORD01178,2023-06-15,C0144,P009,Cooking Oil,Groceries,South,2,200.0,0,400.0,June,2023,6,2
ORD01179,2023-04-29,C0055,P007,Jeans,Clothing,North,7,1499.0,0,10493.0,April,2023,4,2
ORD01180,2023-07-19,C0055,P007,Jeans,Clothing,West,6,1499.0,0,8994.0,July,2023,7,3
ORD01181,2023-01-23,C0018,P005,Study Table,Furniture,South,10,12000.0,0,120000.0,January,2023,1,1
ORD01182,2023-10-02,C0146,P008,Rice 5kg,Groceries,South,2,297.5,15,595.0,October,2023,10,4
ORD01183,2023-12-22,C0035,P006,T-Shirt,Clothing,East,7,679.15,15,4754.05,December,2023,12,4
ORD01184,2023-06-21,C0005,P006,T-Shirt,Clothing,West,8,799.0,0,6392.0,June,2023,6,2
ORD01186,2023-08-08,C0194,P002,Mobile Phone,Electronics,South,5,18000.0,0,90000.0,August,2023,8,3
ORD01187,2023-04-14,C0039,P006,T-Shirt,Clothing,West,8,799.0,0,6392.0,April,2023,4,2
ORD01188,2023-06-18,C0035,P010,Notebook,Stationery,East,8,51.0,15,408.0,June,2023,6,2
ORD01189,2023-11-28,C0074,P001,Laptop,Electronics,North,9,42750.0,5,384750.0,November,2023,11,4
ORD01190,2023-10-04,C0014,P006,T-Shirt,Clothing,South,4,799.0,0,3196.0,October,2023,10,4
ORD01191,2023-09-24,C0083,P004,Desk Chair,Furniture,South,10,7600.0,5,76000.0,September,2023,9,3
ORD01192,2023-01-27,C0163,P008,Rice 5kg,Groceries,South,2,350.0,0,700.0,January,2023,1,1
ORD01193,2023-04-15,C0061,P003,Headphones,Electronics,North,10,2250.0,10,22500.0,April,2023,4,2
ORD01194,2023-08-06,C0046,P003,Headphones,Electronics,South,4,2500.0,0,10000.0,August,2023,8,3
ORD01195,2023-02-10,C0093,P004,Desk Chair,Furniture,West,5,7600.0,5,38000.0,February,2023,2,1
ORD01196,2023-08-10,C0195,P007,Jeans,Clothing,South,9,1349.1,10,12141.9,August,2023,8,3
ORD01197,2023-02-12,C0195,P001,Laptop,Electronics,East,7,42750.0,5,299250.0,February,2023,2,1
ORD01198,2023-08-26,C0079,P003,Headphones,Electronics,West,5,2375.0,5,11875.0,August,2023,8,3
ORD01199,2023-03-11,C0184,P008,Rice 5kg,Groceries,West,2,350.0,0,700.0,March,2023,3,1
ORD01200,2023-07-11,C0126,P001,Laptop,Electronics,West,1,40500.0,10,40500.0,July,2023,7,3
ORD01201,2023-06-07,C0165,P006,T-Shirt,Clothing,North,7,759.05,5,5313.35,June,2023,6,2
ORD01202,2023-03-25,C0050,P002,Mobile Phone,Electronics,West,7,16200.0,10,113400.0,March,2023,3,1
ORD01203,2023-09-08,C0163,P006,T-Shirt,Clothing,East,9,679.15,15,6112.35,September,2023,9,3
ORD01204,2023-09-02,C0009,P007,Jeans,Clothing,East,4,1499.0,0,5996.0,September,2023,9,3
ORD01205,2023-08-22,C0175,P003,Headphones,Electronics,South,5,2250.0,10,11250.0,August,2023,8,3
ORD01206,2023-02-17,C0165,P003,Headphones,Electronics,West,1,2500.0,0,2500.0,February,2023,2,1
ORD01207,2023-08-05,C0043,P002,Mobile Phone,Electronics,West,9,18000.0,0,162000.0,August,2023,8,3
ORD01208,2023-06-07,C0188,P009,Cooking Oil,Groceries,West,7,180.0,10,1260.0,June,2023,6,2
ORD01209,2023-10-21,C0199,P002,Mobile Phone,Electronics,East,2,15300.0,15,30600.0,October,2023,10,4
ORD01210,2023-06-07,C0002,P004,Desk Chair,Furniture,South,7,6800.0,15,47600.0,June,2023,6,2
ORD01211,2023-08-02,C0168,P002,Mobile Phone,Electronics,East,7,16200.0,10,113400.0,August,2023,8,3
ORD01212,2023-03-10,C0051,P006,T-Shirt,Clothing,West,3,679.15,15,2037.45,March,2023,3,1
ORD01213,2023-04-06,C0052,P008,Rice 5kg,Groceries,North,10,350.0,0,3500.0,April,2023,4,2
ORD01214,2023-08-14,C0161,P004,Desk Chair,Furniture,North,5,7600.0,5,38000.0,August,2023,8,3
ORD01215,2023-03-05,C0071,P005,Study Table,Furniture,North,2,11400.0,5,22800.0,March,2023,3,1
ORD01216,2023-02-21,C0003,P008,Rice 5kg,Groceries,North,8,297.5,15,2380.0,February,2023,2,1
ORD01217,2023-04-19,C0134,P010,Notebook,Stationery,North,1,60.0,0,60.0,April,2023,4,2
ORD01218,2023-06-22,C0155,P005,Study Table,Furniture,West,8,11400.0,5,91200.0,June,2023,6,2
ORD01219,2023-07-04,C0171,P006,T-Shirt,Clothing,West,6,799.0,0,4794.0,July,2023,7,3
ORD01220,2023-01-02,C0117,P006,T-Shirt,Clothing,West,6,799.0,0,4794.0,January,2023,1,1
ORD01221,2023-03-04,C0136,P003,Headphones,Electronics,East,1,2250.0,10,2250.0,March,2023,3,1
ORD01222,2023-11-13,C0176,P004,Desk Chair,Furniture,West,6,7600.0,5,45600.0,November,2023,11,4
ORD01223,2023-11-21,C0093,P001,Laptop,Electronics,North,6,45000.0,0,270000.0,November,2023,11,4
ORD01224,2023-09-06,C0103,P008,Rice 5kg,Groceries,North,4,315.0,10,1260.0,September,2023,9,3
ORD01225,2023-07-17,C0076,P008,Rice 5kg,Groceries,South,2,297.5,15,595.0,July,2023,7,3
ORD01226,2023-03-07,C0128,P010,Notebook,Stationery,North,9,60.0,0,540.0,March,2023,3,1
ORD01227,2023-08-17,C0030,P009,Cooking Oil,Groceries,West,8,200.0,0,1600.0,August,2023,8,3
ORD01228,2023-12-25,C0023,P004,Desk Chair,Furniture,North,3,6800.0,15,20400.0,December,2023,12,4
ORD01229,2023-05-24,C0057,P003,Headphones,Electronics,East,6,2375.0,5,14250.0,May,2023,5,2
ORD01230,2023-11-21,C0186,P002,Mobile Phone,Electronics,West,3,16200.0,10,48600.0,November,2023,11,4
ORD01231,2023-02-03,C0165,P004,Desk Chair,Furniture,East,10,7200.0,10,72000.0,February,2023,2,1
ORD01232,2023-04-30,C0058,P007,Jeans,Clothing,East,9,1424.05,5,12816.45,April,2023,4,2
ORD01233,2023-10-31,C0049,P002,Mobile Phone,Electronics,North,6,15300.0,15,91800.0,October,2023,10,4
ORD01234,2023-01-01,C0080,P006,T-Shirt,Clothing,North,7,719.1,10,5033.7,January,2023,1,1
ORD01235,2023-07-06,C0174,P007,Jeans,Clothing,South,7,1499.0,0,10493.0,July,2023,7,3
ORD01236,2023-01-05,C0138,P004,Desk Chair,Furniture,West,2,7600.0,5,15200.0,January,2023,1,1
ORD01237,2023-12-15,C0117,P005,Study Table,Furniture,South,4,11400.0,5,45600.0,December,2023,12,4
ORD01238,2023-06-08,C0129,P001,Laptop,Electronics,North,10,45000.0,0,450000.0,June,2023,6,2
ORD01239,2023-04-21,C0127,P010,Notebook,Stationery,East,8,51.0,15,408.0,April,2023,4,2
ORD01240,2023-04-18,C0188,P006,T-Shirt,Clothing,South,3,679.15,15,2037.45,April,2023,4,2
ORD01241,2023-07-20,C0077,P003,Headphones,Electronics,South,8,2125.0,15,17000.0,July,2023,7,3
ORD01242,2023-08-31,C0090,P006,T-Shirt,Clothing,West,7,679.15,15,4754.05,August,2023,8,3
ORD01243,2023-04-10,C0180,P005,Study Table,Furniture,West,5,10200.0,15,51000.0,April,2023,4,2
ORD01244,2023-06-05,C0118,P010,Notebook,Stationery,South,1,51.0,15,51.0,June,2023,6,2
ORD01245,2023-04-18,C0056,P008,Rice 5kg,Groceries,South,5,350.0,0,1750.0,April,2023,4,2
ORD01246,2023-03-17,C0097,P010,Notebook,Stationery,West,2,51.0,15,102.0,March,2023,3,1
ORD01247,2023-08-31,C0046,P001,Laptop,Electronics,North,2,45000.0,0,90000.0,August,2023,8,3
ORD01248,2023-03-18,C0161,P006,T-Shirt,Clothing,West,10,759.05,5,7590.5,March,2023,3,1
ORD01249,2023-12-19,C0153,P007,Jeans,Clothing,South,8,1499.0,0,11992.0,December,2023,12,4
ORD01250,2023-07-15,C0071,P002,Mobile Phone,Electronics,West,8,15300.0,15,122400.0,July,2023,7,3
ORD01252,2023-12-22,C0191,P010,Notebook,Stationery,North,8,60.0,0,480.0,December,2023,12,4
ORD01253,2023-10-20,C0033,P008,Rice 5kg,Groceries,North,7,350.0,0,2450.0,October,2023,10,4
ORD01254,2023-12-25,C0006,P009,Cooking Oil,Groceries,West,3,190.0,5,570.0,December,2023,12,4
ORD01255,2023-09-23,C0150,P009,Cooking Oil,Groceries,North,8,200.0,0,1600.0,September,2023,9,3
ORD01256,2023-12-22,C0047,P002,Mobile Phone,Electronics,North,3,16200.0,10,48600.0,December,2023,12,4
ORD01257,2023-10-22,C0053,P002,Mobile Phone,Electronics,South,1,18000.0,0,18000.0,October,2023,10,4
ORD01258,2023-09-17,C0077,P001,Laptop,Electronics,East,2,45000.0,0,90000.0,September,2023,9,3
ORD01259,2023-01-24,C0133,P001,Laptop,Electronics,East,4,45000.0,0,180000.0,January,2023,1,1
ORD01260,2023-06-10,C0134,P010,Notebook,Stationery,East,8,51.0,15,408.0,June,2023,6,2
ORD01261,2023-01-19,C0049,P002,Mobile Phone,Electronics,South,1,18000.0,0,18000.0,January,2023,1,1
ORD01262,2023-04-21,C0152,P003,Headphones,Electronics,East,10,2250.0,10,22500.0,April,2023,4,2
ORD01263,2023-05-11,C0067,P007,Jeans,Clothing,West,2,1349.1,10,2698.2,May,2023,5,2
ORD01264,2023-12-13,C0109,P008,Rice 5kg,Groceries,South,2,350.0,0,700.0,December,2023,12,4
ORD01265,2023-07-10,C0145,P005,Study Table,Furniture,South,4,10200.0,15,40800.0,July,2023,7,3
ORD01266,2023-11-06,C0064,P007,Jeans,Clothing,North,7,1499.0,0,10493.0,November,2023,11,4
ORD01267,2023-06-18,C0164,P009,Cooking Oil,Groceries,North,7,200.0,0,1400.0,June,2023,6,2
ORD01268,2023-05-21,C0003,P005,Study Table,Furniture,North,3,12000.0,0,36000.0,May,2023,5,2
ORD01269,2023-03-31,C0135,P007,Jeans,Clothing,East,2,1499.0,0,2998.0,March,2023,3,1
ORD01270,2023-12-25,C0147,P002,Mobile Phone,Electronics,East,9,18000.0,0,162000.0,December,2023,12,4
ORD01271,2023-07-19,C0047,P001,Laptop,Electronics,East,3,45000.0,0,135000.0,July,2023,7,3
ORD01272,2023-07-26,C0123,P009,Cooking Oil,Groceries,South,9,180.0,10,1620.0,July,2023,7,3
ORD01273,2023-07-13,C0146,P003,Headphones,Electronics,East,3,2500.0,0,7500.0,July,2023,7,3
ORD01274,2023-11-08,C0108,P006,T-Shirt,Clothing,West,4,679.15,15,2716.6,November,2023,11,4
ORD01275,2023-05-22,C0110,P008,Rice 5kg,Groceries,South,9,350.0,0,3150.0,May,2023,5,2
ORD01276,2023-02-16,C0163,P005,Study Table,Furniture,North,7,12000.0,0,84000.0,February,2023,2,1
ORD01277,2023-01-30,C0022,P002,Mobile Phone,Electronics,East,3,16200.0,10,48600.0,January,2023,1,1
ORD01278,2023-09-18,C0188,P001,Laptop,Electronics,South,7,38250.0,15,267750.0,September,2023,9,3
ORD01279,2023-01-08,C0158,P009,Cooking Oil,Groceries,South,2,190.0,5,380.0,January,2023,1,1
ORD01280,2023-06-26,C0063,P007,Jeans,Clothing,North,9,1274.15,15,11467.35,June,2023,6,2
ORD01281,2023-02-08,C0094,P009,Cooking Oil,Groceries,South,4,200.0,0,800.0,February,2023,2,1
ORD01282,2023-03-29,C0096,P007,Jeans,Clothing,North,8,1424.05,5,11392.4,March,2023,3,1
ORD01283,2023-06-03,C0124,P009,Cooking Oil,Groceries,East,2,200.0,0,400.0,June,2023,6,2
ORD01284,2023-06-06,C0165,P010,Notebook,Stationery,North,7,60.0,0,420.0,June,2023,6,2
ORD01285,2023-01-04,C0158,P008,Rice 5kg,Groceries,West,1,350.0,0,350.0,January,2023,1,1
ORD01287,2023-09-21,C0040,P004,Desk Chair,Furniture,West,2,7200.0,10,14400.0,September,2023,9,3
ORD01288,2023-08-29,C0102,P003,Headphones,Electronics,East,5,2500.0,0,12500.0,August,2023,8,3
ORD01289,2023-02-25,C0113,P003,Headphones,Electronics,West,9,2500.0,0,22500.0,February,2023,2,1
ORD01290,2023-12-30,C0051,P007,Jeans,Clothing,North,1,1499.0,0,1499.0,December,2023,12,4
ORD01291,2023-06-19,C0009,P007,Jeans,Clothing,South,7,1274.15,15,8919.05,June,2023,6,2
ORD01292,2023-09-08,C0141,P005,Study Table,Furniture,West,2,11400.0,5,22800.0,September,2023,9,3
ORD01293,2023-07-19,C0034,P006,T-Shirt,Clothing,North,7,719.1,10,5033.7,July,2023,7,3
ORD01294,2023-09-14,C0004,P003,Headphones,Electronics,South,3,2500.0,0,7500.0,September,2023,9,3
ORD01295,2023-01-05,C0112,P007,Jeans,Clothing,West,10,1274.15,15,12741.5,January,2023,1,1
ORD01296,2023-03-20,C0187,P007,Jeans,Clothing,South,4,1349.1,10,5396.4,March,2023,3,1
ORD01297,2023-08-08,C0051,P005,Study Table,Furniture,West,4,10200.0,15,40800.0,August,2023,8,3
ORD01298,2023-04-07,C0152,P009,Cooking Oil,Groceries,South,10,200.0,0,2000.0,April,2023,4,2
ORD01299,2023-03-16,C0110,P001,Laptop,Electronics,North,5,45000.0,0,225000.0,March,2023,3,1
ORD01300,2023-09-26,C0079,P001,Laptop,Electronics,South,7,42750.0,5,299250.0,September,2023,9,3
ORD01301,2023-11-26,C0014,P001,Laptop,Electronics,East,9,42750.0,5,384750.0,November,2023,11,4
ORD01302,2023-06-13,C0013,P006,T-Shirt,Clothing,South,7,799.0,0,5593.0,June,2023,6,2
ORD01303,2023-08-30,C0072,P006,T-Shirt,Clothing,North,4,799.0,0,3196.0,August,2023,8,3
ORD01304,2023-06-05,C0029,P008,Rice 5kg,Groceries,North,6,350.0,0,2100.0,June,2023,6,2
ORD01305,2023-07-05,C0191,P003,Headphones,Electronics,East,6,2500.0,0,15000.0,July,2023,7,3
ORD01306,2023-02-24,C0034,P010,Notebook,Stationery,North,7,60.0,0,420.0,February,2023,2,1
ORD01307,2023-08-17,C0026,P004,Desk Chair,Furniture,North,4,6800.0,15,27200.0,August,2023,8,3
ORD01308,2023-10-01,C0185,P005,Study Table,Furniture,South,8,12000.0,0,96000.0,October,2023,10,4
ORD01309,2023-06-27,C0094,P009,Cooking Oil,Groceries,West,5,180.0,10,900.0,June,2023,6,2
ORD01310,2023-08-03,C0135,P007,Jeans,Clothing,North,2,1424.05,5,2848.1,August,2023,8,3
ORD01311,2023-10-17,C0016,P003,Headphones,Electronics,South,5,2500.0,0,12500.0,October,2023,10,4
ORD01312,2023-03-26,C0113,P009,Cooking Oil,Groceries,West,9,200.0,0,1800.0,March,2023,3,1
ORD01313,2023-04-05,C0001,P010,Notebook,Stationery,South,5,60.0,0,300.0,April,2023,4,2
ORD01314,2023-09-15,C0182,P001,Laptop,Electronics,East,9,42750.0,5,384750.0,September,2023,9,3
ORD01315,2023-03-29,C0058,P005,Study Table,Furniture,North,9,12000.0,0,108000.0,March,2023,3,1
ORD01316,2023-05-19,C0014,P003,Headphones,Electronics,South,5,2500.0,0,12500.0,May,2023,5,2
ORD01317,2023-06-27,C0162,P002,Mobile Phone,Electronics,East,1,15300.0,15,15300.0,June,2023,6,2
ORD01318,2023-03-10,C0105,P009,Cooking Oil,Groceries,East,5,170.0,15,850.0,March,2023,3,1
ORD01319,2023-05-24,C0046,P001,Laptop,Electronics,East,6,45000.0,0,270000.0,May,2023,5,2
ORD01320,2023-12-19,C0098,P010,Notebook,Stationery,East,2,51.0,15,102.0,December,2023,12,4
ORD01321,2023-04-23,C0084,P009,Cooking Oil,Groceries,East,4,190.0,5,760.0,April,2023,4,2
ORD01322,2023-04-29,C0187,P007,Jeans,Clothing,West,3,1424.05,5,4272.15,April,2023,4,2
ORD01323,2023-08-24,C0048,P002,Mobile Phone,Electronics,South,8,18000.0,0,144000.0,August,2023,8,3
ORD01324,2023-06-08,C0042,P003,Headphones,Electronics,South,5,2500.0,0,12500.0,June,2023,6,2
ORD01325,2023-02-06,C0110,P004,Desk Chair,Furniture,South,2,8000.0,0,16000.0,February,2023,2,1
ORD01326,2023-09-27,C0036,P007,Jeans,Clothing,North,2,1274.15,15,2548.3,September,2023,9,3
ORD01327,2023-11-26,C0012,P001,Laptop,Electronics,South,2,45000.0,0,90000.0,November,2023,11,4
ORD01328,2023-01-05,C0028,P003,Headphones,Electronics,East,10,2500.0,0,25000.0,January,2023,1,1
ORD01329,2023-08-16,C0042,P003,Headphones,Electronics,East,8,2250.0,10,18000.0,August,2023,8,3
ORD01332,2023-03-17,C0091,P004,Desk Chair,Furniture,East,7,7600.0,5,53200.0,March,2023,3,1
ORD01333,2023-03-28,C0029,P007,Jeans,Clothing,South,2,1424.05,5,2848.1,March,2023,3,1
ORD01334,2023-06-20,C0031,P006,T-Shirt,Clothing,East,2,719.1,10,1438.2,June,2023,6,2
ORD01335,2023-04-02,C0110,P001,Laptop,Electronics,East,10,45000.0,0,450000.0,April,2023,4,2
ORD01336,2023-05-27,C0090,P003,Headphones,Electronics,North,5,2250.0,10,11250.0,May,2023,5,2
ORD01337,2023-02-09,C0001,P006,T-Shirt,Clothing,South,5,679.15,15,3395.75,February,2023,2,1
ORD01338,2023-09-02,C0018,P003,Headphones,Electronics,North,7,2375.0,5,16625.0,September,2023,9,3
ORD01339,2023-06-15,C0033,P005,Study Table,Furniture,South,3,12000.0,0,36000.0,June,2023,6,2
ORD01340,2023-12-22,C0106,P008,Rice 5kg,Groceries,East,7,332.5,5,2327.5,December,2023,12,4
ORD01341,2023-10-09,C0128,P004,Desk Chair,Furniture,West,7,7600.0,5,53200.0,October,2023,10,4
ORD01342,2023-08-04,C0135,P007,Jeans,Clothing,South,2,1349.1,10,2698.2,August,2023,8,3
ORD01343,2023-07-05,C0143,P001,Laptop,Electronics,West,4,45000.0,0,180000.0,July,2023,7,3
ORD01344,2023-03-13,C0076,P001,Laptop,Electronics,West,6,45000.0,0,270000.0,March,2023,3,1
ORD01345,2023-04-25,C0015,P007,Jeans,Clothing,South,4,1499.0,0,5996.0,April,2023,4,2
ORD01346,2023-01-14,C0179,P003,Headphones,Electronics,West,7,2125.0,15,14875.0,January,2023,1,1
ORD01347,2023-11-01,C0041,P010,Notebook,Stationery,North,2,57.0,5,114.0,November,2023,11,4
ORD01348,2023-10-19,C0107,P004,Desk Chair,Furniture,South,2,8000.0,0,16000.0,October,2023,10,4
ORD01349,2023-06-03,C0121,P003,Headphones,Electronics,West,9,2125.0,15,19125.0,June,2023,6,2
ORD01350,2023-03-21,C0016,P001,Laptop,Electronics,North,5,45000.0,0,225000.0,March,2023,3,1
ORD01351,2023-08-05,C0175,P003,Headphones,Electronics,West,1,2375.0,5,2375.0,August,2023,8,3
ORD01352,2023-12-30,C0059,P010,Notebook,Stationery,West,9,60.0,0,540.0,December,2023,12,4
ORD01353,2023-03-06,C0191,P002,Mobile Phone,Electronics,South,9,17100.0,5,153900.0,March,2023,3,1
ORD01354,2023-10-14,C0155,P007,Jeans,Clothing,North,3,1274.15,15,3822.45,October,2023,10,4
ORD01355,2023-03-26,C0014,P006,T-Shirt,Clothing,East,7,759.05,5,5313.35,March,2023,3,1
ORD01357,2023-04-19,C0153,P009,Cooking Oil,Groceries,North,2,200.0,0,400.0,April,2023,4,2
ORD01358,2023-01-17,C0062,P009,Cooking Oil,Groceries,East,4,170.0,15,680.0,January,2023,1,1
ORD01359,2023-01-24,C0013,P001,Laptop,Electronics,East,10,42750.0,5,427500.0,January,2023,1,1
ORD01360,2023-09-14,C0050,P006,T-Shirt,Clothing,East,5,759.05,5,3795.25,September,2023,9,3
ORD01361,2023-07-28,C0190,P003,Headphones,Electronics,North,2,2500.0,0,5000.0,July,2023,7,3
ORD01362,2023-09-02,C0151,P001,Laptop,Electronics,North,10,42750.0,5,427500.0,September,2023,9,3
ORD01363,2023-02-17,C0184,P008,Rice 5kg,Groceries,South,2,297.5,15,595.0,February,2023,2,1
ORD01364,2023-09-22,C0187,P003,Headphones,Electronics,East,3,2250.0,10,6750.0,September,2023,9,3
ORD01365,2023-08-09,C0011,P005,Study Table,Furniture,West,6,10800.0,10,64800.0,August,2023,8,3
ORD01366,2023-10-18,C0161,P010,Notebook,Stationery,West,2,60.0,0,120.0,October,2023,10,4
ORD01367,2023-09-13,C0025,P005,Study Table,Furniture,West,9,12000.0,0,108000.0,September,2023,9,3
ORD01368,2023-10-23,C0094,P003,Headphones,Electronics,East,2,2500.0,0,5000.0,October,2023,10,4
ORD01369,2023-05-12,C0196,P008,Rice 5kg,Groceries,West,5,332.5,5,1662.5,May,2023,5,2
ORD01370,2023-01-21,C0094,P002,Mobile Phone,Electronics,East,10,17100.0,5,171000.0,January,2023,1,1
ORD01371,2023-09-20,C0160,P003,Headphones,Electronics,East,8,2500.0,0,20000.0,September,2023,9,3
ORD01372,2023-12-16,C0011,P009,Cooking Oil,Groceries,North,8,200.0,0,1600.0,December,2023,12,4
ORD01373,2023-02-23,C0075,P009,Cooking Oil,Groceries,West,1,200.0,0,200.0,February,2023,2,1
ORD01374,2023-08-25,C0172,P002,Mobile Phone,Electronics,North,4,17100.0,5,68400.0,August,2023,8,3
ORD01375,2023-02-13,C0047,P009,Cooking Oil,Groceries,North,8,200.0,0,1600.0,February,2023,2,1
ORD01376,2023-06-18,C0017,P007,Jeans,Clothing,East,4,1424.05,5,5696.2,June,2023,6,2
ORD01377,2023-05-23,C0117,P004,Desk Chair,Furniture,North,8,8000.0,0,64000.0,May,2023,5,2
ORD01378,2023-10-18,C0009,P003,Headphones,Electronics,West,4,2500.0,0,10000.0,October,2023,10,4
ORD01379,2023-01-28,C0055,P007,Jeans,Clothing,North,8,1499.0,0,11992.0,January,2023,1,1
ORD01380,2023-04-01,C0022,P005,Study Table,Furniture,South,5,10200.0,15,51000.0,April,2023,4,2
ORD01381,2023-09-26,C0055,P005,Study Table,Furniture,East,8,11400.0,5,91200.0,September,2023,9,3
ORD01382,2023-03-26,C0051,P007,Jeans,Clothing,East,6,1499.0,0,8994.0,March,2023,3,1
ORD01383,2023-08-12,C0091,P009,Cooking Oil,Groceries,West,3,170.0,15,510.0,August,2023,8,3
ORD01384,2023-12-08,C0149,P010,Notebook,Stationery,South,4,60.0,0,240.0,December,2023,12,4
ORD01385,2023-08-23,C0038,P006,T-Shirt,Clothing,West,1,799.0,0,799.0,August,2023,8,3
ORD01386,2023-01-02,C0116,P007,Jeans,Clothing,South,5,1349.1,10,6745.5,January,2023,1,1
ORD01387,2023-04-22,C0191,P010,Notebook,Stationery,South,2,60.0,0,120.0,April,2023,4,2
ORD01388,2023-04-21,C0090,P003,Headphones,Electronics,South,10,2375.0,5,23750.0,April,2023,4,2
ORD01389,2023-07-06,C0005,P010,Notebook,Stationery,East,1,60.0,0,60.0,July,2023,7,3
ORD01390,2023-08-22,C0106,P002,Mobile Phone,Electronics,West,8,15300.0,15,122400.0,August,2023,8,3
ORD01391,2023-02-28,C0046,P007,Jeans,Clothing,West,9,1499.0,0,13491.0,February,2023,2,1
ORD01392,2023-08-12,C0098,P010,Notebook,Stationery,East,3,54.0,10,162.0,August,2023,8,3
ORD01393,2023-11-14,C0026,P007,Jeans,Clothing,North,5,1274.15,15,6370.75,November,2023,11,4
ORD01394,2023-02-23,C0128,P001,Laptop,Electronics,North,10,42750.0,5,427500.0,February,2023,2,1
ORD01395,2023-04-19,C0058,P001,Laptop,Electronics,West,5,42750.0,5,213750.0,April,2023,4,2
ORD01397,2023-05-18,C0169,P004,Desk Chair,Furniture,East,9,8000.0,0,72000.0,May,2023,5,2
ORD01399,2023-06-21,C0044,P009,Cooking Oil,Groceries,West,10,200.0,0,2000.0,June,2023,6,2
ORD01400,2023-07-21,C0014,P004,Desk Chair,Furniture,West,10,6800.0,15,68000.0,July,2023,7,3
ORD01401,2023-09-22,C0041,P003,Headphones,Electronics,West,7,2500.0,0,17500.0,September,2023,9,3
ORD01402,2023-11-20,C0148,P003,Headphones,Electronics,West,9,2500.0,0,22500.0,November,2023,11,4
ORD01403,2023-06-15,C0053,P005,Study Table,Furniture,North,9,12000.0,0,108000.0,June,2023,6,2
ORD01404,2023-11-13,C0182,P010,Notebook,Stationery,North,3,60.0,0,180.0,November,2023,11,4
ORD01405,2023-11-20,C0200,P003,Headphones,Electronics,East,8,2125.0,15,17000.0,November,2023,11,4
ORD01406,2023-10-02,C0063,P004,Desk Chair,Furniture,West,5,8000.0,0,40000.0,October,2023,10,4
ORD01407,2023-11-18,C0006,P005,Study Table,Furniture,North,2,12000.0,0,24000.0,November,2023,11,4
ORD01408,2023-05-25,C0068,P002,Mobile Phone,Electronics,South,2,18000.0,0,36000.0,May,2023,5,2
ORD01409,2023-02-21,C0126,P006,T-Shirt,Clothing,North,4,759.05,5,3036.2,February,2023,2,1
ORD01410,2023-08-03,C0097,P002,Mobile Phone,Electronics,East,4,15300.0,15,61200.0,August,2023,8,3
ORD01411,2023-01-06,C0046,P003,Headphones,Electronics,North,3,2500.0,0,7500.0,January,2023,1,1
ORD01412,2023-11-04,C0140,P006,T-Shirt,Clothing,North,8,719.1,10,5752.8,November,2023,11,4
ORD01413,2023-01-16,C0138,P002,Mobile Phone,Electronics,North,4,16200.0,10,64800.0,January,2023,1,1
ORD01414,2023-04-22,C0008,P004,Desk Chair,Furniture,East,6,8000.0,0,48000.0,April,2023,4,2
ORD01415,2023-09-04,C0052,P003,Headphones,Electronics,North,5,2500.0,0,12500.0,September,2023,9,3
ORD01416,2023-09-11,C0112,P005,Study Table,Furniture,West,8,10200.0,15,81600.0,September,2023,9,3
ORD01417,2023-02-22,C0150,P004,Desk Chair,Furniture,East,5,7600.0,5,38000.0,February,2023,2,1
ORD01418,2023-08-05,C0153,P008,Rice 5kg,Groceries,East,7,332.5,5,2327.5,August,2023,8,3
ORD01419,2023-04-13,C0146,P010,Notebook,Stationery,East,7,57.0,5,399.0,April,2023,4,2
ORD01420,2023-01-18,C0131,P002,Mobile Phone,Electronics,East,8,18000.0,0,144000.0,January,2023,1,1
ORD01421,2023-01-16,C0030,P009,Cooking Oil,Groceries,South,6,190.0,5,1140.0,January,2023,1,1
ORD01422,2023-02-07,C0056,P003,Headphones,Electronics,East,6,2500.0,0,15000.0,February,2023,2,1
ORD01423,2023-12-19,C0003,P002,Mobile Phone,Electronics,East,1,18000.0,0,18000.0,December,2023,12,4
ORD01424,2023-02-03,C0099,P006,T-Shirt,Clothing,East,4,719.1,10,2876.4,February,2023,2,1
ORD01425,2023-11-08,C0172,P002,Mobile Phone,Electronics,North,9,18000.0,0,162000.0,November,2023,11,4
ORD01426,2023-04-12,C0051,P007,Jeans,Clothing,North,6,1499.0,0,8994.0,April,2023,4,2
ORD01427,2023-03-05,C0116,P005,Study Table,Furniture,South,7,12000.0,0,84000.0,March,2023,3,1
ORD01428,2023-05-26,C0005,P004,Desk Chair,Furniture,North,10,8000.0,0,80000.0,May,2023,5,2
ORD01429,2023-09-28,C0011,P007,Jeans,Clothing,East,1,1349.1,10,1349.1,September,2023,9,3
ORD01430,2023-06-04,C0071,P002,Mobile Phone,Electronics,East,7,15300.0,15,107100.0,June,2023,6,2
ORD01431,2023-11-10,C0013,P009,Cooking Oil,Groceries,West,6,190.0,5,1140.0,November,2023,11,4
ORD01432,2023-11-13,C0027,P008,Rice 5kg,Groceries,North,2,350.0,0,700.0,November,2023,11,4
ORD01433,2023-12-19,C0186,P003,Headphones,Electronics,West,2,2500.0,0,5000.0,December,2023,12,4
ORD01434,2023-12-19,C0014,P006,T-Shirt,Clothing,East,9,799.0,0,7191.0,December,2023,12,4
ORD01435,2023-05-16,C0085,P001,Laptop,Electronics,West,5,45000.0,0,225000.0,May,2023,5,2
ORD01436,2023-03-03,C0033,P003,Headphones,Electronics,East,10,2375.0,5,23750.0,March,2023,3,1
ORD01437,2023-03-04,C0134,P007,Jeans,Clothing,South,8,1274.15,15,10193.2,March,2023,3,1
ORD01438,2023-09-05,C0058,P005,Study Table,Furniture,North,6,10200.0,15,61200.0,September,2023,9,3
ORD01439,2023-05-05,C0169,P002,Mobile Phone,Electronics,South,6,16200.0,10,97200.0,May,2023,5,2
ORD01440,2023-01-07,C0172,P008,Rice 5kg,Groceries,South,1,350.0,0,350.0,January,2023,1,1
ORD01441,2023-04-17,C0152,P008,Rice 5kg,Groceries,East,2,350.0,0,700.0,April,2023,4,2
ORD01442,2023-02-24,C0034,P008,Rice 5kg,Groceries,South,3,315.0,10,945.0,February,2023,2,1
ORD01443,2023-04-14,C0200,P008,Rice 5kg,Groceries,West,10,315.0,10,3150.0,April,2023,4,2
ORD01444,2023-11-28,C0027,P003,Headphones,Electronics,South,5,2250.0,10,11250.0,November,2023,11,4
ORD01446,2023-03-02,C0141,P008,Rice 5kg,Groceries,North,6,350.0,0,2100.0,March,2023,3,1
ORD01447,2023-09-18,C0086,P007,Jeans,Clothing,North,9,1424.05,5,12816.45,September,2023,9,3
ORD01448,2023-08-05,C0050,P001,Laptop,Electronics,East,7,38250.0,15,267750.0,August,2023,8,3
ORD01449,2023-09-10,C0133,P005,Study Table,Furniture,West,9,10800.0,10,97200.0,September,2023,9,3
ORD01450,2023-02-28,C0014,P004,Desk Chair,Furniture,North,2,8000.0,0,16000.0,February,2023,2,1
ORD01451,2023-04-26,C0159,P009,Cooking Oil,Groceries,West,2,200.0,0,400.0,April,2023,4,2
ORD01452,2023-03-29,C0053,P005,Study Table,Furniture,East,8,12000.0,0,96000.0,March,2023,3,1
ORD01453,2023-04-05,C0129,P005,Study Table,Furniture,West,1,12000.0,0,12000.0,April,2023,4,2
ORD01454,2023-12-15,C0018,P004,Desk Chair,Furniture,South,3,8000.0,0,24000.0,December,2023,12,4
ORD01456,2023-01-05,C0153,P002,Mobile Phone,Electronics,East,3,15300.0,15,45900.0,January,2023,1,1
ORD01457,2023-02-26,C0012,P008,Rice 5kg,Groceries,North,4,332.5,5,1330.0,February,2023,2,1
ORD01458,2023-03-27,C0194,P004,Desk Chair,Furniture,South,9,7200.0,10,64800.0,March,2023,3,1
ORD01459,2023-06-29,C0140,P006,T-Shirt,Clothing,East,8,759.05,5,6072.4,June,2023,6,2
ORD01460,2023-06-04,C0182,P008,Rice 5kg,Groceries,East,1,350.0,0,350.0,June,2023,6,2
ORD01461,2023-05-19,C0176,P010,Notebook,Stationery,North,8,60.0,0,480.0,May,2023,5,2
ORD01462,2023-09-12,C0008,P004,Desk Chair,Furniture,South,3,8000.0,0,24000.0,September,2023,9,3
ORD01463,2023-02-15,C0050,P007,Jeans,Clothing,West,6,1499.0,0,8994.0,February,2023,2,1
ORD01464,2023-03-31,C0068,P009,Cooking Oil,Groceries,East,8,180.0,10,1440.0,March,2023,3,1
ORD01465,2023-04-08,C0011,P007,Jeans,Clothing,East,5,1499.0,0,7495.0,April,2023,4,2
ORD01466,2023-05-28,C0029,P008,Rice 5kg,Groceries,North,10,350.0,0,3500.0,May,2023,5,2
ORD01467,2023-05-29,C0160,P008,Rice 5kg,Groceries,South,3,315.0,10,945.0,May,2023,5,2
ORD01468,2023-01-21,C0056,P005,Study Table,Furniture,East,1,11400.0,5,11400.0,January,2023,1,1
ORD01469,2023-08-09,C0091,P008,Rice 5kg,Groceries,North,5,350.0,0,1750.0,August,2023,8,3
ORD01470,2023-10-15,C0040,P005,Study Table,Furniture,North,9,10200.0,15,91800.0,October,2023,10,4
ORD01471,2023-02-11,C0075,P004,Desk Chair,Furniture,South,7,7200.0,10,50400.0,February,2023,2,1
ORD01472,2023-07-24,C0026,P004,Desk Chair,Furniture,East,7,7600.0,5,53200.0,July,2023,7,3
ORD01473,2023-12-14,C0083,P003,Headphones,Electronics,South,10,2375.0,5,23750.0,December,2023,12,4
ORD01474,2023-04-13,C0078,P003,Headphones,Electronics,East,7,2250.0,10,15750.0,April,2023,4,2
ORD01475,2023-07-12,C0112,P008,Rice 5kg,Groceries,North,9,350.0,0,3150.0,July,2023,7,3
ORD01476,2023-12-31,C0092,P006,T-Shirt,Clothing,West,9,679.15,15,6112.35,December,2023,12,4
ORD01477,2023-10-14,C0007,P007,Jeans,Clothing,West,8,1499.0,0,11992.0,October,2023,10,4
ORD01478,2023-09-20,C0096,P005,Study Table,Furniture,South,4,10800.0,10,43200.0,September,2023,9,3
ORD01479,2023-03-06,C0104,P005,Study Table,Furniture,North,1,11400.0,5,11400.0,March,2023,3,1
ORD01480,2023-02-13,C0015,P009,Cooking Oil,Groceries,East,8,200.0,0,1600.0,February,2023,2,1
ORD01481,2023-05-29,C0145,P006,T-Shirt,Clothing,West,10,799.0,0,7990.0,May,2023,5,2
ORD01482,2023-09-19,C0190,P002,Mobile Phone,Electronics,North,10,15300.0,15,153000.0,September,2023,9,3
ORD01483,2023-04-25,C0173,P009,Cooking Oil,Groceries,South,8,200.0,0,1600.0,April,2023,4,2
ORD01484,2023-12-19,C0052,P001,Laptop,Electronics,North,8,40500.0,10,324000.0,December,2023,12,4
ORD01485,2023-05-07,C0053,P002,Mobile Phone,Electronics,North,9,18000.0,0,162000.0,May,2023,5,2
ORD01486,2023-03-04,C0077,P008,Rice 5kg,Groceries,West,7,350.0,0,2450.0,March,2023,3,1
ORD01487,2023-11-10,C0175,P004,Desk Chair,Furniture,West,9,8000.0,0,72000.0,November,2023,11,4
ORD01488,2023-01-12,C0048,P007,Jeans,Clothing,South,3,1274.15,15,3822.45,January,2023,1,1
ORD01489,2023-12-25,C0140,P003,Headphones,Electronics,South,9,2125.0,15,19125.0,December,2023,12,4
ORD01490,2023-07-08,C0171,P002,Mobile Phone,Electronics,East,10,17100.0,5,171000.0,July,2023,7,3
ORD01491,2023-08-06,C0038,P002,Mobile Phone,Electronics,North,8,17100.0,5,136800.0,August,2023,8,3
ORD01492,2023-06-05,C0009,P007,Jeans,Clothing,West,1,1349.1,10,1349.1,June,2023,6,2
ORD01493,2023-08-23,C0071,P003,Headphones,Electronics,North,8,2125.0,15,17000.0,August,2023,8,3
ORD01494,2023-12-28,C0135,P009,Cooking Oil,Groceries,West,4,200.0,0,800.0,December,2023,12,4
ORD01495,2023-10-16,C0087,P003,Headphones,Electronics,West,6,2125.0,15,12750.0,October,2023,10,4
ORD01496,2023-02-04,C0166,P005,Study Table,Furniture,West,5,11400.0,5,57000.0,February,2023,2,1
ORD01497,2023-09-17,C0199,P003,Headphones,Electronics,East,10,2125.0,15,21250.0,September,2023,9,3
ORD01498,2023-11-13,C0104,P010,Notebook,Stationery,North,6,54.0,10,324.0,November,2023,11,4
ORD01499,2023-12-07,C0028,P003,Headphones,Electronics,West,4,2500.0,0,10000.0,December,2023,12,4
ORD01500,2023-03-31,C0187,P004,Desk Chair,Furniture,West,4,8000.0,0,32000.0,March,2023,3,1
ORD01501,2023-05-09,C0030,P002,Mobile Phone,Electronics,North,1,16200.0,10,16200.0,May,2023,5,2
ORD01502,2023-01-16,C0045,P006,T-Shirt,Clothing,East,10,679.15,15,6791.5,January,2023,1,1
ORD01503,2023-04-13,C0051,P003,Headphones,Electronics,East,10,2250.0,10,22500.0,April,2023,4,2
ORD01504,2023-03-24,C0112,P004,Desk Chair,Furniture,South,4,6800.0,15,27200.0,March,2023,3,1
ORD01505,2023-03-13,C0002,P002,Mobile Phone,Electronics,East,4,18000.0,0,72000.0,March,2023,3,1
ORD01506,2023-12-16,C0187,P002,Mobile Phone,Electronics,West,6,18000.0,0,108000.0,December,2023,12,4
ORD01507,2023-07-02,C0159,P008,Rice 5kg,Groceries,South,9,350.0,0,3150.0,July,2023,7,3
ORD01508,2023-02-10,C0033,P007,Jeans,Clothing,East,2,1349.1,10,2698.2,February,2023,2,1
ORD01509,2023-06-19,C0006,P001,Laptop,Electronics,South,10,40500.0,10,405000.0,June,2023,6,2
ORD01510,2023-07-03,C0018,P005,Study Table,Furniture,South,7,10200.0,15,71400.0,July,2023,7,3
ORD01511,2023-11-09,C0129,P010,Notebook,Stationery,East,4,54.0,10,216.0,November,2023,11,4
ORD01512,2023-05-15,C0168,P002,Mobile Phone,Electronics,North,10,17100.0,5,171000.0,May,2023,5,2
ORD01513,2023-03-13,C0053,P004,Desk Chair,Furniture,East,6,8000.0,0,48000.0,March,2023,3,1
ORD01514,2023-02-07,C0145,P001,Laptop,Electronics,North,4,42750.0,5,171000.0,February,2023,2,1
ORD01515,2023-11-10,C0021,P007,Jeans,Clothing,West,10,1274.15,15,12741.5,November,2023,11,4
ORD01516,2023-09-12,C0130,P001,Laptop,Electronics,South,2,45000.0,0,90000.0,September,2023,9,3
ORD01517,2023-01-29,C0007,P005,Study Table,Furniture,South,4,12000.0,0,48000.0,January,2023,1,1
ORD01518,2023-01-27,C0100,P001,Laptop,Electronics,West,9,42750.0,5,384750.0,January,2023,1,1
ORD01519,2023-03-01,C0113,P007,Jeans,Clothing,North,9,1499.0,0,13491.0,March,2023,3,1
ORD01520,2023-06-25,C0112,P006,T-Shirt,Clothing,North,6,799.0,0,4794.0,June,2023,6,2
ORD01521,2023-10-02,C0146,P001,Laptop,Electronics,North,4,42750.0,5,171000.0,October,2023,10,4
ORD01522,2023-01-30,C0033,P004,Desk Chair,Furniture,West,1,8000.0,0,8000.0,January,2023,1,1
ORD01523,2023-05-06,C0075,P006,T-Shirt,Clothing,South,10,679.15,15,6791.5,May,2023,5,2
ORD01524,2023-05-09,C0140,P002,Mobile Phone,Electronics,South,2,18000.0,0,36000.0,May,2023,5,2
ORD01525,2023-06-04,C0094,P006,T-Shirt,Clothing,East,4,759.05,5,3036.2,June,2023,6,2
ORD01526,2023-10-05,C0129,P005,Study Table,Furniture,North,6,10200.0,15,61200.0,October,2023,10,4
ORD01527,2023-02-10,C0053,P010,Notebook,Stationery,South,8,60.0,0,480.0,February,2023,2,1
ORD01528,2023-03-04,C0096,P005,Study Table,Furniture,South,9,12000.0,0,108000.0,March,2023,3,1
ORD01529,2023-01-11,C0128,P008,Rice 5kg,Groceries,North,8,350.0,0,2800.0,January,2023,1,1
ORD01530,2023-05-23,C0157,P005,Study Table,Furniture,West,2,12000.0,0,24000.0,May,2023,5,2
ORD01531,2023-04-25,C0053,P007,Jeans,Clothing,West,8,1499.0,0,11992.0,April,2023,4,2
ORD01532,2023-10-05,C0196,P001,Laptop,Electronics,East,5,45000.0,0,225000.0,October,2023,10,4
ORD01533,2023-04-21,C0194,P006,T-Shirt,Clothing,North,5,719.1,10,3595.5,April,2023,4,2
ORD01534,2023-01-30,C0028,P007,Jeans,Clothing,West,7,1274.15,15,8919.05,January,2023,1,1
ORD01535,2023-08-06,C0147,P005,Study Table,Furniture,East,9,11400.0,5,102600.0,August,2023,8,3
ORD01536,2023-05-24,C0175,P004,Desk Chair,Furniture,East,3,8000.0,0,24000.0,May,2023,5,2
ORD01537,2023-10-20,C0102,P009,Cooking Oil,Groceries,North,5,200.0,0,1000.0,October,2023,10,4
ORD01538,2023-03-05,C0079,P005,Study Table,Furniture,East,10,12000.0,0,120000.0,March,2023,3,1
ORD01539,2023-08-14,C0003,P008,Rice 5kg,Groceries,West,8,350.0,0,2800.0,August,2023,8,3
ORD01540,2023-01-30,C0149,P009,Cooking Oil,Groceries,North,4,190.0,5,760.0,January,2023,1,1
ORD01541,2023-04-03,C0067,P006,T-Shirt,Clothing,East,2,759.05,5,1518.1,April,2023,4,2
ORD01542,2023-11-13,C0168,P004,Desk Chair,Furniture,North,3,8000.0,0,24000.0,November,2023,11,4
ORD01543,2023-10-24,C0082,P003,Headphones,Electronics,North,9,2375.0,5,21375.0,October,2023,10,4
ORD01544,2023-12-14,C0091,P005,Study Table,Furniture,North,5,12000.0,0,60000.0,December,2023,12,4
ORD01545,2023-02-27,C0131,P002,Mobile Phone,Electronics,North,9,17100.0,5,153900.0,February,2023,2,1
ORD01546,2023-11-25,C0110,P006,T-Shirt,Clothing,East,7,799.0,0,5593.0,November,2023,11,4
ORD01547,2023-11-30,C0096,P006,T-Shirt,Clothing,West,6,759.05,5,4554.3,November,2023,11,4
ORD01548,2023-01-23,C0075,P001,Laptop,Electronics,South,3,45000.0,0,135000.0,January,2023,1,1
ORD01549,2023-09-19,C0184,P010,Notebook,Stationery,East,4,60.0,0,240.0,September,2023,9,3
ORD01550,2023-03-18,C0098,P010,Notebook,Stationery,North,1,51.0,15,51.0,March,2023,3,1
ORD01551,2023-10-22,C0162,P004,Desk Chair,Furniture,West,10,7200.0,10,72000.0,October,2023,10,4
ORD01552,2023-08-30,C0169,P009,Cooking Oil,Groceries,West,1,180.0,10,180.0,August,2023,8,3
ORD01553,2023-06-18,C0063,P010,Notebook,Stationery,East,5,60.0,0,300.0,June,2023,6,2
ORD01554,2023-07-29,C0093,P002,Mobile Phone,Electronics,North,4,17100.0,5,68400.0,July,2023,7,3
ORD01555,2023-04-28,C0115,P006,T-Shirt,Clothing,West,8,719.1,10,5752.8,April,2023,4,2
ORD01556,2023-07-28,C0173,P003,Headphones,Electronics,South,9,2500.0,0,22500.0,July,2023,7,3
ORD01557,2023-02-11,C0105,P006,T-Shirt,Clothing,West,6,799.0,0,4794.0,February,2023,2,1
ORD01558,2023-08-21,C0004,P008,Rice 5kg,Groceries,South,4,350.0,0,1400.0,August,2023,8,3
ORD01559,2023-02-21,C0033,P009,Cooking Oil,Groceries,North,8,170.0,15,1360.0,February,2023,2,1
ORD01560,2023-09-21,C0136,P003,Headphones,Electronics,West,2,2500.0,0,5000.0,September,2023,9,3
ORD01561,2023-12-31,C0076,P007,Jeans,Clothing,North,9,1499.0,0,13491.0,December,2023,12,4
ORD01562,2023-11-12,C0028,P006,T-Shirt,Clothing,North,10,719.1,10,7191.0,November,2023,11,4
ORD01563,2023-08-19,C0190,P008,Rice 5kg,Groceries,West,7,297.5,15,2082.5,August,2023,8,3
ORD01564,2023-10-29,C0131,P003,Headphones,Electronics,North,3,2125.0,15,6375.0,October,2023,10,4
ORD01565,2023-11-29,C0117,P010,Notebook,Stationery,West,6,51.0,15,306.0,November,2023,11,4
ORD01566,2023-04-29,C0077,P010,Notebook,Stationery,West,5,60.0,0,300.0,April,2023,4,2
ORD01567,2023-08-07,C0074,P009,Cooking Oil,Groceries,East,10,180.0,10,1800.0,August,2023,8,3
ORD01568,2023-04-18,C0111,P003,Headphones,Electronics,East,1,2125.0,15,2125.0,April,2023,4,2
ORD01569,2023-03-26,C0031,P002,Mobile Phone,Electronics,East,6,18000.0,0,108000.0,March,2023,3,1
ORD01570,2023-11-07,C0193,P003,Headphones,Electronics,North,5,2500.0,0,12500.0,November,2023,11,4
ORD01572,2023-01-04,C0126,P009,Cooking Oil,Groceries,North,9,200.0,0,1800.0,January,2023,1,1
ORD01573,2023-08-16,C0134,P010,Notebook,Stationery,South,7,51.0,15,357.0,August,2023,8,3
ORD01574,2023-08-10,C0127,P002,Mobile Phone,Electronics,East,2,17100.0,5,34200.0,August,2023,8,3
ORD01575,2023-02-10,C0191,P005,Study Table,Furniture,South,2,12000.0,0,24000.0,February,2023,2,1
ORD01576,2023-08-21,C0162,P009,Cooking Oil,Groceries,North,6,200.0,0,1200.0,August,2023,8,3
ORD01577,2023-12-28,C0134,P001,Laptop,Electronics,East,7,45000.0,0,315000.0,December,2023,12,4
ORD01578,2023-03-12,C0151,P001,Laptop,Electronics,West,1,45000.0,0,45000.0,March,2023,3,1
ORD01579,2023-03-19,C0125,P004,Desk Chair,Furniture,South,5,7600.0,5,38000.0,March,2023,3,1
ORD01580,2023-04-20,C0001,P004,Desk Chair,Furniture,West,2,7200.0,10,14400.0,April,2023,4,2
ORD01581,2023-08-03,C0177,P004,Desk Chair,Furniture,East,3,8000.0,0,24000.0,August,2023,8,3
ORD01582,2023-09-29,C0169,P004,Desk Chair,Furniture,South,6,7600.0,5,45600.0,September,2023,9,3
ORD01583,2023-11-19,C0101,P005,Study Table,Furniture,East,8,11400.0,5,91200.0,November,2023,11,4
ORD01584,2023-08-03,C0115,P004,Desk Chair,Furniture,East,2,8000.0,0,16000.0,August,2023,8,3
ORD01585,2023-12-05,C0030,P003,Headphones,Electronics,East,8,2500.0,0,20000.0,December,2023,12,4
ORD01587,2023-10-15,C0198,P004,Desk Chair,Furniture,East,7,8000.0,0,56000.0,October,2023,10,4
ORD01588,2023-07-24,C0067,P007,Jeans,Clothing,North,8,1424.05,5,11392.4,July,2023,7,3
ORD01589,2023-08-18,C0105,P006,T-Shirt,Clothing,South,1,799.0,0,799.0,August,2023,8,3
ORD01590,2023-11-09,C0085,P004,Desk Chair,Furniture,South,2,7200.0,10,14400.0,November,2023,11,4
ORD01591,2023-12-27,C0086,P001,Laptop,Electronics,East,7,45000.0,0,315000.0,December,2023,12,4
ORD01592,2023-07-05,C0138,P001,Laptop,Electronics,South,9,45000.0,0,405000.0,July,2023,7,3
ORD01593,2023-03-24,C0096,P007,Jeans,Clothing,East,4,1499.0,0,5996.0,March,2023,3,1
ORD01594,2023-01-11,C0194,P004,Desk Chair,Furniture,North,1,8000.0,0,8000.0,January,2023,1,1
ORD01595,2023-06-04,C0007,P001,Laptop,Electronics,South,3,45000.0,0,135000.0,June,2023,6,2
ORD01596,2023-03-05,C0097,P001,Laptop,Electronics,West,5,38250.0,15,191250.0,March,2023,3,1
ORD01598,2023-02-18,C0189,P009,Cooking Oil,Groceries,West,10,200.0,0,2000.0,February,2023,2,1
ORD01599,2023-09-20,C0191,P005,Study Table,Furniture,North,6,11400.0,5,68400.0,September,2023,9,3
ORD01600,2023-10-23,C0121,P002,Mobile Phone,Electronics,West,5,15300.0,15,76500.0,October,2023,10,4
ORD01601,2023-09-05,C0073,P007,Jeans,Clothing,South,9,1499.0,0,13491.0,September,2023,9,3
ORD01602,2023-02-25,C0116,P007,Jeans,Clothing,South,6,1349.1,10,8094.6,February,2023,2,1
ORD01603,2023-09-02,C0145,P004,Desk Chair,Furniture,North,8,8000.0,0,64000.0,September,2023,9,3
ORD01604,2023-03-28,C0054,P002,Mobile Phone,Electronics,West,2,16200.0,10,32400.0,March,2023,3,1
ORD01605,2023-09-25,C0186,P007,Jeans,Clothing,South,10,1424.05,5,14240.5,September,2023,9,3
ORD01606,2023-06-22,C0039,P007,Jeans,Clothing,North,5,1274.15,15,6370.75,June,2023,6,2
ORD01607,2023-12-20,C0054,P007,Jeans,Clothing,West,1,1499.0,0,1499.0,December,2023,12,4
ORD01608,2023-12-29,C0124,P004,Desk Chair,Furniture,North,6,7600.0,5,45600.0,December,2023,12,4
ORD01609,2023-01-07,C0042,P002,Mobile Phone,Electronics,North,7,18000.0,0,126000.0,January,2023,1,1
ORD01610,2023-09-11,C0044,P002,Mobile Phone,Electronics,West,1,17100.0,5,17100.0,September,2023,9,3
ORD01611,2023-06-01,C0031,P007,Jeans,Clothing,West,7,1499.0,0,10493.0,June,2023,6,2
ORD01612,2023-11-11,C0096,P005,Study Table,Furniture,South,9,12000.0,0,108000.0,November,2023,11,4
ORD01613,2023-07-10,C0133,P004,Desk Chair,Furniture,East,10,6800.0,15,68000.0,July,2023,7,3
ORD01615,2023-01-03,C0080,P003,Headphones,Electronics,South,8,2500.0,0,20000.0,January,2023,1,1
ORD01616,2023-02-01,C0160,P008,Rice 5kg,Groceries,West,6,350.0,0,2100.0,February,2023,2,1
ORD01617,2023-11-18,C0004,P009,Cooking Oil,Groceries,South,4,200.0,0,800.0,November,2023,11,4
ORD01618,2023-06-06,C0095,P007,Jeans,Clothing,West,10,1274.15,15,12741.5,June,2023,6,2
ORD01619,2023-03-20,C0027,P004,Desk Chair,Furniture,South,2,7200.0,10,14400.0,March,2023,3,1
ORD01620,2023-10-28,C0166,P002,Mobile Phone,Electronics,West,3,16200.0,10,48600.0,October,2023,10,4
ORD01621,2023-11-12,C0172,P010,Notebook,Stationery,West,10,60.0,0,600.0,November,2023,11,4
ORD01622,2023-11-11,C0038,P004,Desk Chair,Furniture,South,4,8000.0,0,32000.0,November,2023,11,4
ORD01623,2023-03-12,C0131,P006,T-Shirt,Clothing,West,2,799.0,0,1598.0,March,2023,3,1
ORD01624,2023-05-04,C0144,P005,Study Table,Furniture,West,9,12000.0,0,108000.0,May,2023,5,2
ORD01625,2023-09-25,C0082,P008,Rice 5kg,Groceries,North,6,350.0,0,2100.0,September,2023,9,3
ORD01626,2023-03-15,C0112,P003,Headphones,Electronics,West,5,2125.0,15,10625.0,March,2023,3,1
ORD01628,2023-08-06,C0055,P008,Rice 5kg,Groceries,South,6,297.5,15,1785.0,August,2023,8,3
ORD01630,2023-09-15,C0004,P002,Mobile Phone,Electronics,East,6,18000.0,0,108000.0,September,2023,9,3
ORD01631,2023-12-23,C0181,P008,Rice 5kg,Groceries,East,7,350.0,0,2450.0,December,2023,12,4
ORD01632,2023-08-30,C0156,P010,Notebook,Stationery,West,1,51.0,15,51.0,August,2023,8,3
ORD01633,2023-07-09,C0008,P009,Cooking Oil,Groceries,South,2,200.0,0,400.0,July,2023,7,3
ORD01634,2023-03-03,C0015,P003,Headphones,Electronics,West,2,2375.0,5,4750.0,March,2023,3,1
ORD01635,2023-04-10,C0168,P002,Mobile Phone,Electronics,North,9,18000.0,0,162000.0,April,2023,4,2
ORD01636,2023-07-07,C0133,P006,T-Shirt,Clothing,North,3,719.1,10,2157.3,July,2023,7,3
ORD01637,2023-09-14,C0038,P001,Laptop,Electronics,East,2,45000.0,0,90000.0,September,2023,9,3
ORD01638,2023-12-19,C0130,P005,Study Table,Furniture,West,10,12000.0,0,120000.0,December,2023,12,4
ORD01639,2023-10-15,C0090,P001,Laptop,Electronics,North,5,45000.0,0,225000.0,October,2023,10,4
ORD01640,2023-02-15,C0030,P002,Mobile Phone,Electronics,North,10,17100.0,5,171000.0,February,2023,2,1
ORD01641,2023-01-11,C0197,P006,T-Shirt,Clothing,South,10,679.15,15,6791.5,January,2023,1,1
ORD01642,2023-05-07,C0079,P006,T-Shirt,Clothing,South,8,799.0,0,6392.0,May,2023,5,2
ORD01643,2023-12-28,C0074,P005,Study Table,Furniture,South,1,11400.0,5,11400.0,December,2023,12,4
ORD01644,2023-05-20,C0052,P007,Jeans,Clothing,South,4,1499.0,0,5996.0,May,2023,5,2
ORD01645,2023-09-08,C0091,P008,Rice 5kg,Groceries,East,5,350.0,0,1750.0,September,2023,9,3
ORD01646,2023-10-27,C0099,P008,Rice 5kg,Groceries,South,3,350.0,0,1050.0,October,2023,10,4
ORD01647,2023-12-16,C0074,P007,Jeans,Clothing,South,6,1274.15,15,7644.9,December,2023,12,4
ORD01648,2023-09-20,C0198,P009,Cooking Oil,Groceries,South,5,200.0,0,1000.0,September,2023,9,3
ORD01649,2023-12-04,C0162,P001,Laptop,Electronics,South,2,40500.0,10,81000.0,December,2023,12,4
ORD01650,2023-07-13,C0169,P006,T-Shirt,Clothing,North,6,719.1,10,4314.6,July,2023,7,3
ORD01651,2023-08-04,C0122,P006,T-Shirt,Clothing,East,1,799.0,0,799.0,August,2023,8,3
ORD01652,2023-03-25,C0120,P003,Headphones,Electronics,South,6,2500.0,0,15000.0,March,2023,3,1
ORD01653,2023-10-22,C0178,P010,Notebook,Stationery,West,8,54.0,10,432.0,October,2023,10,4
ORD01654,2023-07-11,C0154,P004,Desk Chair,Furniture,East,5,6800.0,15,34000.0,July,2023,7,3
ORD01655,2023-02-25,C0108,P001,Laptop,Electronics,West,4,40500.0,10,162000.0,February,2023,2,1
ORD01656,2023-03-25,C0132,P007,Jeans,Clothing,South,10,1499.0,0,14990.0,March,2023,3,1
ORD01657,2023-03-13,C0034,P009,Cooking Oil,Groceries,East,4,180.0,10,720.0,March,2023,3,1
ORD01658,2023-06-27,C0118,P002,Mobile Phone,Electronics,West,5,18000.0,0,90000.0,June,2023,6,2
ORD01659,2023-06-04,C0079,P003,Headphones,Electronics,North,4,2500.0,0,10000.0,June,2023,6,2
ORD01661,2023-12-18,C0101,P002,Mobile Phone,Electronics,South,8,16200.0,10,129600.0,December,2023,12,4
ORD01662,2023-07-18,C0033,P008,Rice 5kg,Groceries,East,4,350.0,0,1400.0,July,2023,7,3
ORD01663,2023-08-06,C0153,P006,T-Shirt,Clothing,West,5,679.15,15,3395.75,August,2023,8,3
ORD01664,2023-11-08,C0046,P010,Notebook,Stationery,South,1,60.0,0,60.0,November,2023,11,4
ORD01665,2023-07-23,C0020,P001,Laptop,Electronics,South,10,40500.0,10,405000.0,July,2023,7,3
ORD01666,2023-02-17,C0087,P004,Desk Chair,Furniture,West,5,7600.0,5,38000.0,February,2023,2,1
ORD01667,2023-12-12,C0124,P005,Study Table,Furniture,North,5,11400.0,5,57000.0,December,2023,12,4
ORD01668,2023-12-16,C0133,P003,Headphones,Electronics,North,3,2375.0,5,7125.0,December,2023,12,4
ORD01669,2023-03-24,C0082,P002,Mobile Phone,Electronics,South,7,18000.0,0,126000.0,March,2023,3,1
ORD01670,2023-12-01,C0172,P008,Rice 5kg,Groceries,West,1,332.5,5,332.5,December,2023,12,4
ORD01671,2023-11-21,C0030,P007,Jeans,Clothing,West,5,1274.15,15,6370.75,November,2023,11,4
ORD01672,2023-02-27,C0046,P006,T-Shirt,Clothing,West,9,799.0,0,7191.0,February,2023,2,1
ORD01673,2023-06-22,C0182,P002,Mobile Phone,Electronics,East,3,18000.0,0,54000.0,June,2023,6,2
ORD01674,2023-08-26,C0073,P008,Rice 5kg,Groceries,North,7,350.0,0,2450.0,August,2023,8,3
ORD01675,2023-12-18,C0095,P006,T-Shirt,Clothing,East,1,719.1,10,719.1,December,2023,12,4
ORD01676,2023-04-02,C0076,P001,Laptop,Electronics,East,9,45000.0,0,405000.0,April,2023,4,2
ORD01677,2023-02-27,C0092,P005,Study Table,Furniture,North,1,10800.0,10,10800.0,February,2023,2,1
ORD01678,2023-02-18,C0033,P003,Headphones,Electronics,South,2,2250.0,10,4500.0,February,2023,2,1
ORD01679,2023-12-19,C0159,P005,Study Table,Furniture,South,6,11400.0,5,68400.0,December,2023,12,4
ORD01680,2023-01-21,C0020,P009,Cooking Oil,Groceries,East,10,190.0,5,1900.0,January,2023,1,1
ORD01681,2023-02-10,C0087,P002,Mobile Phone,Electronics,East,7,16200.0,10,113400.0,February,2023,2,1
ORD01682,2023-03-01,C0050,P005,Study Table,Furniture,East,2,11400.0,5,22800.0,March,2023,3,1
ORD01683,2023-01-26,C0096,P009,Cooking Oil,Groceries,West,4,170.0,15,680.0,January,2023,1,1
ORD01684,2023-09-14,C0172,P005,Study Table,Furniture,North,3,12000.0,0,36000.0,September,2023,9,3
ORD01685,2023-07-28,C0054,P005,Study Table,Furniture,North,5,12000.0,0,60000.0,July,2023,7,3
ORD01686,2023-11-03,C0163,P005,Study Table,Furniture,East,5,11400.0,5,57000.0,November,2023,11,4
ORD01687,2023-11-10,C0074,P006,T-Shirt,Clothing,West,4,799.0,0,3196.0,November,2023,11,4
ORD01688,2023-09-01,C0143,P006,T-Shirt,Clothing,North,9,759.05,5,6831.45,September,2023,9,3
ORD01689,2023-09-13,C0054,P008,Rice 5kg,Groceries,South,3,332.5,5,997.5,September,2023,9,3
ORD01690,2023-11-20,C0125,P001,Laptop,Electronics,East,10,45000.0,0,450000.0,November,2023,11,4
ORD01691,2023-05-30,C0193,P009,Cooking Oil,Groceries,East,6,200.0,0,1200.0,May,2023,5,2
ORD01692,2023-03-27,C0160,P003,Headphones,Electronics,East,10,2250.0,10,22500.0,March,2023,3,1
ORD01693,2023-09-09,C0061,P001,Laptop,Electronics,West,5,40500.0,10,202500.0,September,2023,9,3
ORD01694,2023-07-22,C0056,P010,Notebook,Stationery,South,2,60.0,0,120.0,July,2023,7,3
ORD01695,2023-07-25,C0141,P003,Headphones,Electronics,West,3,2125.0,15,6375.0,July,2023,7,3
ORD01696,2023-07-05,C0162,P010,Notebook,Stationery,North,5,60.0,0,300.0,July,2023,7,3
ORD01697,2023-09-30,C0101,P006,T-Shirt,Clothing,South,9,719.1,10,6471.9,September,2023,9,3
ORD01698,2023-03-22,C0046,P008,Rice 5kg,Groceries,West,5,332.5,5,1662.5,March,2023,3,1
ORD01699,2023-03-30,C0175,P006,T-Shirt,Clothing,North,8,679.15,15,5433.2,March,2023,3,1
ORD01700,2023-11-22,C0008,P007,Jeans,Clothing,South,7,1499.0,0,10493.0,November,2023,11,4
ORD01701,2023-07-29,C0006,P002,Mobile Phone,Electronics,East,10,16200.0,10,162000.0,July,2023,7,3
ORD01702,2023-01-12,C0191,P008,Rice 5kg,Groceries,West,2,350.0,0,700.0,January,2023,1,1
ORD01703,2023-05-03,C0045,P003,Headphones,Electronics,West,8,2500.0,0,20000.0,May,2023,5,2
ORD01704,2023-02-03,C0008,P006,T-Shirt,Clothing,South,3,799.0,0,2397.0,February,2023,2,1
ORD01705,2023-04-01,C0119,P010,Notebook,Stationery,North,8,60.0,0,480.0,April,2023,4,2
ORD01706,2023-02-05,C0002,P003,Headphones,Electronics,North,4,2375.0,5,9500.0,February,2023,2,1
ORD01707,2023-02-06,C0107,P009,Cooking Oil,Groceries,East,8,190.0,5,1520.0,February,2023,2,1
ORD01708,2023-01-13,C0113,P010,Notebook,Stationery,West,9,51.0,15,459.0,January,2023,1,1
ORD01709,2023-07-24,C0184,P007,Jeans,Clothing,West,1,1499.0,0,1499.0,July,2023,7,3
ORD01710,2023-02-27,C0185,P003,Headphones,Electronics,South,5,2250.0,10,11250.0,February,2023,2,1
ORD01711,2023-04-18,C0068,P003,Headphones,Electronics,North,4,2375.0,5,9500.0,April,2023,4,2
ORD01712,2023-05-14,C0088,P008,Rice 5kg,Groceries,East,8,350.0,0,2800.0,May,2023,5,2
ORD01713,2023-05-21,C0153,P008,Rice 5kg,Groceries,North,5,315.0,10,1575.0,May,2023,5,2
ORD01714,2023-07-09,C0145,P005,Study Table,Furniture,East,1,12000.0,0,12000.0,July,2023,7,3
ORD01715,2023-06-06,C0122,P003,Headphones,Electronics,West,10,2125.0,15,21250.0,June,2023,6,2
ORD01716,2023-05-30,C0099,P003,Headphones,Electronics,East,3,2250.0,10,6750.0,May,2023,5,2
ORD01717,2023-03-17,C0150,P004,Desk Chair,Furniture,North,10,8000.0,0,80000.0,March,2023,3,1
ORD01718,2023-11-13,C0044,P009,Cooking Oil,Groceries,East,7,190.0,5,1330.0,November,2023,11,4
ORD01719,2023-07-11,C0097,P009,Cooking Oil,Groceries,West,6,180.0,10,1080.0,July,2023,7,3
ORD01720,2023-07-14,C0004,P008,Rice 5kg,Groceries,North,3,332.5,5,997.5,July,2023,7,3
ORD01721,2023-11-08,C0200,P004,Desk Chair,Furniture,North,3,8000.0,0,24000.0,November,2023,11,4
ORD01722,2023-01-07,C0192,P008,Rice 5kg,Groceries,South,10,297.5,15,2975.0,January,2023,1,1
ORD01723,2023-02-20,C0085,P001,Laptop,Electronics,North,7,38250.0,15,267750.0,February,2023,2,1
ORD01724,2023-08-17,C0146,P009,Cooking Oil,Groceries,South,2,200.0,0,400.0,August,2023,8,3
ORD01725,2023-12-20,C0184,P003,Headphones,Electronics,West,4,2500.0,0,10000.0,December,2023,12,4
ORD01726,2023-02-16,C0191,P005,Study Table,Furniture,South,9,12000.0,0,108000.0,February,2023,2,1
ORD01727,2023-02-01,C0054,P003,Headphones,Electronics,South,9,2500.0,0,22500.0,February,2023,2,1
ORD01728,2023-10-02,C0014,P008,Rice 5kg,Groceries,East,8,350.0,0,2800.0,October,2023,10,4
ORD01729,2023-02-12,C0122,P008,Rice 5kg,Groceries,South,2,332.5,5,665.0,February,2023,2,1
ORD01730,2023-10-19,C0003,P010,Notebook,Stationery,West,8,60.0,0,480.0,October,2023,10,4
ORD01731,2023-11-22,C0158,P008,Rice 5kg,Groceries,West,4,315.0,10,1260.0,November,2023,11,4
ORD01732,2023-09-10,C0162,P007,Jeans,Clothing,South,10,1499.0,0,14990.0,September,2023,9,3
ORD01733,2023-09-30,C0064,P005,Study Table,Furniture,East,5,12000.0,0,60000.0,September,2023,9,3
ORD01734,2023-04-04,C0125,P005,Study Table,Furniture,North,8,12000.0,0,96000.0,April,2023,4,2
ORD01735,2023-04-02,C0017,P008,Rice 5kg,Groceries,West,8,350.0,0,2800.0,April,2023,4,2
ORD01736,2023-12-18,C0138,P008,Rice 5kg,Groceries,South,6,297.5,15,1785.0,December,2023,12,4
ORD01737,2023-09-14,C0079,P004,Desk Chair,Furniture,East,4,8000.0,0,32000.0,September,2023,9,3
ORD01738,2023-10-20,C0173,P005,Study Table,Furniture,South,10,12000.0,0,120000.0,October,2023,10,4
ORD01739,2023-11-09,C0170,P007,Jeans,Clothing,South,3,1499.0,0,4497.0,November,2023,11,4
ORD01740,2023-05-18,C0059,P008,Rice 5kg,Groceries,East,10,332.5,5,3325.0,May,2023,5,2
ORD01741,2023-06-06,C0086,P005,Study Table,Furniture,East,6,12000.0,0,72000.0,June,2023,6,2
ORD01743,2023-11-27,C0036,P001,Laptop,Electronics,West,7,45000.0,0,315000.0,November,2023,11,4
ORD01745,2023-10-14,C0190,P007,Jeans,Clothing,South,6,1349.1,10,8094.6,October,2023,10,4
ORD01746,2023-02-08,C0063,P008,Rice 5kg,Groceries,South,5,350.0,0,1750.0,February,2023,2,1
ORD01747,2023-12-04,C0100,P010,Notebook,Stationery,West,8,60.0,0,480.0,December,2023,12,4
ORD01748,2023-02-21,C0015,P010,Notebook,Stationery,East,7,60.0,0,420.0,February,2023,2,1
ORD01749,2023-03-10,C0192,P005,Study Table,Furniture,North,2,11400.0,5,22800.0,March,2023,3,1
ORD01750,2023-10-29,C0077,P007,Jeans,Clothing,South,3,1499.0,0,4497.0,October,2023,10,4
ORD01751,2023-12-05,C0067,P006,T-Shirt,Clothing,East,10,719.1,10,7191.0,December,2023,12,4
ORD01752,2023-08-17,C0192,P002,Mobile Phone,Electronics,South,6,18000.0,0,108000.0,August,2023,8,3
ORD01753,2023-04-12,C0174,P008,Rice 5kg,Groceries,East,6,350.0,0,2100.0,April,2023,4,2
ORD01754,2023-11-25,C0106,P001,Laptop,Electronics,West,3,45000.0,0,135000.0,November,2023,11,4
ORD01755,2023-09-20,C0096,P001,Laptop,Electronics,North,9,45000.0,0,405000.0,September,2023,9,3
ORD01756,2023-09-09,C0073,P009,Cooking Oil,Groceries,East,6,180.0,10,1080.0,September,2023,9,3
ORD01757,2023-02-27,C0137,P010,Notebook,Stationery,South,2,54.0,10,108.0,February,2023,2,1
ORD01758,2023-11-09,C0167,P002,Mobile Phone,Electronics,South,10,17100.0,5,171000.0,November,2023,11,4
ORD01759,2023-08-20,C0190,P007,Jeans,Clothing,South,5,1424.05,5,7120.25,August,2023,8,3
ORD01760,2023-09-28,C0200,P010,Notebook,Stationery,West,6,57.0,5,342.0,September,2023,9,3
ORD01761,2023-07-19,C0005,P005,Study Table,Furniture,North,1,10800.0,10,10800.0,July,2023,7,3
ORD01762,2023-12-12,C0197,P005,Study Table,Furniture,East,4,10800.0,10,43200.0,December,2023,12,4
ORD01763,2023-10-23,C0040,P004,Desk Chair,Furniture,South,10,8000.0,0,80000.0,October,2023,10,4
ORD01764,2023-10-01,C0155,P003,Headphones,Electronics,North,2,2500.0,0,5000.0,October,2023,10,4
ORD01765,2023-04-28,C0169,P002,Mobile Phone,Electronics,South,6,18000.0,0,108000.0,April,2023,4,2
ORD01766,2023-07-01,C0007,P005,Study Table,Furniture,South,4,12000.0,0,48000.0,July,2023,7,3
ORD01767,2023-08-16,C0191,P002,Mobile Phone,Electronics,South,7,18000.0,0,126000.0,August,2023,8,3
ORD01768,2023-07-14,C0152,P007,Jeans,Clothing,North,4,1499.0,0,5996.0,July,2023,7,3
ORD01769,2023-03-25,C0194,P010,Notebook,Stationery,South,9,60.0,0,540.0,March,2023,3,1
ORD01770,2023-06-12,C0107,P010,Notebook,Stationery,South,6,51.0,15,306.0,June,2023,6,2
ORD01771,2023-05-11,C0131,P009,Cooking Oil,Groceries,North,6,190.0,5,1140.0,May,2023,5,2
ORD01772,2023-02-21,C0091,P007,Jeans,Clothing,East,7,1424.05,5,9968.35,February,2023,2,1
ORD01773,2023-12-26,C0022,P007,Jeans,Clothing,West,5,1499.0,0,7495.0,December,2023,12,4
ORD01774,2023-03-14,C0064,P005,Study Table,Furniture,South,6,12000.0,0,72000.0,March,2023,3,1
ORD01775,2023-08-29,C0196,P003,Headphones,Electronics,North,3,2125.0,15,6375.0,August,2023,8,3
ORD01776,2023-08-01,C0041,P005,Study Table,Furniture,West,6,10800.0,10,64800.0,August,2023,8,3
ORD01777,2023-02-26,C0042,P003,Headphones,Electronics,North,3,2500.0,0,7500.0,February,2023,2,1
ORD01778,2023-06-14,C0008,P006,T-Shirt,Clothing,North,5,719.1,10,3595.5,June,2023,6,2
ORD01779,2023-01-24,C0139,P001,Laptop,Electronics,West,3,42750.0,5,128250.0,January,2023,1,1
ORD01780,2023-01-08,C0090,P003,Headphones,Electronics,South,3,2500.0,0,7500.0,January,2023,1,1
ORD01781,2023-08-01,C0138,P002,Mobile Phone,Electronics,West,8,17100.0,5,136800.0,August,2023,8,3
ORD01782,2023-08-29,C0066,P001,Laptop,Electronics,South,5,42750.0,5,213750.0,August,2023,8,3
ORD01783,2023-09-10,C0192,P010,Notebook,Stationery,South,2,57.0,5,114.0,September,2023,9,3
ORD01784,2023-02-12,C0191,P003,Headphones,Electronics,North,4,2125.0,15,8500.0,February,2023,2,1
ORD01785,2023-04-26,C0065,P010,Notebook,Stationery,South,2,60.0,0,120.0,April,2023,4,2
ORD01786,2023-09-22,C0148,P008,Rice 5kg,Groceries,East,10,315.0,10,3150.0,September,2023,9,3
ORD01787,2023-03-16,C0149,P007,Jeans,Clothing,North,6,1274.15,15,7644.9,March,2023,3,1
ORD01788,2023-01-08,C0037,P001,Laptop,Electronics,North,4,45000.0,0,180000.0,January,2023,1,1
ORD01789,2023-10-20,C0124,P007,Jeans,Clothing,West,6,1499.0,0,8994.0,October,2023,10,4
ORD01790,2023-04-20,C0117,P010,Notebook,Stationery,East,7,57.0,5,399.0,April,2023,4,2
ORD01791,2023-06-22,C0048,P005,Study Table,Furniture,East,9,12000.0,0,108000.0,June,2023,6,2
ORD01792,2023-02-19,C0172,P009,Cooking Oil,Groceries,East,8,170.0,15,1360.0,February,2023,2,1
ORD01793,2023-01-14,C0140,P006,T-Shirt,Clothing,South,7,679.15,15,4754.05,January,2023,1,1
ORD01794,2023-12-31,C0076,P002,Mobile Phone,Electronics,South,2,16200.0,10,32400.0,December,2023,12,4
ORD01795,2023-09-16,C0047,P007,Jeans,Clothing,West,9,1499.0,0,13491.0,September,2023,9,3
ORD01796,2023-12-15,C0057,P009,Cooking Oil,Groceries,North,4,200.0,0,800.0,December,2023,12,4
ORD01797,2023-10-16,C0136,P009,Cooking Oil,Groceries,North,10,200.0,0,2000.0,October,2023,10,4
ORD01798,2023-07-11,C0041,P004,Desk Chair,Furniture,North,9,8000.0,0,72000.0,July,2023,7,3
ORD01799,2023-03-19,C0139,P010,Notebook,Stationery,West,4,51.0,15,204.0,March,2023,3,1
ORD01800,2023-09-25,C0108,P007,Jeans,Clothing,West,5,1424.05,5,7120.25,September,2023,9,3
ORD01801,2023-05-09,C0182,P005,Study Table,Furniture,East,1,12000.0,0,12000.0,May,2023,5,2
ORD01802,2023-07-30,C0036,P010,Notebook,Stationery,South,2,60.0,0,120.0,July,2023,7,3
ORD01803,2023-11-27,C0108,P004,Desk Chair,Furniture,West,7,8000.0,0,56000.0,November,2023,11,4
ORD01804,2023-05-22,C0036,P006,T-Shirt,Clothing,West,2,799.0,0,1598.0,May,2023,5,2
ORD01805,2023-03-14,C0173,P003,Headphones,Electronics,East,4,2375.0,5,9500.0,March,2023,3,1
ORD01806,2023-09-26,C0027,P002,Mobile Phone,Electronics,West,9,18000.0,0,162000.0,September,2023,9,3
ORD01807,2023-11-09,C0117,P002,Mobile Phone,Electronics,South,9,15300.0,15,137700.0,November,2023,11,4
ORD01808,2023-07-15,C0066,P006,T-Shirt,Clothing,North,5,799.0,0,3995.0,July,2023,7,3
ORD01809,2023-04-26,C0134,P003,Headphones,Electronics,North,8,2500.0,0,20000.0,April,2023,4,2
ORD01810,2023-12-07,C0127,P010,Notebook,Stationery,West,6,60.0,0,360.0,December,2023,12,4
ORD01811,2023-11-24,C0131,P005,Study Table,Furniture,East,5,12000.0,0,60000.0,November,2023,11,4
ORD01812,2023-02-21,C0183,P006,T-Shirt,Clothing,West,2,799.0,0,1598.0,February,2023,2,1
ORD01813,2023-05-17,C0027,P010,Notebook,Stationery,West,7,51.0,15,357.0,May,2023,5,2
ORD01814,2023-12-08,C0098,P007,Jeans,Clothing,North,10,1349.1,10,13491.0,December,2023,12,4
ORD01815,2023-03-02,C0196,P002,Mobile Phone,Electronics,South,10,18000.0,0,180000.0,March,2023,3,1
ORD01816,2023-01-21,C0089,P010,Notebook,Stationery,West,7,57.0,5,399.0,January,2023,1,1
ORD01817,2023-11-18,C0191,P009,Cooking Oil,Groceries,West,1,190.0,5,190.0,November,2023,11,4
ORD01818,2023-11-19,C0085,P010,Notebook,Stationery,North,3,60.0,0,180.0,November,2023,11,4
ORD01819,2023-07-03,C0175,P001,Laptop,Electronics,East,8,45000.0,0,360000.0,July,2023,7,3
ORD01820,2023-06-16,C0118,P005,Study Table,Furniture,East,8,12000.0,0,96000.0,June,2023,6,2
ORD01821,2023-06-14,C0190,P009,Cooking Oil,Groceries,West,9,170.0,15,1530.0,June,2023,6,2
ORD01822,2023-06-20,C0091,P003,Headphones,Electronics,South,8,2500.0,0,20000.0,June,2023,6,2
ORD01823,2023-11-15,C0128,P002,Mobile Phone,Electronics,South,7,18000.0,0,126000.0,November,2023,11,4
ORD01824,2023-08-13,C0093,P008,Rice 5kg,Groceries,South,6,350.0,0,2100.0,August,2023,8,3
ORD01825,2023-06-08,C0130,P002,Mobile Phone,Electronics,East,4,16200.0,10,64800.0,June,2023,6,2
ORD01826,2023-02-08,C0051,P007,Jeans,Clothing,North,10,1274.15,15,12741.5,February,2023,2,1
ORD01827,2023-06-24,C0137,P007,Jeans,Clothing,East,5,1499.0,0,7495.0,June,2023,6,2
ORD01828,2023-10-19,C0022,P002,Mobile Phone,Electronics,East,5,16200.0,10,81000.0,October,2023,10,4
ORD01830,2023-08-14,C0166,P004,Desk Chair,Furniture,South,4,8000.0,0,32000.0,August,2023,8,3
ORD01831,2023-08-13,C0107,P001,Laptop,Electronics,South,10,42750.0,5,427500.0,August,2023,8,3
ORD01832,2023-10-22,C0100,P010,Notebook,Stationery,East,7,51.0,15,357.0,October,2023,10,4
ORD01833,2023-07-06,C0061,P005,Study Table,Furniture,East,7,12000.0,0,84000.0,July,2023,7,3
ORD01834,2023-05-07,C0138,P003,Headphones,Electronics,South,6,2125.0,15,12750.0,May,2023,5,2
ORD01835,2023-06-10,C0027,P009,Cooking Oil,Groceries,South,8,180.0,10,1440.0,June,2023,6,2
ORD01836,2023-05-18,C0148,P009,Cooking Oil,Groceries,North,4,190.0,5,760.0,May,2023,5,2
ORD01837,2023-03-29,C0006,P010,Notebook,Stationery,West,7,60.0,0,420.0,March,2023,3,1
ORD01838,2023-03-17,C0017,P006,T-Shirt,Clothing,East,8,679.15,15,5433.2,March,2023,3,1
ORD01839,2023-01-15,C0183,P010,Notebook,Stationery,West,5,51.0,15,255.0,January,2023,1,1
ORD01840,2023-12-05,C0116,P003,Headphones,Electronics,East,7,2500.0,0,17500.0,December,2023,12,4
ORD01841,2023-09-18,C0105,P006,T-Shirt,Clothing,South,4,719.1,10,2876.4,September,2023,9,3
ORD01842,2023-11-09,C0014,P010,Notebook,Stationery,East,6,60.0,0,360.0,November,2023,11,4
ORD01843,2023-09-29,C0106,P002,Mobile Phone,Electronics,South,10,18000.0,0,180000.0,September,2023,9,3
ORD01844,2023-01-16,C0167,P010,Notebook,Stationery,West,3,60.0,0,180.0,January,2023,1,1
ORD01845,2023-12-25,C0176,P002,Mobile Phone,Electronics,West,7,16200.0,10,113400.0,December,2023,12,4
ORD01846,2023-04-04,C0025,P008,Rice 5kg,Groceries,East,3,350.0,0,1050.0,April,2023,4,2
ORD01847,2023-04-05,C0067,P005,Study Table,Furniture,West,8,12000.0,0,96000.0,April,2023,4,2
ORD01850,2023-07-16,C0079,P001,Laptop,Electronics,North,1,45000.0,0,45000.0,July,2023,7,3
ORD01851,2023-04-07,C0163,P006,T-Shirt,Clothing,West,2,799.0,0,1598.0,April,2023,4,2
ORD01852,2023-03-21,C0154,P006,T-Shirt,Clothing,East,2,679.15,15,1358.3,March,2023,3,1
ORD01853,2023-08-16,C0008,P003,Headphones,Electronics,North,9,2500.0,0,22500.0,August,2023,8,3
ORD01854,2023-02-25,C0090,P002,Mobile Phone,Electronics,South,5,18000.0,0,90000.0,February,2023,2,1
ORD01855,2023-11-05,C0040,P002,Mobile Phone,Electronics,East,8,18000.0,0,144000.0,November,2023,11,4
ORD01856,2023-03-01,C0172,P009,Cooking Oil,Groceries,North,7,190.0,5,1330.0,March,2023,3,1
ORD01857,2023-07-26,C0011,P004,Desk Chair,Furniture,East,8,8000.0,0,64000.0,July,2023,7,3
ORD01858,2023-09-24,C0024,P008,Rice 5kg,Groceries,East,10,350.0,0,3500.0,September,2023,9,3
ORD01859,2023-10-07,C0165,P009,Cooking Oil,Groceries,South,9,190.0,5,1710.0,October,2023,10,4
ORD01860,2023-08-07,C0104,P004,Desk Chair,Furniture,West,5,6800.0,15,34000.0,August,2023,8,3
ORD01861,2023-10-15,C0124,P008,Rice 5kg,Groceries,West,2,350.0,0,700.0,October,2023,10,4
ORD01862,2023-01-22,C0049,P005,Study Table,Furniture,North,1,10800.0,10,10800.0,January,2023,1,1
ORD01863,2023-11-25,C0081,P010,Notebook,Stationery,North,9,60.0,0,540.0,November,2023,11,4
ORD01864,2023-06-30,C0138,P005,Study Table,Furniture,North,7,12000.0,0,84000.0,June,2023,6,2
ORD01865,2023-04-02,C0131,P007,Jeans,Clothing,East,9,1349.1,10,12141.9,April,2023,4,2
ORD01866,2023-04-06,C0057,P004,Desk Chair,Furniture,East,2,7600.0,5,15200.0,April,2023,4,2
ORD01867,2023-11-10,C0004,P004,Desk Chair,Furniture,North,10,6800.0,15,68000.0,November,2023,11,4
ORD01868,2023-05-04,C0169,P002,Mobile Phone,Electronics,East,5,18000.0,0,90000.0,May,2023,5,2
ORD01869,2023-01-23,C0040,P004,Desk Chair,Furniture,South,6,7600.0,5,45600.0,January,2023,1,1
ORD01870,2023-10-20,C0182,P005,Study Table,Furniture,East,7,10200.0,15,71400.0,October,2023,10,4
ORD01871,2023-01-06,C0107,P005,Study Table,Furniture,West,7,10200.0,15,71400.0,January,2023,1,1
ORD01872,2023-11-04,C0003,P004,Desk Chair,Furniture,West,8,8000.0,0,64000.0,November,2023,11,4
ORD01873,2023-11-23,C0030,P003,Headphones,Electronics,North,4,2500.0,0,10000.0,November,2023,11,4
ORD01874,2023-06-17,C0043,P002,Mobile Phone,Electronics,East,3,16200.0,10,48600.0,June,2023,6,2
ORD01875,2023-05-27,C0073,P007,Jeans,Clothing,East,5,1349.1,10,6745.5,May,2023,5,2
ORD01876,2023-09-12,C0052,P004,Desk Chair,Furniture,South,2,7200.0,10,14400.0,September,2023,9,3
ORD01877,2023-04-28,C0010,P008,Rice 5kg,Groceries,West,2,350.0,0,700.0,April,2023,4,2
ORD01878,2023-11-12,C0095,P002,Mobile Phone,Electronics,West,4,17100.0,5,68400.0,November,2023,11,4
ORD01879,2023-04-18,C0186,P001,Laptop,Electronics,East,9,45000.0,0,405000.0,April,2023,4,2
ORD01880,2023-03-31,C0090,P003,Headphones,Electronics,West,6,2500.0,0,15000.0,March,2023,3,1
ORD01881,2023-05-30,C0130,P007,Jeans,Clothing,North,7,1499.0,0,10493.0,May,2023,5,2
ORD01882,2023-08-14,C0018,P006,T-Shirt,Clothing,South,8,799.0,0,6392.0,August,2023,8,3
ORD01883,2023-06-12,C0015,P003,Headphones,Electronics,North,3,2250.0,10,6750.0,June,2023,6,2
ORD01884,2023-03-28,C0186,P009,Cooking Oil,Groceries,East,1,180.0,10,180.0,March,2023,3,1
ORD01885,2023-07-15,C0001,P002,Mobile Phone,Electronics,North,4,18000.0,0,72000.0,July,2023,7,3
ORD01887,2023-07-17,C0073,P008,Rice 5kg,Groceries,West,10,297.5,15,2975.0,July,2023,7,3
ORD01888,2023-06-26,C0163,P008,Rice 5kg,Groceries,West,10,350.0,0,3500.0,June,2023,6,2
ORD01889,2023-04-25,C0037,P008,Rice 5kg,Groceries,East,9,350.0,0,3150.0,April,2023,4,2
ORD01890,2023-07-08,C0190,P007,Jeans,Clothing,North,5,1499.0,0,7495.0,July,2023,7,3
ORD01891,2023-12-30,C0139,P001,Laptop,Electronics,South,8,42750.0,5,342000.0,December,2023,12,4
ORD01892,2023-08-04,C0107,P006,T-Shirt,Clothing,West,4,759.05,5,3036.2,August,2023,8,3
ORD01893,2023-06-22,C0084,P007,Jeans,Clothing,West,8,1499.0,0,11992.0,June,2023,6,2
ORD01894,2023-04-08,C0146,P004,Desk Chair,Furniture,South,4,6800.0,15,27200.0,April,2023,4,2
ORD01895,2023-10-08,C0196,P010,Notebook,Stationery,West,6,57.0,5,342.0,October,2023,10,4
ORD01896,2023-02-25,C0139,P007,Jeans,Clothing,West,3,1424.05,5,4272.15,February,2023,2,1
ORD01897,2023-04-13,C0056,P010,Notebook,Stationery,East,7,60.0,0,420.0,April,2023,4,2
ORD01898,2023-04-03,C0114,P007,Jeans,Clothing,North,9,1424.05,5,12816.45,April,2023,4,2
ORD01899,2023-12-15,C0145,P003,Headphones,Electronics,South,5,2125.0,15,10625.0,December,2023,12,4
ORD01900,2023-06-12,C0120,P004,Desk Chair,Furniture,South,3,7600.0,5,22800.0,June,2023,6,2
ORD01901,2023-11-10,C0136,P008,Rice 5kg,Groceries,North,6,315.0,10,1890.0,November,2023,11,4
ORD01902,2023-01-28,C0085,P002,Mobile Phone,Electronics,North,1,18000.0,0,18000.0,January,2023,1,1
ORD01903,2023-06-07,C0017,P004,Desk Chair,Furniture,East,3,8000.0,0,24000.0,June,2023,6,2
ORD01904,2023-12-27,C0045,P008,Rice 5kg,Groceries,East,8,350.0,0,2800.0,December,2023,12,4
ORD01905,2023-08-01,C0031,P003,Headphones,Electronics,West,3,2500.0,0,7500.0,August,2023,8,3
ORD01906,2023-05-08,C0030,P008,Rice 5kg,Groceries,South,5,297.5,15,1487.5,May,2023,5,2
ORD01907,2023-08-31,C0098,P001,Laptop,Electronics,West,3,42750.0,5,128250.0,August,2023,8,3
ORD01908,2023-10-20,C0047,P006,T-Shirt,Clothing,West,8,719.1,10,5752.8,October,2023,10,4
ORD01909,2023-02-13,C0095,P010,Notebook,Stationery,North,6,60.0,0,360.0,February,2023,2,1
ORD01910,2023-12-09,C0051,P007,Jeans,Clothing,East,3,1499.0,0,4497.0,December,2023,12,4
ORD01911,2023-09-11,C0005,P002,Mobile Phone,Electronics,West,6,16200.0,10,97200.0,September,2023,9,3
ORD01912,2023-05-24,C0134,P005,Study Table,Furniture,North,4,10800.0,10,43200.0,May,2023,5,2
ORD01913,2023-06-06,C0068,P001,Laptop,Electronics,West,4,38250.0,15,153000.0,June,2023,6,2
ORD01914,2023-02-11,C0086,P005,Study Table,Furniture,North,8,10200.0,15,81600.0,February,2023,2,1
ORD01915,2023-10-21,C0005,P010,Notebook,Stationery,East,1,51.0,15,51.0,October,2023,10,4
ORD01916,2023-12-22,C0173,P007,Jeans,Clothing,East,7,1499.0,0,10493.0,December,2023,12,4
ORD01917,2023-12-29,C0088,P009,Cooking Oil,Groceries,South,7,190.0,5,1330.0,December,2023,12,4
ORD01918,2023-05-25,C0069,P009,Cooking Oil,Groceries,North,4,190.0,5,760.0,May,2023,5,2
ORD01919,2023-02-28,C0006,P002,Mobile Phone,Electronics,South,6,16200.0,10,97200.0,February,2023,2,1
ORD01920,2023-02-03,C0040,P002,Mobile Phone,Electronics,South,3,18000.0,0,54000.0,February,2023,2,1
ORD01921,2023-06-24,C0159,P001,Laptop,Electronics,North,1,38250.0,15,38250.0,June,2023,6,2
ORD01922,2023-02-24,C0157,P008,Rice 5kg,Groceries,North,6,297.5,15,1785.0,February,2023,2,1
ORD01923,2023-02-16,C0001,P002,Mobile Phone,Electronics,West,3,18000.0,0,54000.0,February,2023,2,1
ORD01924,2023-06-14,C0161,P001,Laptop,Electronics,South,2,42750.0,5,85500.0,June,2023,6,2
ORD01925,2023-04-06,C0121,P008,Rice 5kg,Groceries,East,10,297.5,15,2975.0,April,2023,4,2
ORD01926,2023-09-17,C0002,P001,Laptop,Electronics,North,8,45000.0,0,360000.0,September,2023,9,3
ORD01927,2023-04-07,C0180,P003,Headphones,Electronics,North,9,2250.0,10,20250.0,April,2023,4,2
ORD01928,2023-03-25,C0102,P003,Headphones,Electronics,East,6,2500.0,0,15000.0,March,2023,3,1
ORD01929,2023-05-09,C0089,P005,Study Table,Furniture,South,4,11400.0,5,45600.0,May,2023,5,2
ORD01930,2023-02-03,C0016,P005,Study Table,Furniture,North,5,12000.0,0,60000.0,February,2023,2,1
ORD01932,2023-07-05,C0179,P002,Mobile Phone,Electronics,North,6,16200.0,10,97200.0,July,2023,7,3
ORD01933,2023-09-03,C0095,P006,T-Shirt,Clothing,West,8,799.0,0,6392.0,September,2023,9,3
ORD01934,2023-10-28,C0044,P009,Cooking Oil,Groceries,North,4,200.0,0,800.0,October,2023,10,4
ORD01935,2023-08-26,C0119,P008,Rice 5kg,Groceries,West,6,332.5,5,1995.0,August,2023,8,3
ORD01936,2023-03-13,C0082,P007,Jeans,Clothing,West,7,1499.0,0,10493.0,March,2023,3,1
ORD01937,2023-08-11,C0170,P007,Jeans,Clothing,South,6,1499.0,0,8994.0,August,2023,8,3
ORD01938,2023-07-20,C0121,P004,Desk Chair,Furniture,South,2,8000.0,0,16000.0,July,2023,7,3
ORD01939,2023-06-05,C0141,P008,Rice 5kg,Groceries,East,7,350.0,0,2450.0,June,2023,6,2
ORD01940,2023-03-23,C0125,P008,Rice 5kg,Groceries,North,7,332.5,5,2327.5,March,2023,3,1
ORD01941,2023-05-29,C0037,P006,T-Shirt,Clothing,South,8,719.1,10,5752.8,May,2023,5,2
ORD01942,2023-01-07,C0079,P004,Desk Chair,Furniture,South,7,7600.0,5,53200.0,January,2023,1,1
ORD01943,2023-03-04,C0154,P010,Notebook,Stationery,South,7,54.0,10,378.0,March,2023,3,1
ORD01945,2023-12-19,C0060,P004,Desk Chair,Furniture,East,4,8000.0,0,32000.0,December,2023,12,4
ORD01946,2023-06-24,C0148,P008,Rice 5kg,Groceries,East,5,315.0,10,1575.0,June,2023,6,2
ORD01947,2023-12-29,C0152,P006,T-Shirt,Clothing,South,10,799.0,0,7990.0,December,2023,12,4
ORD01948,2023-06-10,C0131,P010,Notebook,Stationery,North,8,60.0,0,480.0,June,2023,6,2
ORD01949,2023-09-09,C0119,P006,T-Shirt,Clothing,East,2,719.1,10,1438.2,September,2023,9,3
ORD01950,2023-03-15,C0094,P004,Desk Chair,Furniture,North,5,6800.0,15,34000.0,March,2023,3,1
ORD01951,2023-11-14,C0124,P001,Laptop,Electronics,South,6,45000.0,0,270000.0,November,2023,11,4
ORD01952,2023-10-02,C0052,P008,Rice 5kg,Groceries,South,6,315.0,10,1890.0,October,2023,10,4
ORD01953,2023-02-01,C0189,P002,Mobile Phone,Electronics,South,5,15300.0,15,76500.0,February,2023,2,1
ORD01954,2023-12-25,C0003,P004,Desk Chair,Furniture,East,7,7600.0,5,53200.0,December,2023,12,4
ORD01955,2023-11-26,C0196,P001,Laptop,Electronics,West,1,38250.0,15,38250.0,November,2023,11,4
ORD01956,2023-07-15,C0143,P003,Headphones,Electronics,South,8,2125.0,15,17000.0,July,2023,7,3
ORD01957,2023-05-22,C0051,P002,Mobile Phone,Electronics,West,5,17100.0,5,85500.0,May,2023,5,2
ORD01958,2023-01-27,C0084,P006,T-Shirt,Clothing,West,1,799.0,0,799.0,January,2023,1,1
ORD01959,2023-11-18,C0112,P007,Jeans,Clothing,East,9,1499.0,0,13491.0,November,2023,11,4
ORD01960,2023-10-17,C0194,P001,Laptop,Electronics,North,5,45000.0,0,225000.0,October,2023,10,4
ORD01961,2023-02-04,C0036,P003,Headphones,Electronics,South,8,2500.0,0,20000.0,February,2023,2,1
ORD01962,2023-07-02,C0087,P004,Desk Chair,Furniture,North,2,8000.0,0,16000.0,July,2023,7,3
ORD01963,2023-02-01,C0135,P008,Rice 5kg,Groceries,West,7,315.0,10,2205.0,February,2023,2,1
ORD01964,2023-04-17,C0115,P003,Headphones,Electronics,South,9,2500.0,0,22500.0,April,2023,4,2
ORD01965,2023-01-29,C0166,P005,Study Table,Furniture,North,4,12000.0,0,48000.0,January,2023,1,1
ORD01966,2023-01-22,C0057,P004,Desk Chair,Furniture,South,8,8000.0,0,64000.0,January,2023,1,1
ORD01968,2023-12-23,C0107,P008,Rice 5kg,Groceries,North,1,297.5,15,297.5,December,2023,12,4
ORD01969,2023-09-09,C0002,P004,Desk Chair,Furniture,East,4,7200.0,10,28800.0,September,2023,9,3
ORD01970,2023-07-23,C0055,P006,T-Shirt,Clothing,South,9,799.0,0,7191.0,July,2023,7,3
ORD01971,2023-10-12,C0096,P010,Notebook,Stationery,West,5,60.0,0,300.0,October,2023,10,4
ORD01972,2023-04-11,C0084,P010,Notebook,Stationery,East,5,60.0,0,300.0,April,2023,4,2
ORD01973,2023-11-05,C0167,P008,Rice 5kg,Groceries,West,1,332.5,5,332.5,November,2023,11,4
ORD01974,2023-04-16,C0052,P007,Jeans,Clothing,East,2,1274.15,15,2548.3,April,2023,4,2
ORD01975,2023-08-26,C0014,P010,Notebook,Stationery,South,5,60.0,0,300.0,August,2023,8,3
ORD01976,2023-01-13,C0080,P005,Study Table,Furniture,North,4,10800.0,10,43200.0,January,2023,1,1
ORD01977,2023-07-18,C0185,P006,T-Shirt,Clothing,East,4,759.05,5,3036.2,July,2023,7,3
ORD01978,2023-10-15,C0153,P003,Headphones,Electronics,East,8,2375.0,5,19000.0,October,2023,10,4
ORD01979,2023-02-24,C0001,P004,Desk Chair,Furniture,North,2,7200.0,10,14400.0,February,2023,2,1
ORD01980,2023-08-16,C0098,P005,Study Table,Furniture,South,1,12000.0,0,12000.0,August,2023,8,3
ORD01981,2023-07-10,C0020,P004,Desk Chair,Furniture,East,7,6800.0,15,47600.0,July,2023,7,3
ORD01982,2023-03-14,C0068,P001,Laptop,Electronics,West,2,45000.0,0,90000.0,March,2023,3,1
ORD01983,2023-12-16,C0008,P004,Desk Chair,Furniture,West,2,6800.0,15,13600.0,December,2023,12,4
ORD01984,2023-12-22,C0143,P004,Desk Chair,Furniture,East,8,7200.0,10,57600.0,December,2023,12,4
ORD01985,2023-12-21,C0040,P008,Rice 5kg,Groceries,South,2,297.5,15,595.0,December,2023,12,4
ORD01986,2023-08-10,C0120,P001,Laptop,Electronics,West,1,42750.0,5,42750.0,August,2023,8,3
ORD01987,2023-12-30,C0073,P001,Laptop,Electronics,West,2,45000.0,0,90000.0,December,2023,12,4
ORD01988,2023-12-20,C0115,P005,Study Table,Furniture,North,4,12000.0,0,48000.0,December,2023,12,4
ORD01989,2023-12-26,C0126,P010,Notebook,Stationery,South,7,54.0,10,378.0,December,2023,12,4
ORD01990,2023-11-03,C0095,P005,Study Table,Furniture,West,6,12000.0,0,72000.0,November,2023,11,4
ORD01991,2023-10-10,C0139,P006,T-Shirt,Clothing,South,6,679.15,15,4074.9,October,2023,10,4
ORD01992,2023-07-25,C0096,P007,Jeans,Clothing,West,3,1349.1,10,4047.3,July,2023,7,3
ORD01993,2023-10-05,C0105,P003,Headphones,Electronics,East,8,2125.0,15,17000.0,October,2023,10,4
ORD01994,2023-07-03,C0166,P005,Study Table,Furniture,West,3,12000.0,0,36000.0,July,2023,7,3
ORD01995,2023-09-17,C0161,P003,Headphones,Electronics,South,1,2500.0,0,2500.0,September,2023,9,3
ORD01996,2023-04-16,C0178,P003,Headphones,Electronics,West,10,2500.0,0,25000.0,April,2023,4,2
ORD01997,2023-01-22,C0134,P002,Mobile Phone,Electronics,North,9,16200.0,10,145800.0,January,2023,1,1
ORD01998,2023-04-27,C0176,P009,Cooking Oil,Groceries,East,3,170.0,15,510.0,April,2023,4,2
ORD01999,2023-09-25,C0169,P006,T-Shirt,Clothing,West,9,759.05,5,6831.45,September,2023,9,3
ORD02000,2023-11-24,C0165,P007,Jeans,Clothing,West,2,1499.0,0,2998.0,November,2023,11,4
ORD02001,2023-02-25,C0127,P004,Desk Chair,Furniture,South,1,7200.0,10,7200.0,February,2023,2,1
ORD02002,2023-06-05,C0054,P005,Study Table,Furniture,North,4,11400.0,5,45600.0,June,2023,6,2
ORD02003,2023-03-03,C0054,P001,Laptop,Electronics,South,1,45000.0,0,45000.0,March,2023,3,1
ORD02004,2023-03-02,C0109,P002,Mobile Phone,Electronics,East,5,17100.0,5,85500.0,March,2023,3,1
ORD02005,2023-07-18,C0096,P010,Notebook,Stationery,South,5,60.0,0,300.0,July,2023,7,3
ORD02006,2023-01-22,C0174,P008,Rice 5kg,Groceries,West,10,315.0,10,3150.0,January,2023,1,1
ORD02007,2023-12-25,C0122,P006,T-Shirt,Clothing,West,1,799.0,0,799.0,December,2023,12,4
ORD02008,2023-06-29,C0176,P007,Jeans,Clothing,West,10,1349.1,10,13491.0,June,2023,6,2
ORD02009,2023-05-10,C0140,P008,Rice 5kg,Groceries,North,2,332.5,5,665.0,May,2023,5,2
ORD02010,2023-06-22,C0062,P002,Mobile Phone,Electronics,West,8,17100.0,5,136800.0,June,2023,6,2
ORD02011,2023-07-30,C0025,P008,Rice 5kg,Groceries,North,4,315.0,10,1260.0,July,2023,7,3
ORD02012,2023-02-05,C0129,P001,Laptop,Electronics,South,9,42750.0,5,384750.0,February,2023,2,1
ORD02013,2023-01-25,C0065,P007,Jeans,Clothing,North,9,1274.15,15,11467.35,January,2023,1,1
ORD02014,2023-01-21,C0075,P008,Rice 5kg,Groceries,East,5,350.0,0,1750.0,January,2023,1,1
ORD02015,2023-09-06,C0064,P002,Mobile Phone,Electronics,North,4,17100.0,5,68400.0,September,2023,9,3
ORD02016,2023-06-04,C0047,P003,Headphones,Electronics,South,7,2500.0,0,17500.0,June,2023,6,2
ORD02017,2023-08-16,C0180,P008,Rice 5kg,Groceries,North,4,297.5,15,1190.0,August,2023,8,3
ORD02018,2023-08-13,C0128,P010,Notebook,Stationery,East,10,60.0,0,600.0,August,2023,8,3
ORD02019,2023-10-06,C0028,P009,Cooking Oil,Groceries,West,6,170.0,15,1020.0,October,2023,10,4
ORD02020,2023-02-03,C0023,P009,Cooking Oil,Groceries,East,7,200.0,0,1400.0,February,2023,2,1
ORD02022,2023-12-04,C0140,P003,Headphones,Electronics,East,4,2375.0,5,9500.0,December,2023,12,4
ORD02023,2023-03-01,C0144,P003,Headphones,Electronics,North,10,2375.0,5,23750.0,March,2023,3,1
ORD02024,2023-07-10,C0016,P003,Headphones,Electronics,North,7,2500.0,0,17500.0,July,2023,7,3
ORD02025,2023-06-05,C0036,P010,Notebook,Stationery,East,9,60.0,0,540.0,June,2023,6,2
ORD02026,2023-09-01,C0123,P004,Desk Chair,Furniture,West,4,6800.0,15,27200.0,September,2023,9,3
ORD02027,2023-03-16,C0171,P009,Cooking Oil,Groceries,South,9,200.0,0,1800.0,March,2023,3,1
ORD02028,2023-02-07,C0145,P002,Mobile Phone,Electronics,South,8,16200.0,10,129600.0,February,2023,2,1
ORD02029,2023-07-28,C0016,P006,T-Shirt,Clothing,West,4,799.0,0,3196.0,July,2023,7,3
ORD02030,2023-12-10,C0186,P007,Jeans,Clothing,East,1,1499.0,0,1499.0,December,2023,12,4
ORD02031,2023-11-11,C0131,P004,Desk Chair,Furniture,West,3,7600.0,5,22800.0,November,2023,11,4
ORD02032,2023-09-24,C0074,P003,Headphones,Electronics,West,4,2250.0,10,9000.0,September,2023,9,3
ORD02033,2023-10-15,C0022,P001,Laptop,Electronics,South,7,45000.0,0,315000.0,October,2023,10,4
ORD02034,2023-08-26,C0167,P005,Study Table,Furniture,East,7,12000.0,0,84000.0,August,2023,8,3
ORD02035,2023-09-19,C0125,P006,T-Shirt,Clothing,West,5,759.05,5,3795.25,September,2023,9,3
ORD02036,2023-11-06,C0154,P010,Notebook,Stationery,South,9,51.0,15,459.0,November,2023,11,4
ORD02037,2023-09-22,C0158,P008,Rice 5kg,Groceries,North,6,315.0,10,1890.0,September,2023,9,3
ORD02038,2023-09-20,C0059,P005,Study Table,Furniture,East,5,10800.0,10,54000.0,September,2023,9,3
ORD02039,2023-06-28,C0079,P004,Desk Chair,Furniture,South,10,8000.0,0,80000.0,June,2023,6,2
ORD02040,2023-11-03,C0109,P007,Jeans,Clothing,South,5,1499.0,0,7495.0,November,2023,11,4
ORD02041,2023-12-18,C0176,P003,Headphones,Electronics,East,5,2500.0,0,12500.0,December,2023,12,4
ORD02042,2023-09-24,C0045,P004,Desk Chair,Furniture,North,8,7200.0,10,57600.0,September,2023,9,3
ORD02043,2023-11-21,C0087,P004,Desk Chair,Furniture,South,4,7200.0,10,28800.0,November,2023,11,4
ORD02044,2023-09-05,C0184,P006,T-Shirt,Clothing,East,4,759.05,5,3036.2,September,2023,9,3
ORD02045,2023-11-07,C0019,P006,T-Shirt,Clothing,East,3,799.0,0,2397.0,November,2023,11,4
ORD02046,2023-02-04,C0049,P009,Cooking Oil,Groceries,East,7,200.0,0,1400.0,February,2023,2,1
ORD02047,2023-09-19,C0146,P009,Cooking Oil,Groceries,West,10,200.0,0,2000.0,September,2023,9,3
ORD02048,2023-02-25,C0122,P007,Jeans,Clothing,West,8,1349.1,10,10792.8,February,2023,2,1
ORD02049,2023-01-28,C0011,P003,Headphones,Electronics,North,2,2500.0,0,5000.0,January,2023,1,1
ORD02050,2023-12-18,C0109,P005,Study Table,Furniture,South,3,12000.0,0,36000.0,December,2023,12,4
ORD02051,2023-06-22,C0160,P001,Laptop,Electronics,East,1,45000.0,0,45000.0,June,2023,6,2
ORD02052,2023-10-20,C0193,P004,Desk Chair,Furniture,East,10,7200.0,10,72000.0,October,2023,10,4
ORD02053,2023-10-11,C0150,P004,Desk Chair,Furniture,East,3,8000.0,0,24000.0,October,2023,10,4
ORD02054,2023-11-12,C0005,P007,Jeans,Clothing,South,4,1349.1,10,5396.4,November,2023,11,4
ORD02055,2023-02-18,C0064,P005,Study Table,Furniture,West,8,12000.0,0,96000.0,February,2023,2,1
ORD02056,2023-05-24,C0028,P003,Headphones,Electronics,North,3,2500.0,0,7500.0,May,2023,5,2
ORD02057,2023-08-17,C0055,P010,Notebook,Stationery,South,10,57.0,5,570.0,August,2023,8,3
ORD02060,2023-04-16,C0096,P007,Jeans,Clothing,South,8,1349.1,10,10792.8,April,2023,4,2
ORD02061,2023-04-17,C0056,P007,Jeans,Clothing,East,3,1424.05,5,4272.15,April,2023,4,2
ORD02062,2023-11-04,C0121,P005,Study Table,Furniture,North,4,11400.0,5,45600.0,November,2023,11,4
ORD02063,2023-01-12,C0100,P002,Mobile Phone,Electronics,East,8,15300.0,15,122400.0,January,2023,1,1
ORD02064,2023-02-15,C0112,P007,Jeans,Clothing,East,8,1424.05,5,11392.4,February,2023,2,1
ORD02065,2023-03-28,C0057,P005,Study Table,Furniture,South,8,12000.0,0,96000.0,March,2023,3,1
ORD02066,2023-02-16,C0182,P006,T-Shirt,Clothing,South,1,799.0,0,799.0,February,2023,2,1
ORD02067,2023-09-26,C0066,P001,Laptop,Electronics,West,5,45000.0,0,225000.0,September,2023,9,3
ORD02068,2023-04-28,C0105,P007,Jeans,Clothing,East,5,1499.0,0,7495.0,April,2023,4,2
ORD02069,2023-10-21,C0168,P002,Mobile Phone,Electronics,South,10,18000.0,0,180000.0,October,2023,10,4
ORD02070,2023-01-09,C0051,P007,Jeans,Clothing,North,3,1499.0,0,4497.0,January,2023,1,1
ORD02071,2023-08-25,C0142,P003,Headphones,Electronics,East,9,2500.0,0,22500.0,August,2023,8,3
ORD02072,2023-06-16,C0044,P003,Headphones,Electronics,East,4,2500.0,0,10000.0,June,2023,6,2
ORD02073,2023-03-11,C0043,P009,Cooking Oil,Groceries,North,1,190.0,5,190.0,March,2023,3,1
ORD02074,2023-10-21,C0072,P004,Desk Chair,Furniture,West,10,8000.0,0,80000.0,October,2023,10,4
ORD02075,2023-11-24,C0156,P002,Mobile Phone,Electronics,North,4,18000.0,0,72000.0,November,2023,11,4
ORD02076,2023-09-28,C0126,P001,Laptop,Electronics,West,5,42750.0,5,213750.0,September,2023,9,3
ORD02077,2023-09-24,C0091,P009,Cooking Oil,Groceries,West,8,170.0,15,1360.0,September,2023,9,3
ORD02078,2023-09-13,C0033,P007,Jeans,Clothing,North,3,1349.1,10,4047.3,September,2023,9,3
ORD02079,2023-11-06,C0106,P006,T-Shirt,Clothing,West,5,799.0,0,3995.0,November,2023,11,4
ORD02080,2023-01-09,C0056,P006,T-Shirt,Clothing,West,8,799.0,0,6392.0,January,2023,1,1
ORD02081,2023-03-13,C0167,P008,Rice 5kg,Groceries,East,10,297.5,15,2975.0,March,2023,3,1
ORD02082,2023-09-07,C0103,P004,Desk Chair,Furniture,West,8,8000.0,0,64000.0,September,2023,9,3
ORD02083,2023-08-01,C0014,P004,Desk Chair,Furniture,South,8,8000.0,0,64000.0,August,2023,8,3
ORD02084,2023-01-28,C0090,P002,Mobile Phone,Electronics,West,5,18000.0,0,90000.0,January,2023,1,1
ORD02085,2023-05-31,C0091,P007,Jeans,Clothing,West,2,1349.1,10,2698.2,May,2023,5,2
ORD02086,2023-06-19,C0050,P008,Rice 5kg,Groceries,East,2,350.0,0,700.0,June,2023,6,2
ORD02087,2023-12-31,C0144,P002,Mobile Phone,Electronics,East,3,15300.0,15,45900.0,December,2023,12,4
ORD02088,2023-08-18,C0104,P009,Cooking Oil,Groceries,East,6,200.0,0,1200.0,August,2023,8,3
ORD02089,2023-07-08,C0014,P010,Notebook,Stationery,North,6,60.0,0,360.0,July,2023,7,3
ORD02090,2023-12-08,C0200,P007,Jeans,Clothing,North,9,1499.0,0,13491.0,December,2023,12,4
ORD02091,2023-08-14,C0188,P007,Jeans,Clothing,East,6,1274.15,15,7644.9,August,2023,8,3
ORD02092,2023-07-16,C0071,P004,Desk Chair,Furniture,West,2,7200.0,10,14400.0,July,2023,7,3
ORD02093,2023-08-03,C0146,P001,Laptop,Electronics,South,3,45000.0,0,135000.0,August,2023,8,3
ORD02095,2023-09-05,C0017,P001,Laptop,Electronics,South,5,38250.0,15,191250.0,September,2023,9,3
ORD02096,2023-12-09,C0118,P008,Rice 5kg,Groceries,East,2,350.0,0,700.0,December,2023,12,4
ORD02097,2023-10-13,C0141,P008,Rice 5kg,Groceries,East,5,315.0,10,1575.0,October,2023,10,4
ORD02098,2023-12-16,C0072,P003,Headphones,Electronics,South,10,2250.0,10,22500.0,December,2023,12,4
ORD02099,2023-09-18,C0077,P008,Rice 5kg,Groceries,West,5,350.0,0,1750.0,September,2023,9,3
ORD02100,2023-05-12,C0028,P001,Laptop,Electronics,South,10,45000.0,0,450000.0,May,2023,5,2
ORD02101,2023-03-20,C0026,P004,Desk Chair,Furniture,East,4,7600.0,5,30400.0,March,2023,3,1
ORD02102,2023-02-11,C0063,P010,Notebook,Stationery,South,6,60.0,0,360.0,February,2023,2,1
ORD02103,2023-08-12,C0104,P002,Mobile Phone,Electronics,West,6,18000.0,0,108000.0,August,2023,8,3
ORD02104,2023-03-02,C0079,P001,Laptop,Electronics,South,6,45000.0,0,270000.0,March,2023,3,1
ORD02105,2023-07-27,C0111,P007,Jeans,Clothing,South,10,1499.0,0,14990.0,July,2023,7,3
ORD02106,2023-11-03,C0084,P003,Headphones,Electronics,West,6,2500.0,0,15000.0,November,2023,11,4
ORD02107,2023-10-04,C0110,P002,Mobile Phone,Electronics,West,1,18000.0,0,18000.0,October,2023,10,4
ORD02108,2023-08-30,C0046,P003,Headphones,Electronics,North,1,2500.0,0,2500.0,August,2023,8,3
ORD02109,2023-10-20,C0023,P006,T-Shirt,Clothing,North,6,679.15,15,4074.9,October,2023,10,4
ORD02110,2023-02-12,C0011,P002,Mobile Phone,Electronics,North,1,16200.0,10,16200.0,February,2023,2,1
ORD02111,2023-02-25,C0069,P003,Headphones,Electronics,East,7,2375.0,5,16625.0,February,2023,2,1
ORD02112,2023-02-03,C0119,P010,Notebook,Stationery,East,5,60.0,0,300.0,February,2023,2,1
ORD02113,2023-11-07,C0058,P009,Cooking Oil,Groceries,East,2,190.0,5,380.0,November,2023,11,4
ORD02114,2023-07-03,C0131,P003,Headphones,Electronics,East,8,2375.0,5,19000.0,July,2023,7,3
ORD02115,2023-06-08,C0171,P007,Jeans,Clothing,East,7,1499.0,0,10493.0,June,2023,6,2
ORD02116,2023-01-31,C0151,P003,Headphones,Electronics,North,1,2500.0,0,2500.0,January,2023,1,1
ORD02117,2023-02-07,C0073,P003,Headphones,Electronics,East,3,2125.0,15,6375.0,February,2023,2,1
ORD02118,2023-03-04,C0165,P008,Rice 5kg,Groceries,East,7,332.5,5,2327.5,March,2023,3,1
ORD02119,2023-03-22,C0101,P008,Rice 5kg,Groceries,South,1,350.0,0,350.0,March,2023,3,1
ORD02120,2023-09-12,C0119,P005,Study Table,Furniture,West,7,12000.0,0,84000.0,September,2023,9,3
ORD02121,2023-12-29,C0109,P008,Rice 5kg,Groceries,East,3,350.0,0,1050.0,December,2023,12,4
ORD02122,2023-05-09,C0107,P003,Headphones,Electronics,North,1,2500.0,0,2500.0,May,2023,5,2
ORD02123,2023-05-03,C0132,P003,Headphones,Electronics,West,1,2500.0,0,2500.0,May,2023,5,2
ORD02124,2023-01-05,C0162,P003,Headphones,Electronics,East,7,2500.0,0,17500.0,January,2023,1,1
ORD02125,2023-02-23,C0124,P006,T-Shirt,Clothing,South,6,799.0,0,4794.0,February,2023,2,1
ORD02126,2023-07-20,C0136,P009,Cooking Oil,Groceries,South,5,180.0,10,900.0,July,2023,7,3
ORD02127,2023-10-30,C0141,P001,Laptop,Electronics,East,8,38250.0,15,306000.0,October,2023,10,4
ORD02128,2023-01-10,C0105,P001,Laptop,Electronics,North,5,45000.0,0,225000.0,January,2023,1,1
ORD02129,2023-04-29,C0081,P008,Rice 5kg,Groceries,South,10,315.0,10,3150.0,April,2023,4,2
ORD02130,2023-10-24,C0066,P001,Laptop,Electronics,West,4,38250.0,15,153000.0,October,2023,10,4
ORD02131,2023-05-03,C0102,P001,Laptop,Electronics,North,4,42750.0,5,171000.0,May,2023,5,2
ORD02132,2023-08-02,C0005,P005,Study Table,Furniture,East,9,10800.0,10,97200.0,August,2023,8,3
ORD02133,2023-10-01,C0170,P008,Rice 5kg,Groceries,East,10,350.0,0,3500.0,October,2023,10,4
ORD02135,2023-01-11,C0026,P006,T-Shirt,Clothing,South,4,759.05,5,3036.2,January,2023,1,1
ORD02136,2023-05-12,C0107,P003,Headphones,Electronics,South,5,2125.0,15,10625.0,May,2023,5,2
ORD02137,2023-05-28,C0080,P003,Headphones,Electronics,North,6,2500.0,0,15000.0,May,2023,5,2
ORD02138,2023-02-03,C0200,P002,Mobile Phone,Electronics,East,1,18000.0,0,18000.0,February,2023,2,1
ORD02139,2023-09-14,C0197,P008,Rice 5kg,Groceries,West,6,350.0,0,2100.0,September,2023,9,3
ORD02140,2023-07-02,C0024,P010,Notebook,Stationery,East,5,60.0,0,300.0,July,2023,7,3
ORD02141,2023-01-10,C0159,P009,Cooking Oil,Groceries,North,5,170.0,15,850.0,January,2023,1,1
ORD02142,2023-12-20,C0137,P006,T-Shirt,Clothing,South,3,719.1,10,2157.3,December,2023,12,4
ORD02143,2023-07-19,C0194,P006,T-Shirt,Clothing,West,1,799.0,0,799.0,July,2023,7,3
ORD02144,2023-04-08,C0159,P007,Jeans,Clothing,West,4,1499.0,0,5996.0,April,2023,4,2
ORD02145,2023-09-11,C0143,P002,Mobile Phone,Electronics,West,4,15300.0,15,61200.0,September,2023,9,3
ORD02146,2023-08-20,C0049,P004,Desk Chair,Furniture,North,1,8000.0,0,8000.0,August,2023,8,3
ORD02147,2023-01-04,C0081,P006,T-Shirt,Clothing,West,6,759.05,5,4554.3,January,2023,1,1
ORD02148,2023-03-01,C0152,P010,Notebook,Stationery,South,9,54.0,10,486.0,March,2023,3,1
ORD02149,2023-11-16,C0009,P009,Cooking Oil,Groceries,East,6,200.0,0,1200.0,November,2023,11,4
ORD02150,2023-02-24,C0015,P007,Jeans,Clothing,East,5,1499.0,0,7495.0,February,2023,2,1
ORD02151,2023-05-24,C0088,P005,Study Table,Furniture,West,7,12000.0,0,84000.0,May,2023,5,2
ORD02152,2023-06-07,C0190,P006,T-Shirt,Clothing,East,2,759.05,5,1518.1,June,2023,6,2
ORD02153,2023-12-31,C0024,P005,Study Table,Furniture,South,6,12000.0,0,72000.0,December,2023,12,4
ORD02154,2023-02-18,C0068,P002,Mobile Phone,Electronics,East,6,18000.0,0,108000.0,February,2023,2,1
ORD02155,2023-02-10,C0060,P010,Notebook,Stationery,North,4,54.0,10,216.0,February,2023,2,1
ORD02156,2023-12-31,C0141,P009,Cooking Oil,Groceries,East,9,200.0,0,1800.0,December,2023,12,4
ORD02157,2023-06-09,C0108,P002,Mobile Phone,Electronics,North,7,18000.0,0,126000.0,June,2023,6,2
ORD02158,2023-02-18,C0151,P001,Laptop,Electronics,North,3,45000.0,0,135000.0,February,2023,2,1
ORD02159,2023-10-05,C0028,P008,Rice 5kg,Groceries,East,6,332.5,5,1995.0,October,2023,10,4
ORD02160,2023-03-28,C0048,P004,Desk Chair,Furniture,North,2,8000.0,0,16000.0,March,2023,3,1
ORD02161,2023-12-16,C0131,P004,Desk Chair,Furniture,South,3,8000.0,0,24000.0,December,2023,12,4
ORD02162,2023-04-07,C0127,P009,Cooking Oil,Groceries,South,5,180.0,10,900.0,April,2023,4,2
ORD02163,2023-05-30,C0089,P007,Jeans,Clothing,South,4,1349.1,10,5396.4,May,2023,5,2
ORD02164,2023-05-08,C0158,P010,Notebook,Stationery,North,5,60.0,0,300.0,May,2023,5,2
ORD02165,2023-02-28,C0104,P010,Notebook,Stationery,South,8,60.0,0,480.0,February,2023,2,1
ORD02166,2023-10-25,C0031,P010,Notebook,Stationery,South,3,51.0,15,153.0,October,2023,10,4
ORD02167,2023-02-06,C0176,P004,Desk Chair,Furniture,West,1,6800.0,15,6800.0,February,2023,2,1
ORD02168,2023-11-30,C0054,P002,Mobile Phone,Electronics,North,10,18000.0,0,180000.0,November,2023,11,4
ORD02169,2023-08-17,C0037,P002,Mobile Phone,Electronics,South,6,18000.0,0,108000.0,August,2023,8,3
ORD02170,2023-07-13,C0169,P006,T-Shirt,Clothing,East,6,759.05,5,4554.3,July,2023,7,3
ORD02171,2023-06-30,C0049,P003,Headphones,Electronics,South,4,2375.0,5,9500.0,June,2023,6,2
ORD02172,2023-01-02,C0111,P007,Jeans,Clothing,West,1,1499.0,0,1499.0,January,2023,1,1
ORD02173,2023-05-29,C0053,P001,Laptop,Electronics,West,8,40500.0,10,324000.0,May,2023,5,2
ORD02174,2023-08-07,C0197,P005,Study Table,Furniture,North,5,12000.0,0,60000.0,August,2023,8,3
ORD02175,2023-06-28,C0078,P002,Mobile Phone,Electronics,South,10,17100.0,5,171000.0,June,2023,6,2
ORD02176,2023-05-19,C0042,P005,Study Table,Furniture,West,8,11400.0,5,91200.0,May,2023,5,2
ORD02177,2023-09-06,C0099,P001,Laptop,Electronics,South,4,38250.0,15,153000.0,September,2023,9,3
ORD02178,2023-07-09,C0134,P003,Headphones,Electronics,East,2,2500.0,0,5000.0,July,2023,7,3
ORD02179,2023-07-26,C0006,P009,Cooking Oil,Groceries,North,5,170.0,15,850.0,July,2023,7,3
ORD02180,2023-05-06,C0194,P004,Desk Chair,Furniture,South,5,8000.0,0,40000.0,May,2023,5,2
ORD02181,2023-06-17,C0197,P001,Laptop,Electronics,West,3,45000.0,0,135000.0,June,2023,6,2
ORD02182,2023-06-06,C0185,P004,Desk Chair,Furniture,West,3,8000.0,0,24000.0,June,2023,6,2
ORD02183,2023-07-25,C0172,P010,Notebook,Stationery,East,4,51.0,15,204.0,July,2023,7,3
ORD02184,2023-01-24,C0087,P004,Desk Chair,Furniture,East,4,8000.0,0,32000.0,January,2023,1,1
ORD02185,2023-08-09,C0144,P006,T-Shirt,Clothing,North,8,799.0,0,6392.0,August,2023,8,3
ORD02186,2023-01-23,C0053,P003,Headphones,Electronics,West,4,2375.0,5,9500.0,January,2023,1,1
ORD02187,2023-10-08,C0113,P002,Mobile Phone,Electronics,South,2,15300.0,15,30600.0,October,2023,10,4
ORD02188,2023-05-12,C0003,P006,T-Shirt,Clothing,West,2,799.0,0,1598.0,May,2023,5,2
ORD02189,2023-02-17,C0088,P010,Notebook,Stationery,South,8,60.0,0,480.0,February,2023,2,1
ORD02190,2023-11-19,C0195,P005,Study Table,Furniture,South,10,10800.0,10,108000.0,November,2023,11,4
ORD02191,2023-12-23,C0187,P009,Cooking Oil,Groceries,North,3,170.0,15,510.0,December,2023,12,4
ORD02192,2023-02-21,C0023,P004,Desk Chair,Furniture,South,7,8000.0,0,56000.0,February,2023,2,1
ORD02194,2023-05-21,C0050,P010,Notebook,Stationery,South,1,51.0,15,51.0,May,2023,5,2
ORD02195,2023-04-18,C0051,P001,Laptop,Electronics,South,3,45000.0,0,135000.0,April,2023,4,2
ORD02196,2023-03-10,C0009,P008,Rice 5kg,Groceries,North,4,315.0,10,1260.0,March,2023,3,1
ORD02197,2023-08-10,C0040,P006,T-Shirt,Clothing,North,5,679.15,15,3395.75,August,2023,8,3
ORD02198,2023-07-11,C0009,P007,Jeans,Clothing,South,1,1499.0,0,1499.0,July,2023,7,3
ORD02199,2023-04-19,C0019,P002,Mobile Phone,Electronics,South,2,18000.0,0,36000.0,April,2023,4,2
ORD02200,2023-09-24,C0183,P003,Headphones,Electronics,East,5,2125.0,15,10625.0,September,2023,9,3
ORD02201,2023-10-18,C0056,P010,Notebook,Stationery,West,9,51.0,15,459.0,October,2023,10,4
ORD02202,2023-05-14,C0156,P008,Rice 5kg,Groceries,South,5,350.0,0,1750.0,May,2023,5,2
ORD02203,2023-06-01,C0097,P001,Laptop,Electronics,West,4,42750.0,5,171000.0,June,2023,6,2
ORD02204,2023-04-28,C0189,P002,Mobile Phone,Electronics,North,3,18000.0,0,54000.0,April,2023,4,2
ORD02205,2023-09-23,C0047,P010,Notebook,Stationery,South,3,60.0,0,180.0,September,2023,9,3
ORD02206,2023-10-06,C0019,P001,Laptop,Electronics,South,9,40500.0,10,364500.0,October,2023,10,4
ORD02207,2023-05-13,C0067,P009,Cooking Oil,Groceries,East,9,200.0,0,1800.0,May,2023,5,2
ORD02208,2023-04-16,C0036,P001,Laptop,Electronics,South,7,42750.0,5,299250.0,April,2023,4,2
ORD02209,2023-02-06,C0109,P003,Headphones,Electronics,North,10,2375.0,5,23750.0,February,2023,2,1
ORD02210,2023-01-16,C0009,P003,Headphones,Electronics,North,5,2500.0,0,12500.0,January,2023,1,1
ORD02211,2023-06-15,C0043,P001,Laptop,Electronics,North,1,45000.0,0,45000.0,June,2023,6,2
ORD02212,2023-11-28,C0096,P002,Mobile Phone,Electronics,North,8,16200.0,10,129600.0,November,2023,11,4
ORD02213,2023-03-18,C0091,P010,Notebook,Stationery,East,1,51.0,15,51.0,March,2023,3,1
ORD02214,2023-05-14,C0041,P009,Cooking Oil,Groceries,North,5,200.0,0,1000.0,May,2023,5,2
ORD02215,2023-05-28,C0126,P010,Notebook,Stationery,North,9,57.0,5,513.0,May,2023,5,2
ORD02216,2023-01-22,C0081,P005,Study Table,Furniture,West,9,10800.0,10,97200.0,January,2023,1,1
ORD02217,2023-11-03,C0013,P008,Rice 5kg,Groceries,North,1,350.0,0,350.0,November,2023,11,4
ORD02218,2023-06-24,C0023,P007,Jeans,Clothing,East,6,1274.15,15,7644.9,June,2023,6,2
ORD02219,2023-10-16,C0032,P003,Headphones,Electronics,South,7,2375.0,5,16625.0,October,2023,10,4
ORD02220,2023-07-09,C0170,P009,Cooking Oil,Groceries,North,4,200.0,0,800.0,July,2023,7,3
ORD02221,2023-01-22,C0142,P010,Notebook,Stationery,North,7,51.0,15,357.0,January,2023,1,1
ORD02222,2023-11-05,C0158,P004,Desk Chair,Furniture,West,4,7600.0,5,30400.0,November,2023,11,4
ORD02223,2023-09-27,C0048,P001,Laptop,Electronics,South,10,38250.0,15,382500.0,September,2023,9,3
ORD02224,2023-05-10,C0136,P001,Laptop,Electronics,North,2,42750.0,5,85500.0,May,2023,5,2
ORD02225,2023-05-13,C0165,P001,Laptop,Electronics,South,5,38250.0,15,191250.0,May,2023,5,2
ORD02226,2023-07-13,C0184,P004,Desk Chair,Furniture,South,9,8000.0,0,72000.0,July,2023,7,3
ORD02227,2023-12-11,C0017,P005,Study Table,Furniture,South,4,12000.0,0,48000.0,December,2023,12,4
ORD02228,2023-10-20,C0166,P005,Study Table,Furniture,East,3,10800.0,10,32400.0,October,2023,10,4
ORD02229,2023-03-08,C0095,P004,Desk Chair,Furniture,West,7,6800.0,15,47600.0,March,2023,3,1
ORD02230,2023-01-21,C0100,P005,Study Table,Furniture,East,2,11400.0,5,22800.0,January,2023,1,1
ORD02231,2023-05-29,C0011,P003,Headphones,Electronics,South,6,2500.0,0,15000.0,May,2023,5,2
ORD02232,2023-12-16,C0048,P006,T-Shirt,Clothing,East,6,719.1,10,4314.6,December,2023,12,4
ORD02233,2023-07-13,C0079,P001,Laptop,Electronics,West,2,42750.0,5,85500.0,July,2023,7,3
ORD02234,2023-09-16,C0006,P009,Cooking Oil,Groceries,South,10,180.0,10,1800.0,September,2023,9,3
ORD02235,2023-04-02,C0071,P009,Cooking Oil,Groceries,East,9,180.0,10,1620.0,April,2023,4,2
ORD02236,2023-12-19,C0088,P010,Notebook,Stationery,North,1,51.0,15,51.0,December,2023,12,4
ORD02237,2023-04-21,C0054,P005,Study Table,Furniture,East,4,12000.0,0,48000.0,April,2023,4,2
ORD02238,2023-03-04,C0102,P010,Notebook,Stationery,South,6,51.0,15,306.0,March,2023,3,1
ORD02239,2023-11-04,C0117,P002,Mobile Phone,Electronics,West,2,15300.0,15,30600.0,November,2023,11,4
ORD02240,2023-04-12,C0062,P009,Cooking Oil,Groceries,North,1,180.0,10,180.0,April,2023,4,2
ORD02241,2023-11-26,C0083,P004,Desk Chair,Furniture,South,3,7600.0,5,22800.0,November,2023,11,4
ORD02242,2023-11-10,C0195,P001,Laptop,Electronics,West,2,45000.0,0,90000.0,November,2023,11,4
ORD02244,2023-02-24,C0086,P001,Laptop,Electronics,West,1,40500.0,10,40500.0,February,2023,2,1
ORD02245,2023-05-06,C0177,P010,Notebook,Stationery,West,9,60.0,0,540.0,May,2023,5,2
ORD02246,2023-05-26,C0153,P008,Rice 5kg,Groceries,North,5,297.5,15,1487.5,May,2023,5,2
ORD02247,2023-04-20,C0101,P001,Laptop,Electronics,East,10,38250.0,15,382500.0,April,2023,4,2
ORD02248,2023-11-06,C0019,P001,Laptop,Electronics,North,2,45000.0,0,90000.0,November,2023,11,4
ORD02249,2023-10-04,C0075,P010,Notebook,Stationery,South,5,60.0,0,300.0,October,2023,10,4
ORD02250,2023-03-13,C0194,P006,T-Shirt,Clothing,West,1,719.1,10,719.1,March,2023,3,1
ORD02251,2023-11-05,C0130,P003,Headphones,Electronics,South,4,2250.0,10,9000.0,November,2023,11,4
ORD02252,2023-02-09,C0024,P006,T-Shirt,Clothing,East,6,759.05,5,4554.3,February,2023,2,1
ORD02253,2023-10-02,C0105,P005,Study Table,Furniture,North,3,10800.0,10,32400.0,October,2023,10,4
ORD02254,2023-07-22,C0110,P006,T-Shirt,Clothing,West,4,759.05,5,3036.2,July,2023,7,3
ORD02255,2023-03-07,C0110,P009,Cooking Oil,Groceries,North,2,200.0,0,400.0,March,2023,3,1
ORD02256,2023-07-04,C0100,P001,Laptop,Electronics,West,9,45000.0,0,405000.0,July,2023,7,3
ORD02257,2023-12-17,C0117,P001,Laptop,Electronics,North,7,45000.0,0,315000.0,December,2023,12,4
ORD02258,2023-05-11,C0088,P002,Mobile Phone,Electronics,East,3,18000.0,0,54000.0,May,2023,5,2
ORD02259,2023-10-20,C0028,P009,Cooking Oil,Groceries,West,3,190.0,5,570.0,October,2023,10,4
ORD02260,2023-04-18,C0135,P009,Cooking Oil,Groceries,East,3,180.0,10,540.0,April,2023,4,2
ORD02261,2023-10-11,C0002,P002,Mobile Phone,Electronics,West,4,18000.0,0,72000.0,October,2023,10,4
ORD02262,2023-10-09,C0189,P004,Desk Chair,Furniture,South,8,6800.0,15,54400.0,October,2023,10,4
ORD02263,2023-03-05,C0014,P006,T-Shirt,Clothing,North,10,679.15,15,6791.5,March,2023,3,1
ORD02264,2023-09-17,C0095,P001,Laptop,Electronics,North,10,45000.0,0,450000.0,September,2023,9,3
ORD02265,2023-08-20,C0066,P003,Headphones,Electronics,South,1,2125.0,15,2125.0,August,2023,8,3
ORD02266,2023-08-04,C0197,P010,Notebook,Stationery,West,10,51.0,15,510.0,August,2023,8,3
ORD02267,2023-12-13,C0174,P009,Cooking Oil,Groceries,West,10,180.0,10,1800.0,December,2023,12,4
ORD02268,2023-10-24,C0099,P003,Headphones,Electronics,South,9,2500.0,0,22500.0,October,2023,10,4
ORD02269,2023-06-08,C0146,P005,Study Table,Furniture,South,1,10800.0,10,10800.0,June,2023,6,2
ORD02270,2023-05-31,C0200,P002,Mobile Phone,Electronics,South,3,18000.0,0,54000.0,May,2023,5,2
ORD02271,2023-07-28,C0160,P010,Notebook,Stationery,North,9,60.0,0,540.0,July,2023,7,3
ORD02272,2023-08-02,C0008,P007,Jeans,Clothing,West,2,1424.05,5,2848.1,August,2023,8,3
ORD02273,2023-11-07,C0057,P009,Cooking Oil,Groceries,East,4,180.0,10,720.0,November,2023,11,4
ORD02274,2023-03-12,C0169,P006,T-Shirt,Clothing,North,4,719.1,10,2876.4,March,2023,3,1
ORD02275,2023-12-06,C0031,P001,Laptop,Electronics,South,6,42750.0,5,256500.0,December,2023,12,4
ORD02276,2023-10-09,C0038,P007,Jeans,Clothing,West,6,1499.0,0,8994.0,October,2023,10,4
ORD02277,2023-05-17,C0024,P003,Headphones,Electronics,West,7,2125.0,15,14875.0,May,2023,5,2
ORD02278,2023-10-15,C0124,P002,Mobile Phone,Electronics,West,4,18000.0,0,72000.0,October,2023,10,4
ORD02279,2023-06-10,C0147,P003,Headphones,Electronics,East,4,2250.0,10,9000.0,June,2023,6,2
ORD02280,2023-07-24,C0139,P005,Study Table,Furniture,South,4,12000.0,0,48000.0,July,2023,7,3
ORD02281,2023-11-17,C0011,P005,Study Table,Furniture,North,9,12000.0,0,108000.0,November,2023,11,4
ORD02282,2023-12-08,C0132,P004,Desk Chair,Furniture,West,1,8000.0,0,8000.0,December,2023,12,4
ORD02283,2023-03-01,C0196,P007,Jeans,Clothing,West,2,1499.0,0,2998.0,March,2023,3,1
ORD02284,2023-01-14,C0013,P004,Desk Chair,Furniture,North,10,8000.0,0,80000.0,January,2023,1,1
ORD02285,2023-11-19,C0156,P005,Study Table,Furniture,North,2,12000.0,0,24000.0,November,2023,11,4
ORD02286,2023-11-19,C0134,P008,Rice 5kg,Groceries,South,7,350.0,0,2450.0,November,2023,11,4
ORD02287,2023-07-08,C0057,P007,Jeans,Clothing,East,3,1499.0,0,4497.0,July,2023,7,3
ORD02288,2023-05-25,C0101,P008,Rice 5kg,Groceries,South,8,315.0,10,2520.0,May,2023,5,2
ORD02289,2023-12-10,C0034,P003,Headphones,Electronics,South,7,2375.0,5,16625.0,December,2023,12,4
ORD02290,2023-11-17,C0122,P002,Mobile Phone,Electronics,West,8,15300.0,15,122400.0,November,2023,11,4
ORD02291,2023-05-15,C0006,P010,Notebook,Stationery,West,10,60.0,0,600.0,May,2023,5,2
ORD02292,2023-04-12,C0052,P005,Study Table,Furniture,West,2,12000.0,0,24000.0,April,2023,4,2
ORD02293,2023-03-29,C0052,P006,T-Shirt,Clothing,East,6,679.15,15,4074.9,March,2023,3,1
ORD02294,2023-08-26,C0003,P008,Rice 5kg,Groceries,South,9,350.0,0,3150.0,August,2023,8,3
ORD02295,2023-11-05,C0042,P003,Headphones,Electronics,North,2,2500.0,0,5000.0,November,2023,11,4
ORD02296,2023-12-09,C0082,P007,Jeans,Clothing,South,4,1349.1,10,5396.4,December,2023,12,4
ORD02297,2023-04-08,C0056,P006,T-Shirt,Clothing,West,7,799.0,0,5593.0,April,2023,4,2
ORD02298,2023-10-31,C0013,P005,Study Table,Furniture,South,5,12000.0,0,60000.0,October,2023,10,4
ORD02299,2023-09-19,C0012,P003,Headphones,Electronics,North,7,2500.0,0,17500.0,September,2023,9,3
ORD02300,2023-04-15,C0175,P001,Laptop,Electronics,East,4,42750.0,5,171000.0,April,2023,4,2
ORD02301,2023-08-26,C0190,P009,Cooking Oil,Groceries,West,2,200.0,0,400.0,August,2023,8,3
ORD02302,2023-03-24,C0164,P003,Headphones,Electronics,North,2,2500.0,0,5000.0,March,2023,3,1
ORD02303,2023-02-22,C0161,P010,Notebook,Stationery,South,9,60.0,0,540.0,February,2023,2,1
ORD02304,2023-10-07,C0088,P007,Jeans,Clothing,West,3,1349.1,10,4047.3,October,2023,10,4
ORD02305,2023-04-29,C0139,P008,Rice 5kg,Groceries,South,4,332.5,5,1330.0,April,2023,4,2
ORD02306,2023-06-13,C0105,P003,Headphones,Electronics,North,9,2125.0,15,19125.0,June,2023,6,2
ORD02307,2023-12-26,C0151,P008,Rice 5kg,Groceries,West,1,332.5,5,332.5,December,2023,12,4
ORD02308,2023-12-25,C0016,P002,Mobile Phone,Electronics,West,8,17100.0,5,136800.0,December,2023,12,4
ORD02309,2023-01-08,C0094,P007,Jeans,Clothing,North,9,1499.0,0,13491.0,January,2023,1,1
ORD02310,2023-11-19,C0090,P003,Headphones,Electronics,East,3,2500.0,0,7500.0,November,2023,11,4
ORD02311,2023-06-21,C0139,P007,Jeans,Clothing,West,6,1499.0,0,8994.0,June,2023,6,2
ORD02312,2023-02-07,C0134,P007,Jeans,Clothing,South,10,1499.0,0,14990.0,February,2023,2,1
ORD02313,2023-08-22,C0194,P006,T-Shirt,Clothing,North,10,759.05,5,7590.5,August,2023,8,3
ORD02314,2023-11-16,C0156,P005,Study Table,Furniture,East,4,11400.0,5,45600.0,November,2023,11,4
ORD02315,2023-06-19,C0009,P003,Headphones,Electronics,South,3,2500.0,0,7500.0,June,2023,6,2
ORD02316,2023-05-30,C0166,P010,Notebook,Stationery,South,5,54.0,10,270.0,May,2023,5,2
ORD02317,2023-11-19,C0017,P010,Notebook,Stationery,North,9,54.0,10,486.0,November,2023,11,4
ORD02318,2023-01-19,C0178,P009,Cooking Oil,Groceries,West,9,190.0,5,1710.0,January,2023,1,1
ORD02319,2023-08-18,C0100,P004,Desk Chair,Furniture,West,9,7600.0,5,68400.0,August,2023,8,3
ORD02320,2023-08-20,C0071,P003,Headphones,Electronics,West,1,2250.0,10,2250.0,August,2023,8,3
ORD02321,2023-11-09,C0137,P002,Mobile Phone,Electronics,West,8,17100.0,5,136800.0,November,2023,11,4
ORD02322,2023-09-16,C0128,P010,Notebook,Stationery,South,10,57.0,5,570.0,September,2023,9,3
ORD02323,2023-09-10,C0192,P009,Cooking Oil,Groceries,North,10,200.0,0,2000.0,September,2023,9,3
ORD02324,2023-11-26,C0048,P009,Cooking Oil,Groceries,South,1,190.0,5,190.0,November,2023,11,4
ORD02325,2023-07-15,C0187,P001,Laptop,Electronics,East,6,42750.0,5,256500.0,July,2023,7,3
ORD02326,2023-05-24,C0139,P001,Laptop,Electronics,South,2,45000.0,0,90000.0,May,2023,5,2
ORD02327,2023-04-04,C0135,P006,T-Shirt,Clothing,West,5,799.0,0,3995.0,April,2023,4,2
ORD02328,2023-05-31,C0048,P003,Headphones,Electronics,South,6,2250.0,10,13500.0,May,2023,5,2
ORD02329,2023-07-20,C0057,P009,Cooking Oil,Groceries,South,10,200.0,0,2000.0,July,2023,7,3
ORD02330,2023-07-27,C0043,P010,Notebook,Stationery,East,2,60.0,0,120.0,July,2023,7,3
ORD02331,2023-06-22,C0185,P006,T-Shirt,Clothing,West,3,719.1,10,2157.3,June,2023,6,2
ORD02332,2023-03-29,C0104,P007,Jeans,Clothing,South,3,1349.1,10,4047.3,March,2023,3,1
ORD02333,2023-07-09,C0027,P009,Cooking Oil,Groceries,South,10,170.0,15,1700.0,July,2023,7,3
ORD02335,2023-10-14,C0084,P009,Cooking Oil,Groceries,North,5,190.0,5,950.0,October,2023,10,4
ORD02336,2023-01-04,C0050,P005,Study Table,Furniture,East,5,12000.0,0,60000.0,January,2023,1,1
ORD02337,2023-02-27,C0124,P009,Cooking Oil,Groceries,West,10,200.0,0,2000.0,February,2023,2,1
ORD02338,2023-05-18,C0010,P006,T-Shirt,Clothing,North,10,799.0,0,7990.0,May,2023,5,2
ORD02339,2023-05-31,C0117,P005,Study Table,Furniture,North,2,12000.0,0,24000.0,May,2023,5,2
ORD02340,2023-03-30,C0094,P002,Mobile Phone,Electronics,South,4,15300.0,15,61200.0,March,2023,3,1
ORD02341,2023-08-07,C0115,P009,Cooking Oil,Groceries,East,2,200.0,0,400.0,August,2023,8,3
ORD02342,2023-11-26,C0028,P005,Study Table,Furniture,East,3,10200.0,15,30600.0,November,2023,11,4
ORD02343,2023-08-22,C0099,P001,Laptop,Electronics,North,6,45000.0,0,270000.0,August,2023,8,3
ORD02345,2023-10-13,C0197,P004,Desk Chair,Furniture,East,9,7200.0,10,64800.0,October,2023,10,4
ORD02346,2023-08-02,C0015,P006,T-Shirt,Clothing,East,9,759.05,5,6831.45,August,2023,8,3
ORD02347,2023-08-15,C0072,P007,Jeans,Clothing,East,8,1349.1,10,10792.8,August,2023,8,3
ORD02348,2023-12-09,C0072,P006,T-Shirt,Clothing,East,9,799.0,0,7191.0,December,2023,12,4
ORD02349,2023-11-11,C0074,P006,T-Shirt,Clothing,South,6,679.15,15,4074.9,November,2023,11,4
ORD02351,2023-03-21,C0079,P001,Laptop,Electronics,East,1,45000.0,0,45000.0,March,2023,3,1
ORD02352,2023-03-09,C0165,P004,Desk Chair,Furniture,North,2,8000.0,0,16000.0,March,2023,3,1
ORD02353,2023-06-15,C0088,P002,Mobile Phone,Electronics,West,4,18000.0,0,72000.0,June,2023,6,2
ORD02354,2023-04-04,C0175,P007,Jeans,Clothing,North,9,1274.15,15,11467.35,April,2023,4,2
ORD02355,2023-07-16,C0099,P009,Cooking Oil,Groceries,West,9,180.0,10,1620.0,July,2023,7,3
ORD02356,2023-11-23,C0113,P004,Desk Chair,Furniture,East,7,7600.0,5,53200.0,November,2023,11,4
ORD02357,2023-09-21,C0190,P001,Laptop,Electronics,South,3,45000.0,0,135000.0,September,2023,9,3
ORD02358,2023-03-30,C0182,P002,Mobile Phone,Electronics,North,9,18000.0,0,162000.0,March,2023,3,1
ORD02359,2023-11-07,C0037,P002,Mobile Phone,Electronics,North,3,18000.0,0,54000.0,November,2023,11,4
ORD02360,2023-01-05,C0024,P001,Laptop,Electronics,South,7,38250.0,15,267750.0,January,2023,1,1
ORD02361,2023-06-26,C0007,P004,Desk Chair,Furniture,South,9,7600.0,5,68400.0,June,2023,6,2
ORD02362,2023-04-03,C0090,P002,Mobile Phone,Electronics,West,8,18000.0,0,144000.0,April,2023,4,2
ORD02363,2023-05-17,C0124,P006,T-Shirt,Clothing,South,9,679.15,15,6112.35,May,2023,5,2
ORD02364,2023-11-13,C0024,P001,Laptop,Electronics,West,6,45000.0,0,270000.0,November,2023,11,4
ORD02365,2023-01-28,C0141,P004,Desk Chair,Furniture,South,2,7600.0,5,15200.0,January,2023,1,1
ORD02366,2023-08-23,C0176,P008,Rice 5kg,Groceries,South,3,350.0,0,1050.0,August,2023,8,3
ORD02367,2023-10-26,C0048,P004,Desk Chair,Furniture,North,10,6800.0,15,68000.0,October,2023,10,4
ORD02368,2023-04-20,C0190,P010,Notebook,Stationery,West,10,54.0,10,540.0,April,2023,4,2
ORD02369,2023-10-27,C0020,P007,Jeans,Clothing,East,6,1274.15,15,7644.9,October,2023,10,4
ORD02370,2023-12-01,C0094,P004,Desk Chair,Furniture,South,3,8000.0,0,24000.0,December,2023,12,4
ORD02371,2023-10-12,C0079,P009,Cooking Oil,Groceries,East,4,200.0,0,800.0,October,2023,10,4
ORD02372,2023-03-24,C0101,P008,Rice 5kg,Groceries,East,8,350.0,0,2800.0,March,2023,3,1
ORD02373,2023-10-23,C0199,P006,T-Shirt,Clothing,West,5,799.0,0,3995.0,October,2023,10,4
ORD02374,2023-10-26,C0113,P003,Headphones,Electronics,North,8,2250.0,10,18000.0,October,2023,10,4
ORD02375,2023-06-19,C0064,P002,Mobile Phone,Electronics,West,3,18000.0,0,54000.0,June,2023,6,2
ORD02376,2023-12-29,C0084,P002,Mobile Phone,Electronics,South,4,17100.0,5,68400.0,December,2023,12,4
ORD02377,2023-03-18,C0008,P009,Cooking Oil,Groceries,North,4,200.0,0,800.0,March,2023,3,1
ORD02378,2023-03-30,C0010,P001,Laptop,Electronics,North,9,45000.0,0,405000.0,March,2023,3,1
ORD02379,2023-09-15,C0130,P010,Notebook,Stationery,West,8,54.0,10,432.0,September,2023,9,3
ORD02380,2023-04-05,C0061,P006,T-Shirt,Clothing,West,9,799.0,0,7191.0,April,2023,4,2
ORD02381,2023-05-23,C0078,P001,Laptop,Electronics,South,4,45000.0,0,180000.0,May,2023,5,2
ORD02382,2023-02-26,C0118,P010,Notebook,Stationery,North,10,60.0,0,600.0,February,2023,2,1
ORD02383,2023-01-12,C0200,P004,Desk Chair,Furniture,South,10,8000.0,0,80000.0,January,2023,1,1
ORD02384,2023-01-13,C0024,P010,Notebook,Stationery,East,6,51.0,15,306.0,January,2023,1,1
ORD02385,2023-11-10,C0051,P009,Cooking Oil,Groceries,North,4,200.0,0,800.0,November,2023,11,4
ORD02386,2023-10-31,C0128,P002,Mobile Phone,Electronics,North,4,15300.0,15,61200.0,October,2023,10,4
ORD02387,2023-03-19,C0188,P007,Jeans,Clothing,South,1,1274.15,15,1274.15,March,2023,3,1
ORD02388,2023-12-05,C0036,P008,Rice 5kg,Groceries,North,7,332.5,5,2327.5,December,2023,12,4
ORD02389,2023-07-15,C0104,P002,Mobile Phone,Electronics,North,2,18000.0,0,36000.0,July,2023,7,3
ORD02390,2023-01-17,C0115,P002,Mobile Phone,Electronics,South,10,15300.0,15,153000.0,January,2023,1,1
ORD02391,2023-04-12,C0160,P009,Cooking Oil,Groceries,South,8,200.0,0,1600.0,April,2023,4,2
ORD02392,2023-04-17,C0138,P007,Jeans,Clothing,North,7,1499.0,0,10493.0,April,2023,4,2
ORD02393,2023-03-18,C0196,P005,Study Table,Furniture,East,9,12000.0,0,108000.0,March,2023,3,1
ORD02394,2023-07-22,C0161,P001,Laptop,Electronics,South,9,38250.0,15,344250.0,July,2023,7,3
ORD02395,2023-03-18,C0153,P010,Notebook,Stationery,East,6,60.0,0,360.0,March,2023,3,1
ORD02396,2023-07-07,C0090,P010,Notebook,Stationery,West,4,51.0,15,204.0,July,2023,7,3
ORD02397,2023-12-08,C0146,P001,Laptop,Electronics,East,4,38250.0,15,153000.0,December,2023,12,4
ORD02398,2023-04-28,C0117,P008,Rice 5kg,Groceries,North,1,350.0,0,350.0,April,2023,4,2
ORD02399,2023-10-04,C0094,P006,T-Shirt,Clothing,West,9,799.0,0,7191.0,October,2023,10,4
ORD02401,2023-07-05,C0158,P001,Laptop,Electronics,South,7,45000.0,0,315000.0,July,2023,7,3
ORD02402,2023-11-03,C0159,P005,Study Table,Furniture,North,1,12000.0,0,12000.0,November,2023,11,4
ORD02403,2023-10-30,C0006,P002,Mobile Phone,Electronics,West,7,17100.0,5,119700.0,October,2023,10,4
ORD02404,2023-02-24,C0088,P005,Study Table,Furniture,East,9,10200.0,15,91800.0,February,2023,2,1
ORD02405,2023-12-30,C0074,P001,Laptop,Electronics,North,4,38250.0,15,153000.0,December,2023,12,4
ORD02406,2023-09-12,C0145,P010,Notebook,Stationery,West,6,57.0,5,342.0,September,2023,9,3
ORD02407,2023-07-09,C0114,P005,Study Table,Furniture,East,10,12000.0,0,120000.0,July,2023,7,3
ORD02408,2023-09-03,C0028,P003,Headphones,Electronics,South,4,2500.0,0,10000.0,September,2023,9,3
ORD02409,2023-01-23,C0143,P007,Jeans,Clothing,North,1,1499.0,0,1499.0,January,2023,1,1
ORD02410,2023-04-17,C0007,P009,Cooking Oil,Groceries,West,2,200.0,0,400.0,April,2023,4,2
ORD02411,2023-09-08,C0042,P007,Jeans,Clothing,West,5,1499.0,0,7495.0,September,2023,9,3
ORD02412,2023-12-10,C0094,P009,Cooking Oil,Groceries,West,2,170.0,15,340.0,December,2023,12,4
ORD02413,2023-02-01,C0119,P002,Mobile Phone,Electronics,North,6,15300.0,15,91800.0,February,2023,2,1
ORD02414,2023-01-28,C0119,P008,Rice 5kg,Groceries,South,2,350.0,0,700.0,January,2023,1,1
ORD02415,2023-05-22,C0126,P005,Study Table,Furniture,East,6,10800.0,10,64800.0,May,2023,5,2
ORD02416,2023-01-09,C0145,P002,Mobile Phone,Electronics,West,4,18000.0,0,72000.0,January,2023,1,1
ORD02417,2023-08-07,C0181,P009,Cooking Oil,Groceries,West,6,190.0,5,1140.0,August,2023,8,3
ORD02418,2023-01-03,C0086,P004,Desk Chair,Furniture,South,2,7200.0,10,14400.0,January,2023,1,1
ORD02419,2023-03-22,C0113,P004,Desk Chair,Furniture,East,10,7600.0,5,76000.0,March,2023,3,1
ORD02420,2023-06-30,C0150,P007,Jeans,Clothing,North,3,1499.0,0,4497.0,June,2023,6,2
ORD02421,2023-01-30,C0069,P008,Rice 5kg,Groceries,West,1,350.0,0,350.0,January,2023,1,1
ORD02422,2023-02-04,C0030,P006,T-Shirt,Clothing,North,10,799.0,0,7990.0,February,2023,2,1
ORD02423,2023-01-20,C0006,P008,Rice 5kg,Groceries,East,2,350.0,0,700.0,January,2023,1,1
ORD02424,2023-10-16,C0194,P009,Cooking Oil,Groceries,East,2,170.0,15,340.0,October,2023,10,4
ORD02425,2023-01-22,C0066,P002,Mobile Phone,Electronics,North,6,18000.0,0,108000.0,January,2023,1,1
ORD02426,2023-11-07,C0136,P010,Notebook,Stationery,West,8,57.0,5,456.0,November,2023,11,4
ORD02427,2023-08-13,C0176,P004,Desk Chair,Furniture,North,8,7200.0,10,57600.0,August,2023,8,3
ORD02428,2023-07-30,C0098,P009,Cooking Oil,Groceries,North,5,200.0,0,1000.0,July,2023,7,3
ORD02429,2023-10-20,C0069,P001,Laptop,Electronics,South,8,42750.0,5,342000.0,October,2023,10,4
ORD02430,2023-04-18,C0189,P006,T-Shirt,Clothing,East,7,799.0,0,5593.0,April,2023,4,2
ORD02431,2023-02-04,C0183,P010,Notebook,Stationery,East,8,60.0,0,480.0,February,2023,2,1
ORD02432,2023-08-28,C0014,P003,Headphones,Electronics,West,1,2500.0,0,2500.0,August,2023,8,3
ORD02433,2023-07-30,C0015,P003,Headphones,Electronics,South,2,2500.0,0,5000.0,July,2023,7,3
ORD02434,2023-02-12,C0061,P005,Study Table,Furniture,East,2,10800.0,10,21600.0,February,2023,2,1
ORD02435,2023-09-16,C0200,P010,Notebook,Stationery,West,9,54.0,10,486.0,September,2023,9,3
ORD02436,2023-10-03,C0129,P002,Mobile Phone,Electronics,East,8,18000.0,0,144000.0,October,2023,10,4
ORD02437,2023-05-14,C0078,P002,Mobile Phone,Electronics,South,9,17100.0,5,153900.0,May,2023,5,2
ORD02438,2023-04-30,C0147,P006,T-Shirt,Clothing,West,9,719.1,10,6471.9,April,2023,4,2
ORD02439,2023-02-01,C0007,P001,Laptop,Electronics,East,9,45000.0,0,405000.0,February,2023,2,1
ORD02440,2023-02-17,C0047,P006,T-Shirt,Clothing,South,8,679.15,15,5433.2,February,2023,2,1
ORD02441,2023-11-28,C0172,P010,Notebook,Stationery,North,7,60.0,0,420.0,November,2023,11,4
ORD02442,2023-03-26,C0154,P008,Rice 5kg,Groceries,West,10,350.0,0,3500.0,March,2023,3,1
ORD02443,2023-12-10,C0123,P008,Rice 5kg,Groceries,North,7,315.0,10,2205.0,December,2023,12,4
ORD02444,2023-02-15,C0149,P004,Desk Chair,Furniture,West,2,8000.0,0,16000.0,February,2023,2,1
ORD02445,2023-05-08,C0046,P008,Rice 5kg,Groceries,West,9,297.5,15,2677.5,May,2023,5,2
ORD02446,2023-06-20,C0186,P009,Cooking Oil,Groceries,West,9,200.0,0,1800.0,June,2023,6,2
ORD02447,2023-12-10,C0165,P008,Rice 5kg,Groceries,West,10,297.5,15,2975.0,December,2023,12,4
ORD02448,2023-11-24,C0073,P010,Notebook,Stationery,West,7,51.0,15,357.0,November,2023,11,4
ORD02449,2023-01-14,C0069,P005,Study Table,Furniture,West,10,11400.0,5,114000.0,January,2023,1,1
ORD02450,2023-10-15,C0087,P008,Rice 5kg,Groceries,North,1,350.0,0,350.0,October,2023,10,4
ORD02451,2023-11-19,C0105,P006,T-Shirt,Clothing,East,10,799.0,0,7990.0,November,2023,11,4
ORD02452,2023-05-17,C0137,P009,Cooking Oil,Groceries,West,10,200.0,0,2000.0,May,2023,5,2
ORD02453,2023-03-12,C0067,P010,Notebook,Stationery,West,1,57.0,5,57.0,March,2023,3,1
ORD02455,2023-04-20,C0029,P002,Mobile Phone,Electronics,South,5,18000.0,0,90000.0,April,2023,4,2
ORD02456,2023-07-28,C0028,P010,Notebook,Stationery,South,3,60.0,0,180.0,July,2023,7,3
ORD02457,2023-05-08,C0012,P001,Laptop,Electronics,East,6,45000.0,0,270000.0,May,2023,5,2
ORD02458,2023-01-12,C0043,P007,Jeans,Clothing,East,6,1274.15,15,7644.9,January,2023,1,1
ORD02459,2023-05-15,C0032,P005,Study Table,Furniture,North,8,12000.0,0,96000.0,May,2023,5,2
ORD02460,2023-01-15,C0146,P004,Desk Chair,Furniture,West,5,8000.0,0,40000.0,January,2023,1,1
ORD02461,2023-03-06,C0180,P008,Rice 5kg,Groceries,East,2,315.0,10,630.0,March,2023,3,1
ORD02462,2023-10-05,C0187,P009,Cooking Oil,Groceries,North,1,180.0,10,180.0,October,2023,10,4
ORD02463,2023-05-20,C0021,P009,Cooking Oil,Groceries,West,3,200.0,0,600.0,May,2023,5,2
ORD02464,2023-11-15,C0048,P002,Mobile Phone,Electronics,West,4,18000.0,0,72000.0,November,2023,11,4
ORD02465,2023-12-06,C0138,P009,Cooking Oil,Groceries,South,7,180.0,10,1260.0,December,2023,12,4
ORD02466,2023-06-09,C0130,P010,Notebook,Stationery,West,9,57.0,5,513.0,June,2023,6,2
ORD02467,2023-10-29,C0067,P002,Mobile Phone,Electronics,East,6,18000.0,0,108000.0,October,2023,10,4
ORD02468,2023-11-03,C0174,P002,Mobile Phone,Electronics,South,10,18000.0,0,180000.0,November,2023,11,4
ORD02469,2023-12-23,C0098,P008,Rice 5kg,Groceries,North,6,350.0,0,2100.0,December,2023,12,4
ORD02470,2023-02-01,C0059,P002,Mobile Phone,Electronics,West,7,15300.0,15,107100.0,February,2023,2,1
ORD02471,2023-09-21,C0149,P007,Jeans,Clothing,East,3,1499.0,0,4497.0,September,2023,9,3
ORD02472,2023-01-26,C0007,P007,Jeans,Clothing,East,8,1499.0,0,11992.0,January,2023,1,1
ORD02473,2023-01-25,C0076,P010,Notebook,Stationery,West,5,60.0,0,300.0,January,2023,1,1
ORD02474,2023-08-11,C0111,P005,Study Table,Furniture,West,9,10800.0,10,97200.0,August,2023,8,3
ORD02475,2023-01-08,C0080,P007,Jeans,Clothing,East,5,1499.0,0,7495.0,January,2023,1,1
ORD02476,2023-01-15,C0147,P008,Rice 5kg,Groceries,West,6,315.0,10,1890.0,January,2023,1,1
ORD02477,2023-09-17,C0156,P006,T-Shirt,Clothing,North,4,799.0,0,3196.0,September,2023,9,3
ORD02478,2023-07-15,C0034,P006,T-Shirt,Clothing,South,5,759.05,5,3795.25,July,2023,7,3
ORD02479,2023-07-23,C0162,P005,Study Table,Furniture,East,1,12000.0,0,12000.0,July,2023,7,3
ORD02480,2023-12-12,C0109,P001,Laptop,Electronics,South,1,38250.0,15,38250.0,December,2023,12,4
ORD02481,2023-08-20,C0110,P003,Headphones,Electronics,West,5,2500.0,0,12500.0,August,2023,8,3
ORD02483,2023-07-10,C0129,P005,Study Table,Furniture,East,2,12000.0,0,24000.0,July,2023,7,3
ORD02484,2023-10-02,C0004,P007,Jeans,Clothing,North,1,1499.0,0,1499.0,October,2023,10,4
ORD02485,2023-09-11,C0144,P007,Jeans,Clothing,South,8,1274.15,15,10193.2,September,2023,9,3
ORD02486,2023-08-16,C0004,P010,Notebook,Stationery,East,10,60.0,0,600.0,August,2023,8,3
ORD02487,2023-11-23,C0109,P007,Jeans,Clothing,North,5,1499.0,0,7495.0,November,2023,11,4
ORD02488,2023-09-28,C0065,P003,Headphones,Electronics,South,1,2500.0,0,2500.0,September,2023,9,3
ORD02489,2023-06-27,C0179,P006,T-Shirt,Clothing,West,4,759.05,5,3036.2,June,2023,6,2
ORD02490,2023-11-22,C0044,P008,Rice 5kg,Groceries,East,9,350.0,0,3150.0,November,2023,11,4
ORD02491,2023-03-05,C0172,P003,Headphones,Electronics,South,5,2500.0,0,12500.0,March,2023,3,1
ORD02492,2023-01-17,C0174,P006,T-Shirt,Clothing,West,5,799.0,0,3995.0,January,2023,1,1
ORD02493,2023-03-16,C0051,P005,Study Table,Furniture,North,8,12000.0,0,96000.0,March,2023,3,1
ORD02494,2023-10-03,C0158,P003,Headphones,Electronics,West,8,2500.0,0,20000.0,October,2023,10,4
ORD02495,2023-07-23,C0196,P002,Mobile Phone,Electronics,South,8,17100.0,5,136800.0,July,2023,7,3
ORD02496,2023-01-16,C0050,P003,Headphones,Electronics,West,8,2500.0,0,20000.0,January,2023,1,1
ORD02497,2023-01-07,C0168,P008,Rice 5kg,Groceries,North,6,297.5,15,1785.0,January,2023,1,1
ORD02498,2023-05-11,C0085,P007,Jeans,Clothing,South,4,1499.0,0,5996.0,May,2023,5,2
ORD02499,2023-10-07,C0129,P004,Desk Chair,Furniture,South,6,6800.0,15,40800.0,October,2023,10,4
ORD02500,2023-01-07,C0010,P006,T-Shirt,Clothing,North,4,799.0,0,3196.0,January,2023,1,1
ORD02501,2023-09-16,C0074,P007,Jeans,Clothing,North,8,1424.05,5,11392.4,September,2023,9,3
ORD02502,2023-05-11,C0172,P003,Headphones,Electronics,East,5,2500.0,0,12500.0,May,2023,5,2
ORD02503,2023-07-05,C0177,P009,Cooking Oil,Groceries,North,4,180.0,10,720.0,July,2023,7,3
ORD02504,2023-01-08,C0165,P008,Rice 5kg,Groceries,East,9,350.0,0,3150.0,January,2023,1,1
ORD02505,2023-09-15,C0132,P003,Headphones,Electronics,East,9,2375.0,5,21375.0,September,2023,9,3
ORD02506,2023-08-06,C0151,P010,Notebook,Stationery,South,10,54.0,10,540.0,August,2023,8,3
ORD02507,2023-06-11,C0124,P010,Notebook,Stationery,South,1,60.0,0,60.0,June,2023,6,2
ORD02508,2023-07-12,C0060,P008,Rice 5kg,Groceries,North,3,350.0,0,1050.0,July,2023,7,3
ORD02509,2023-07-15,C0182,P010,Notebook,Stationery,East,9,51.0,15,459.0,July,2023,7,3
ORD02510,2023-04-26,C0152,P004,Desk Chair,Furniture,West,9,6800.0,15,61200.0,April,2023,4,2
ORD02511,2023-02-27,C0166,P010,Notebook,Stationery,West,2,60.0,0,120.0,February,2023,2,1
ORD02512,2023-03-30,C0133,P003,Headphones,Electronics,North,10,2500.0,0,25000.0,March,2023,3,1
ORD02514,2023-12-21,C0134,P001,Laptop,Electronics,West,1,45000.0,0,45000.0,December,2023,12,4
ORD02515,2023-11-20,C0153,P001,Laptop,Electronics,West,1,40500.0,10,40500.0,November,2023,11,4
ORD02516,2023-04-07,C0096,P009,Cooking Oil,Groceries,West,2,200.0,0,400.0,April,2023,4,2
ORD02517,2023-06-13,C0167,P004,Desk Chair,Furniture,South,9,8000.0,0,72000.0,June,2023,6,2
ORD02518,2023-05-22,C0108,P009,Cooking Oil,Groceries,South,1,190.0,5,190.0,May,2023,5,2
ORD02519,2023-02-20,C0009,P010,Notebook,Stationery,North,6,51.0,15,306.0,February,2023,2,1
ORD02520,2023-04-04,C0001,P001,Laptop,Electronics,East,8,42750.0,5,342000.0,April,2023,4,2
ORD02522,2023-07-19,C0109,P007,Jeans,Clothing,East,7,1274.15,15,8919.05,July,2023,7,3
ORD02523,2023-02-14,C0182,P007,Jeans,Clothing,North,6,1499.0,0,8994.0,February,2023,2,1
ORD02524,2023-08-17,C0139,P004,Desk Chair,Furniture,East,5,8000.0,0,40000.0,August,2023,8,3
ORD02525,2023-08-29,C0011,P010,Notebook,Stationery,North,5,54.0,10,270.0,August,2023,8,3
ORD02526,2023-10-08,C0052,P004,Desk Chair,Furniture,East,7,7600.0,5,53200.0,October,2023,10,4
ORD02527,2023-07-27,C0041,P010,Notebook,Stationery,West,10,54.0,10,540.0,July,2023,7,3
ORD02528,2023-08-10,C0143,P009,Cooking Oil,Groceries,North,4,180.0,10,720.0,August,2023,8,3
ORD02529,2023-07-06,C0008,P008,Rice 5kg,Groceries,East,10,350.0,0,3500.0,July,2023,7,3
ORD02531,2023-03-09,C0111,P003,Headphones,Electronics,East,1,2500.0,0,2500.0,March,2023,3,1
ORD02532,2023-04-06,C0098,P009,Cooking Oil,Groceries,North,10,180.0,10,1800.0,April,2023,4,2
ORD02533,2023-03-13,C0019,P001,Laptop,Electronics,West,10,45000.0,0,450000.0,March,2023,3,1
ORD02534,2023-08-22,C0075,P002,Mobile Phone,Electronics,North,8,17100.0,5,136800.0,August,2023,8,3
ORD02535,2023-04-05,C0020,P005,Study Table,Furniture,North,7,10800.0,10,75600.0,April,2023,4,2
ORD02536,2023-02-17,C0156,P009,Cooking Oil,Groceries,West,3,200.0,0,600.0,February,2023,2,1
ORD02537,2023-11-05,C0123,P003,Headphones,Electronics,East,3,2500.0,0,7500.0,November,2023,11,4
ORD02538,2023-07-07,C0069,P001,Laptop,Electronics,South,5,38250.0,15,191250.0,July,2023,7,3
ORD02539,2023-01-24,C0082,P005,Study Table,Furniture,West,6,11400.0,5,68400.0,January,2023,1,1
ORD02540,2023-07-07,C0128,P010,Notebook,Stationery,North,3,60.0,0,180.0,July,2023,7,3
ORD02541,2023-07-24,C0057,P001,Laptop,Electronics,East,2,38250.0,15,76500.0,July,2023,7,3
ORD02542,2023-03-11,C0072,P008,Rice 5kg,Groceries,West,3,350.0,0,1050.0,March,2023,3,1
ORD02543,2023-05-24,C0002,P009,Cooking Oil,Groceries,North,10,200.0,0,2000.0,May,2023,5,2
ORD02544,2023-12-19,C0068,P009,Cooking Oil,Groceries,West,3,200.0,0,600.0,December,2023,12,4
ORD02546,2023-12-24,C0193,P006,T-Shirt,Clothing,North,9,679.15,15,6112.35,December,2023,12,4
ORD02547,2023-08-26,C0028,P001,Laptop,Electronics,North,10,45000.0,0,450000.0,August,2023,8,3
ORD02548,2023-08-14,C0014,P001,Laptop,Electronics,South,6,45000.0,0,270000.0,August,2023,8,3
ORD02550,2023-06-09,C0144,P002,Mobile Phone,Electronics,East,9,16200.0,10,145800.0,June,2023,6,2
ORD02551,2023-08-28,C0106,P003,Headphones,Electronics,South,10,2250.0,10,22500.0,August,2023,8,3
ORD02552,2023-05-23,C0121,P003,Headphones,Electronics,North,10,2500.0,0,25000.0,May,2023,5,2
ORD02553,2023-08-31,C0052,P010,Notebook,Stationery,East,9,60.0,0,540.0,August,2023,8,3
ORD02554,2023-06-20,C0012,P002,Mobile Phone,Electronics,South,1,18000.0,0,18000.0,June,2023,6,2
ORD02555,2023-12-17,C0047,P010,Notebook,Stationery,North,7,60.0,0,420.0,December,2023,12,4
ORD02556,2023-09-26,C0196,P006,T-Shirt,Clothing,South,8,799.0,0,6392.0,September,2023,9,3
ORD02557,2023-07-27,C0070,P007,Jeans,Clothing,West,9,1499.0,0,13491.0,July,2023,7,3
ORD02558,2023-04-23,C0184,P004,Desk Chair,Furniture,East,10,7200.0,10,72000.0,April,2023,4,2
ORD02559,2023-06-05,C0046,P009,Cooking Oil,Groceries,East,4,180.0,10,720.0,June,2023,6,2
ORD02560,2023-10-04,C0013,P005,Study Table,Furniture,East,7,12000.0,0,84000.0,October,2023,10,4
ORD02561,2023-01-26,C0101,P008,Rice 5kg,Groceries,East,5,297.5,15,1487.5,January,2023,1,1
ORD02562,2023-03-23,C0053,P002,Mobile Phone,Electronics,South,6,17100.0,5,102600.0,March,2023,3,1
ORD02563,2023-06-16,C0028,P001,Laptop,Electronics,North,9,45000.0,0,405000.0,June,2023,6,2
ORD02564,2023-04-30,C0026,P001,Laptop,Electronics,North,10,45000.0,0,450000.0,April,2023,4,2
ORD02565,2023-11-04,C0176,P009,Cooking Oil,Groceries,North,7,200.0,0,1400.0,November,2023,11,4
ORD02566,2023-12-18,C0180,P008,Rice 5kg,Groceries,South,7,350.0,0,2450.0,December,2023,12,4
ORD02567,2023-06-11,C0069,P010,Notebook,Stationery,North,6,60.0,0,360.0,June,2023,6,2
ORD02568,2023-08-13,C0081,P002,Mobile Phone,Electronics,East,3,18000.0,0,54000.0,August,2023,8,3
ORD02569,2023-01-26,C0021,P003,Headphones,Electronics,East,7,2125.0,15,14875.0,January,2023,1,1
ORD02570,2023-12-18,C0176,P003,Headphones,Electronics,East,6,2125.0,15,12750.0,December,2023,12,4
ORD02571,2023-05-25,C0012,P006,T-Shirt,Clothing,West,1,759.05,5,759.05,May,2023,5,2
ORD02572,2023-11-01,C0141,P004,Desk Chair,Furniture,North,3,7600.0,5,22800.0,November,2023,11,4
ORD02573,2023-01-15,C0060,P010,Notebook,Stationery,North,6,51.0,15,306.0,January,2023,1,1
ORD02574,2023-06-05,C0198,P005,Study Table,Furniture,North,10,12000.0,0,120000.0,June,2023,6,2
ORD02575,2023-06-28,C0033,P002,Mobile Phone,Electronics,North,1,18000.0,0,18000.0,June,2023,6,2
ORD02576,2023-05-26,C0017,P009,Cooking Oil,Groceries,North,10,170.0,15,1700.0,May,2023,5,2
ORD02577,2023-06-22,C0158,P002,Mobile Phone,Electronics,South,4,15300.0,15,61200.0,June,2023,6,2
ORD02578,2023-10-18,C0088,P004,Desk Chair,Furniture,South,6,6800.0,15,40800.0,October,2023,10,4
ORD02579,2023-09-07,C0146,P001,Laptop,Electronics,North,1,42750.0,5,42750.0,September,2023,9,3
ORD02580,2023-02-07,C0140,P007,Jeans,Clothing,West,9,1499.0,0,13491.0,February,2023,2,1
ORD02581,2023-09-14,C0069,P001,Laptop,Electronics,South,4,42750.0,5,171000.0,September,2023,9,3
ORD02582,2023-06-07,C0149,P004,Desk Chair,Furniture,East,10,8000.0,0,80000.0,June,2023,6,2
ORD02583,2023-07-13,C0195,P007,Jeans,Clothing,South,8,1424.05,5,11392.4,July,2023,7,3
ORD02584,2023-02-07,C0127,P003,Headphones,Electronics,South,6,2500.0,0,15000.0,February,2023,2,1
ORD02585,2023-05-27,C0028,P003,Headphones,Electronics,West,7,2500.0,0,17500.0,May,2023,5,2
ORD02586,2023-10-21,C0180,P001,Laptop,Electronics,South,3,38250.0,15,114750.0,October,2023,10,4
ORD02587,2023-01-08,C0189,P006,T-Shirt,Clothing,North,2,799.0,0,1598.0,January,2023,1,1
ORD02588,2023-05-06,C0002,P007,Jeans,Clothing,West,1,1499.0,0,1499.0,May,2023,5,2
ORD02589,2023-07-16,C0101,P003,Headphones,Electronics,West,2,2500.0,0,5000.0,July,2023,7,3
ORD02590,2023-06-21,C0117,P001,Laptop,Electronics,East,5,38250.0,15,191250.0,June,2023,6,2
ORD02591,2023-06-15,C0145,P009,Cooking Oil,Groceries,South,9,190.0,5,1710.0,June,2023,6,2
ORD02592,2023-03-27,C0102,P010,Notebook,Stationery,North,7,60.0,0,420.0,March,2023,3,1
ORD02593,2023-12-22,C0037,P007,Jeans,Clothing,West,3,1499.0,0,4497.0,December,2023,12,4
ORD02595,2023-04-26,C0183,P002,Mobile Phone,Electronics,North,6,18000.0,0,108000.0,April,2023,4,2
ORD02596,2023-11-08,C0186,P003,Headphones,Electronics,South,2,2125.0,15,4250.0,November,2023,11,4
ORD02597,2023-10-21,C0126,P009,Cooking Oil,Groceries,North,2,180.0,10,360.0,October,2023,10,4
ORD02598,2023-09-15,C0112,P007,Jeans,Clothing,South,2,1499.0,0,2998.0,September,2023,9,3
ORD02599,2023-10-29,C0081,P009,Cooking Oil,Groceries,West,2,170.0,15,340.0,October,2023,10,4
ORD02600,2023-09-22,C0012,P002,Mobile Phone,Electronics,North,7,16200.0,10,113400.0,September,2023,9,3
ORD02601,2023-12-25,C0155,P004,Desk Chair,Furniture,South,8,7200.0,10,57600.0,December,2023,12,4
ORD02602,2023-10-25,C0123,P010,Notebook,Stationery,South,3,54.0,10,162.0,October,2023,10,4
ORD02603,2023-02-19,C0132,P005,Study Table,Furniture,South,1,10200.0,15,10200.0,February,2023,2,1
ORD02604,2023-04-01,C0142,P003,Headphones,Electronics,South,1,2500.0,0,2500.0,April,2023,4,2
ORD02605,2023-03-21,C0016,P004,Desk Chair,Furniture,East,3,6800.0,15,20400.0,March,2023,3,1
ORD02606,2023-03-09,C0192,P005,Study Table,Furniture,North,4,10200.0,15,40800.0,March,2023,3,1
ORD02607,2023-12-30,C0051,P006,T-Shirt,Clothing,North,10,719.1,10,7191.0,December,2023,12,4
ORD02608,2023-11-21,C0054,P001,Laptop,Electronics,North,3,45000.0,0,135000.0,November,2023,11,4
ORD02609,2023-03-08,C0184,P003,Headphones,Electronics,West,4,2500.0,0,10000.0,March,2023,3,1
ORD02610,2023-07-10,C0184,P003,Headphones,Electronics,South,2,2500.0,0,5000.0,July,2023,7,3
ORD02611,2023-08-02,C0086,P003,Headphones,Electronics,North,9,2500.0,0,22500.0,August,2023,8,3
ORD02612,2023-11-01,C0060,P001,Laptop,Electronics,West,1,45000.0,0,45000.0,November,2023,11,4
ORD02613,2023-10-03,C0058,P010,Notebook,Stationery,South,2,54.0,10,108.0,October,2023,10,4
ORD02614,2023-08-01,C0175,P003,Headphones,Electronics,North,10,2500.0,0,25000.0,August,2023,8,3
ORD02615,2023-10-26,C0192,P010,Notebook,Stationery,South,1,60.0,0,60.0,October,2023,10,4
ORD02616,2023-10-05,C0071,P005,Study Table,Furniture,North,4,10200.0,15,40800.0,October,2023,10,4
ORD02617,2023-04-14,C0031,P003,Headphones,Electronics,West,10,2500.0,0,25000.0,April,2023,4,2
ORD02618,2023-07-08,C0107,P006,T-Shirt,Clothing,West,7,719.1,10,5033.7,July,2023,7,3
ORD02619,2023-12-25,C0101,P001,Laptop,Electronics,South,7,45000.0,0,315000.0,December,2023,12,4
ORD02620,2023-01-31,C0078,P007,Jeans,Clothing,East,6,1499.0,0,8994.0,January,2023,1,1
ORD02621,2023-08-09,C0101,P005,Study Table,Furniture,South,1,11400.0,5,11400.0,August,2023,8,3
ORD02622,2023-08-02,C0089,P004,Desk Chair,Furniture,North,4,7200.0,10,28800.0,August,2023,8,3
ORD02623,2023-03-08,C0044,P003,Headphones,Electronics,West,8,2500.0,0,20000.0,March,2023,3,1
ORD02624,2023-03-17,C0066,P002,Mobile Phone,Electronics,South,2,18000.0,0,36000.0,March,2023,3,1
ORD02625,2023-06-14,C0069,P006,T-Shirt,Clothing,South,9,679.15,15,6112.35,June,2023,6,2
ORD02626,2023-09-10,C0153,P009,Cooking Oil,Groceries,North,1,180.0,10,180.0,September,2023,9,3
ORD02627,2023-06-09,C0183,P003,Headphones,Electronics,North,4,2125.0,15,8500.0,June,2023,6,2
ORD02628,2023-04-13,C0144,P007,Jeans,Clothing,East,5,1499.0,0,7495.0,April,2023,4,2
ORD02629,2023-07-07,C0171,P005,Study Table,Furniture,North,8,12000.0,0,96000.0,July,2023,7,3
ORD02630,2023-01-18,C0177,P004,Desk Chair,Furniture,South,5,8000.0,0,40000.0,January,2023,1,1
ORD02631,2023-07-27,C0008,P006,T-Shirt,Clothing,East,9,759.05,5,6831.45,July,2023,7,3
ORD02632,2023-10-16,C0173,P008,Rice 5kg,Groceries,East,7,297.5,15,2082.5,October,2023,10,4
ORD02633,2023-05-18,C0185,P007,Jeans,Clothing,East,10,1274.15,15,12741.5,May,2023,5,2
ORD02634,2023-10-16,C0121,P004,Desk Chair,Furniture,East,7,8000.0,0,56000.0,October,2023,10,4
ORD02635,2023-02-02,C0111,P010,Notebook,Stationery,South,9,57.0,5,513.0,February,2023,2,1
ORD02636,2023-07-09,C0006,P003,Headphones,Electronics,North,6,2500.0,0,15000.0,July,2023,7,3
ORD02637,2023-02-14,C0088,P010,Notebook,Stationery,South,5,54.0,10,270.0,February,2023,2,1
ORD02638,2023-07-15,C0102,P006,T-Shirt,Clothing,East,6,719.1,10,4314.6,July,2023,7,3
ORD02639,2023-05-22,C0035,P004,Desk Chair,Furniture,South,1,7600.0,5,7600.0,May,2023,5,2
ORD02640,2023-07-17,C0032,P002,Mobile Phone,Electronics,East,5,18000.0,0,90000.0,July,2023,7,3
ORD02641,2023-04-11,C0064,P005,Study Table,Furniture,South,9,10800.0,10,97200.0,April,2023,4,2
ORD02642,2023-04-20,C0184,P005,Study Table,Furniture,North,6,12000.0,0,72000.0,April,2023,4,2
ORD02643,2023-12-15,C0005,P008,Rice 5kg,Groceries,North,4,350.0,0,1400.0,December,2023,12,4
ORD02644,2023-07-02,C0043,P002,Mobile Phone,Electronics,South,8,16200.0,10,129600.0,July,2023,7,3
ORD02645,2023-10-13,C0072,P009,Cooking Oil,Groceries,East,8,200.0,0,1600.0,October,2023,10,4
ORD02646,2023-09-16,C0118,P005,Study Table,Furniture,East,3,11400.0,5,34200.0,September,2023,9,3
ORD02647,2023-09-12,C0050,P008,Rice 5kg,Groceries,South,1,350.0,0,350.0,September,2023,9,3
ORD02648,2023-06-24,C0190,P001,Laptop,Electronics,South,9,42750.0,5,384750.0,June,2023,6,2
ORD02649,2023-08-09,C0103,P008,Rice 5kg,Groceries,East,3,315.0,10,945.0,August,2023,8,3
ORD02650,2023-02-01,C0166,P001,Laptop,Electronics,North,2,45000.0,0,90000.0,February,2023,2,1
ORD02651,2023-10-02,C0017,P006,T-Shirt,Clothing,North,3,759.05,5,2277.15,October,2023,10,4
ORD02652,2023-01-13,C0039,P009,Cooking Oil,Groceries,West,1,200.0,0,200.0,January,2023,1,1
ORD02653,2023-04-06,C0082,P003,Headphones,Electronics,West,2,2500.0,0,5000.0,April,2023,4,2
ORD02654,2023-11-06,C0078,P002,Mobile Phone,Electronics,South,7,18000.0,0,126000.0,November,2023,11,4
ORD02655,2023-09-28,C0161,P002,Mobile Phone,Electronics,North,4,17100.0,5,68400.0,September,2023,9,3
ORD02656,2023-04-12,C0097,P001,Laptop,Electronics,East,4,45000.0,0,180000.0,April,2023,4,2
ORD02657,2023-01-14,C0154,P007,Jeans,Clothing,South,3,1274.15,15,3822.45,January,2023,1,1
ORD02658,2023-03-07,C0185,P008,Rice 5kg,Groceries,East,4,350.0,0,1400.0,March,2023,3,1
ORD02659,2023-03-28,C0039,P004,Desk Chair,Furniture,West,4,8000.0,0,32000.0,March,2023,3,1
ORD02660,2023-03-31,C0001,P009,Cooking Oil,Groceries,East,10,180.0,10,1800.0,March,2023,3,1
ORD02661,2023-03-08,C0059,P004,Desk Chair,Furniture,West,6,8000.0,0,48000.0,March,2023,3,1
ORD02662,2023-02-16,C0013,P001,Laptop,Electronics,West,8,42750.0,5,342000.0,February,2023,2,1
ORD02663,2023-09-16,C0041,P010,Notebook,Stationery,South,8,60.0,0,480.0,September,2023,9,3
ORD02664,2023-07-22,C0026,P008,Rice 5kg,Groceries,East,2,350.0,0,700.0,July,2023,7,3
ORD02665,2023-12-14,C0144,P009,Cooking Oil,Groceries,South,4,180.0,10,720.0,December,2023,12,4
ORD02666,2023-05-15,C0137,P008,Rice 5kg,Groceries,East,7,297.5,15,2082.5,May,2023,5,2
ORD02667,2023-03-09,C0038,P006,T-Shirt,Clothing,South,8,799.0,0,6392.0,March,2023,3,1
ORD02668,2023-12-31,C0131,P003,Headphones,Electronics,North,3,2500.0,0,7500.0,December,2023,12,4
ORD02669,2023-06-27,C0144,P005,Study Table,Furniture,South,5,12000.0,0,60000.0,June,2023,6,2
ORD02670,2023-07-01,C0104,P003,Headphones,Electronics,North,3,2125.0,15,6375.0,July,2023,7,3
ORD02671,2023-07-10,C0168,P010,Notebook,Stationery,North,6,60.0,0,360.0,July,2023,7,3
ORD02672,2023-11-28,C0030,P008,Rice 5kg,Groceries,North,4,350.0,0,1400.0,November,2023,11,4
ORD02673,2023-05-01,C0002,P008,Rice 5kg,Groceries,West,5,350.0,0,1750.0,May,2023,5,2
ORD02674,2023-12-01,C0144,P009,Cooking Oil,Groceries,East,5,200.0,0,1000.0,December,2023,12,4
ORD02675,2023-03-31,C0103,P002,Mobile Phone,Electronics,North,4,17100.0,5,68400.0,March,2023,3,1
ORD02676,2023-08-31,C0169,P007,Jeans,Clothing,East,4,1349.1,10,5396.4,August,2023,8,3
ORD02677,2023-07-05,C0082,P005,Study Table,Furniture,East,8,12000.0,0,96000.0,July,2023,7,3
ORD02678,2023-08-08,C0185,P002,Mobile Phone,Electronics,East,6,18000.0,0,108000.0,August,2023,8,3
ORD02679,2023-05-20,C0005,P006,T-Shirt,Clothing,North,6,759.05,5,4554.3,May,2023,5,2
ORD02680,2023-08-19,C0141,P004,Desk Chair,Furniture,West,10,8000.0,0,80000.0,August,2023,8,3
ORD02681,2023-01-10,C0065,P008,Rice 5kg,Groceries,South,1,350.0,0,350.0,January,2023,1,1
ORD02682,2023-11-30,C0128,P001,Laptop,Electronics,North,2,40500.0,10,81000.0,November,2023,11,4
ORD02683,2023-04-14,C0147,P003,Headphones,Electronics,South,5,2500.0,0,12500.0,April,2023,4,2
ORD02684,2023-09-30,C0146,P010,Notebook,Stationery,West,7,57.0,5,399.0,September,2023,9,3
ORD02685,2023-02-07,C0043,P009,Cooking Oil,Groceries,West,8,200.0,0,1600.0,February,2023,2,1
ORD02686,2023-03-09,C0113,P002,Mobile Phone,Electronics,West,10,18000.0,0,180000.0,March,2023,3,1
ORD02687,2023-10-01,C0160,P006,T-Shirt,Clothing,West,10,719.1,10,7191.0,October,2023,10,4
ORD02688,2023-12-17,C0147,P004,Desk Chair,Furniture,East,4,6800.0,15,27200.0,December,2023,12,4
ORD02689,2023-04-07,C0008,P007,Jeans,Clothing,East,6,1499.0,0,8994.0,April,2023,4,2
ORD02690,2023-10-28,C0018,P001,Laptop,Electronics,East,3,45000.0,0,135000.0,October,2023,10,4
ORD02691,2023-05-25,C0145,P008,Rice 5kg,Groceries,West,7,350.0,0,2450.0,May,2023,5,2
ORD02692,2023-03-13,C0108,P001,Laptop,Electronics,West,1,45000.0,0,45000.0,March,2023,3,1
ORD02693,2023-06-02,C0147,P007,Jeans,Clothing,West,8,1424.05,5,11392.4,June,2023,6,2
ORD02694,2023-07-17,C0089,P002,Mobile Phone,Electronics,West,7,18000.0,0,126000.0,July,2023,7,3
ORD02695,2023-07-28,C0063,P006,T-Shirt,Clothing,East,1,799.0,0,799.0,July,2023,7,3
ORD02696,2023-07-17,C0070,P004,Desk Chair,Furniture,West,1,7200.0,10,7200.0,July,2023,7,3
ORD02697,2023-11-22,C0145,P008,Rice 5kg,Groceries,East,2,350.0,0,700.0,November,2023,11,4
ORD02698,2023-01-26,C0178,P004,Desk Chair,Furniture,East,6,8000.0,0,48000.0,January,2023,1,1
ORD02699,2023-02-26,C0042,P003,Headphones,Electronics,South,6,2500.0,0,15000.0,February,2023,2,1
ORD02700,2023-02-10,C0081,P007,Jeans,Clothing,East,5,1499.0,0,7495.0,February,2023,2,1
ORD02701,2023-11-10,C0101,P009,Cooking Oil,Groceries,East,10,200.0,0,2000.0,November,2023,11,4
ORD02702,2023-06-19,C0193,P007,Jeans,Clothing,East,4,1499.0,0,5996.0,June,2023,6,2
ORD02703,2023-12-30,C0066,P005,Study Table,Furniture,North,4,12000.0,0,48000.0,December,2023,12,4
ORD02704,2023-11-05,C0151,P002,Mobile Phone,Electronics,South,7,16200.0,10,113400.0,November,2023,11,4
ORD02705,2023-08-19,C0073,P005,Study Table,Furniture,South,5,10800.0,10,54000.0,August,2023,8,3
ORD02706,2023-09-27,C0195,P007,Jeans,Clothing,South,5,1499.0,0,7495.0,September,2023,9,3
ORD02707,2023-03-07,C0155,P006,T-Shirt,Clothing,West,9,759.05,5,6831.45,March,2023,3,1
ORD02708,2023-09-25,C0150,P010,Notebook,Stationery,East,9,51.0,15,459.0,September,2023,9,3
ORD02709,2023-03-08,C0016,P001,Laptop,Electronics,South,10,42750.0,5,427500.0,March,2023,3,1
ORD02710,2023-06-04,C0133,P001,Laptop,Electronics,East,8,45000.0,0,360000.0,June,2023,6,2
ORD02711,2023-08-30,C0150,P007,Jeans,Clothing,South,6,1499.0,0,8994.0,August,2023,8,3
ORD02712,2023-06-04,C0072,P004,Desk Chair,Furniture,West,1,8000.0,0,8000.0,June,2023,6,2
ORD02713,2023-11-09,C0058,P002,Mobile Phone,Electronics,North,3,15300.0,15,45900.0,November,2023,11,4
ORD02714,2023-02-28,C0053,P006,T-Shirt,Clothing,West,2,799.0,0,1598.0,February,2023,2,1
ORD02715,2023-11-01,C0101,P006,T-Shirt,Clothing,South,9,679.15,15,6112.35,November,2023,11,4
ORD02716,2023-08-09,C0021,P008,Rice 5kg,Groceries,South,1,315.0,10,315.0,August,2023,8,3
ORD02717,2023-04-07,C0067,P006,T-Shirt,Clothing,East,9,799.0,0,7191.0,April,2023,4,2
ORD02718,2023-10-09,C0095,P002,Mobile Phone,Electronics,North,4,16200.0,10,64800.0,October,2023,10,4
ORD02719,2023-03-22,C0172,P003,Headphones,Electronics,South,4,2375.0,5,9500.0,March,2023,3,1
ORD02720,2023-04-04,C0068,P005,Study Table,Furniture,West,8,12000.0,0,96000.0,April,2023,4,2
ORD02721,2023-08-19,C0183,P005,Study Table,Furniture,West,4,10200.0,15,40800.0,August,2023,8,3
ORD02722,2023-01-17,C0142,P007,Jeans,Clothing,East,9,1499.0,0,13491.0,January,2023,1,1
ORD02723,2023-10-26,C0013,P010,Notebook,Stationery,South,5,57.0,5,285.0,October,2023,10,4
ORD02724,2023-02-02,C0120,P008,Rice 5kg,Groceries,East,8,350.0,0,2800.0,February,2023,2,1
ORD02725,2023-03-21,C0059,P004,Desk Chair,Furniture,East,6,8000.0,0,48000.0,March,2023,3,1
ORD02726,2023-08-05,C0101,P009,Cooking Oil,Groceries,East,10,200.0,0,2000.0,August,2023,8,3
ORD02727,2023-03-10,C0134,P003,Headphones,Electronics,South,4,2500.0,0,10000.0,March,2023,3,1
ORD02728,2023-06-19,C0103,P003,Headphones,Electronics,North,1,2500.0,0,2500.0,June,2023,6,2
ORD02729,2023-04-12,C0065,P004,Desk Chair,Furniture,West,1,8000.0,0,8000.0,April,2023,4,2
ORD02730,2023-07-06,C0003,P002,Mobile Phone,Electronics,West,7,17100.0,5,119700.0,July,2023,7,3
ORD02731,2023-06-27,C0193,P008,Rice 5kg,Groceries,East,10,315.0,10,3150.0,June,2023,6,2
ORD02732,2023-07-09,C0054,P003,Headphones,Electronics,North,5,2125.0,15,10625.0,July,2023,7,3
ORD02733,2023-05-13,C0125,P004,Desk Chair,Furniture,South,10,7200.0,10,72000.0,May,2023,5,2
ORD02734,2023-10-04,C0076,P003,Headphones,Electronics,West,1,2500.0,0,2500.0,October,2023,10,4
ORD02735,2023-08-21,C0184,P010,Notebook,Stationery,South,1,60.0,0,60.0,August,2023,8,3
ORD02736,2023-07-11,C0015,P003,Headphones,Electronics,West,5,2500.0,0,12500.0,July,2023,7,3
ORD02737,2023-02-22,C0122,P005,Study Table,Furniture,West,9,11400.0,5,102600.0,February,2023,2,1
ORD02738,2023-04-04,C0068,P002,Mobile Phone,Electronics,North,10,16200.0,10,162000.0,April,2023,4,2
ORD02739,2023-03-20,C0174,P004,Desk Chair,Furniture,West,9,7600.0,5,68400.0,March,2023,3,1
ORD02740,2023-06-12,C0154,P002,Mobile Phone,Electronics,North,3,18000.0,0,54000.0,June,2023,6,2
ORD02741,2023-10-01,C0073,P006,T-Shirt,Clothing,East,7,759.05,5,5313.35,October,2023,10,4
ORD02742,2023-05-08,C0161,P003,Headphones,Electronics,South,4,2375.0,5,9500.0,May,2023,5,2
ORD02743,2023-03-08,C0022,P002,Mobile Phone,Electronics,North,3,18000.0,0,54000.0,March,2023,3,1
ORD02744,2023-05-01,C0179,P008,Rice 5kg,Groceries,East,9,350.0,0,3150.0,May,2023,5,2
ORD02745,2023-02-07,C0117,P010,Notebook,Stationery,North,1,51.0,15,51.0,February,2023,2,1
ORD02746,2023-03-19,C0091,P001,Laptop,Electronics,North,4,40500.0,10,162000.0,March,2023,3,1
ORD02747,2023-11-03,C0082,P005,Study Table,Furniture,North,6,12000.0,0,72000.0,November,2023,11,4
ORD02748,2023-05-11,C0064,P003,Headphones,Electronics,South,8,2375.0,5,19000.0,May,2023,5,2
ORD02749,2023-03-18,C0037,P001,Laptop,Electronics,North,6,45000.0,0,270000.0,March,2023,3,1
ORD02750,2023-11-27,C0098,P006,T-Shirt,Clothing,South,5,719.1,10,3595.5,November,2023,11,4
ORD02751,2023-04-14,C0075,P001,Laptop,Electronics,East,9,45000.0,0,405000.0,April,2023,4,2
ORD02753,2023-11-11,C0175,P003,Headphones,Electronics,West,1,2500.0,0,2500.0,November,2023,11,4
ORD02754,2023-04-08,C0175,P002,Mobile Phone,Electronics,West,10,18000.0,0,180000.0,April,2023,4,2
ORD02755,2023-11-21,C0169,P003,Headphones,Electronics,South,7,2375.0,5,16625.0,November,2023,11,4
ORD02756,2023-05-18,C0048,P006,T-Shirt,Clothing,West,7,799.0,0,5593.0,May,2023,5,2
ORD02757,2023-10-18,C0040,P003,Headphones,Electronics,North,3,2500.0,0,7500.0,October,2023,10,4
ORD02759,2023-05-27,C0030,P003,Headphones,Electronics,North,3,2250.0,10,6750.0,May,2023,5,2
ORD02760,2023-03-19,C0152,P007,Jeans,Clothing,East,4,1499.0,0,5996.0,March,2023,3,1
ORD02761,2023-08-12,C0063,P010,Notebook,Stationery,West,7,60.0,0,420.0,August,2023,8,3
ORD02762,2023-06-01,C0171,P007,Jeans,Clothing,South,3,1349.1,10,4047.3,June,2023,6,2
ORD02763,2023-09-21,C0007,P006,T-Shirt,Clothing,East,5,719.1,10,3595.5,September,2023,9,3
ORD02764,2023-10-03,C0195,P002,Mobile Phone,Electronics,North,4,15300.0,15,61200.0,October,2023,10,4
ORD02765,2023-11-25,C0022,P004,Desk Chair,Furniture,South,3,8000.0,0,24000.0,November,2023,11,4
ORD02766,2023-06-01,C0131,P003,Headphones,Electronics,North,2,2500.0,0,5000.0,June,2023,6,2
ORD02767,2023-10-02,C0128,P007,Jeans,Clothing,West,9,1424.05,5,12816.45,October,2023,10,4
ORD02768,2023-06-17,C0068,P010,Notebook,Stationery,North,2,54.0,10,108.0,June,2023,6,2
ORD02769,2023-07-18,C0046,P003,Headphones,Electronics,West,1,2500.0,0,2500.0,July,2023,7,3
ORD02770,2023-06-17,C0199,P004,Desk Chair,Furniture,West,6,7200.0,10,43200.0,June,2023,6,2
ORD02771,2023-03-02,C0153,P007,Jeans,Clothing,West,5,1274.15,15,6370.75,March,2023,3,1
ORD02772,2023-03-14,C0184,P003,Headphones,Electronics,West,2,2250.0,10,4500.0,March,2023,3,1
ORD02773,2023-06-06,C0177,P004,Desk Chair,Furniture,North,3,8000.0,0,24000.0,June,2023,6,2
ORD02774,2023-02-27,C0073,P005,Study Table,Furniture,West,9,12000.0,0,108000.0,February,2023,2,1
ORD02775,2023-08-30,C0158,P010,Notebook,Stationery,West,2,60.0,0,120.0,August,2023,8,3
ORD02776,2023-11-10,C0072,P010,Notebook,Stationery,North,10,54.0,10,540.0,November,2023,11,4
ORD02777,2023-10-09,C0006,P004,Desk Chair,Furniture,North,2,6800.0,15,13600.0,October,2023,10,4
ORD02778,2023-12-19,C0191,P007,Jeans,Clothing,South,1,1274.15,15,1274.15,December,2023,12,4
ORD02779,2023-03-24,C0139,P006,T-Shirt,Clothing,East,4,679.15,15,2716.6,March,2023,3,1
ORD02780,2023-11-20,C0012,P002,Mobile Phone,Electronics,East,1,18000.0,0,18000.0,November,2023,11,4
ORD02781,2023-12-30,C0001,P009,Cooking Oil,Groceries,East,4,180.0,10,720.0,December,2023,12,4
ORD02782,2023-12-04,C0200,P007,Jeans,Clothing,North,10,1499.0,0,14990.0,December,2023,12,4
ORD02783,2023-08-12,C0063,P007,Jeans,Clothing,South,3,1424.05,5,4272.15,August,2023,8,3
ORD02784,2023-07-17,C0173,P004,Desk Chair,Furniture,South,9,7200.0,10,64800.0,July,2023,7,3
ORD02785,2023-11-22,C0030,P002,Mobile Phone,Electronics,West,9,18000.0,0,162000.0,November,2023,11,4
ORD02787,2023-04-13,C0058,P003,Headphones,Electronics,South,9,2500.0,0,22500.0,April,2023,4,2
ORD02788,2023-04-06,C0119,P009,Cooking Oil,Groceries,North,4,200.0,0,800.0,April,2023,4,2
ORD02789,2023-09-10,C0099,P001,Laptop,Electronics,North,7,42750.0,5,299250.0,September,2023,9,3
ORD02790,2023-01-04,C0163,P006,T-Shirt,Clothing,North,10,799.0,0,7990.0,January,2023,1,1
ORD02791,2023-03-07,C0120,P004,Desk Chair,Furniture,West,2,7200.0,10,14400.0,March,2023,3,1
ORD02792,2023-10-31,C0108,P009,Cooking Oil,Groceries,South,2,200.0,0,400.0,October,2023,10,4
ORD02793,2023-12-12,C0005,P008,Rice 5kg,Groceries,South,3,297.5,15,892.5,December,2023,12,4
ORD02794,2023-03-29,C0157,P007,Jeans,Clothing,East,9,1424.05,5,12816.45,March,2023,3,1
ORD02795,2023-06-07,C0158,P006,T-Shirt,Clothing,South,8,799.0,0,6392.0,June,2023,6,2
ORD02796,2023-11-22,C0003,P005,Study Table,Furniture,West,7,10200.0,15,71400.0,November,2023,11,4
ORD02797,2023-08-16,C0069,P010,Notebook,Stationery,West,10,60.0,0,600.0,August,2023,8,3
ORD02798,2023-02-02,C0196,P007,Jeans,Clothing,West,10,1499.0,0,14990.0,February,2023,2,1
ORD02799,2023-10-11,C0153,P001,Laptop,Electronics,West,9,45000.0,0,405000.0,October,2023,10,4
ORD02800,2023-12-18,C0159,P005,Study Table,Furniture,East,9,12000.0,0,108000.0,December,2023,12,4
ORD02801,2023-09-16,C0078,P009,Cooking Oil,Groceries,North,4,180.0,10,720.0,September,2023,9,3
ORD02802,2023-06-25,C0053,P008,Rice 5kg,Groceries,West,9,297.5,15,2677.5,June,2023,6,2
ORD02803,2023-05-30,C0199,P009,Cooking Oil,Groceries,North,2,190.0,5,380.0,May,2023,5,2
ORD02804,2023-11-24,C0132,P010,Notebook,Stationery,West,3,51.0,15,153.0,November,2023,11,4
ORD02805,2023-03-25,C0103,P003,Headphones,Electronics,South,2,2500.0,0,5000.0,March,2023,3,1
ORD02806,2023-11-05,C0016,P007,Jeans,Clothing,North,5,1349.1,10,6745.5,November,2023,11,4
ORD02808,2023-12-07,C0011,P010,Notebook,Stationery,East,9,60.0,0,540.0,December,2023,12,4
ORD02809,2023-11-13,C0153,P009,Cooking Oil,Groceries,West,9,200.0,0,1800.0,November,2023,11,4
ORD02810,2023-08-01,C0061,P002,Mobile Phone,Electronics,North,9,18000.0,0,162000.0,August,2023,8,3
ORD02811,2023-01-01,C0055,P006,T-Shirt,Clothing,North,1,799.0,0,799.0,January,2023,1,1
ORD02813,2023-02-19,C0143,P006,T-Shirt,Clothing,East,7,799.0,0,5593.0,February,2023,2,1
ORD02814,2023-05-31,C0111,P008,Rice 5kg,Groceries,West,9,297.5,15,2677.5,May,2023,5,2
ORD02815,2023-03-02,C0136,P008,Rice 5kg,Groceries,West,1,297.5,15,297.5,March,2023,3,1
ORD02816,2023-11-20,C0193,P001,Laptop,Electronics,South,1,45000.0,0,45000.0,November,2023,11,4
ORD02817,2023-05-19,C0076,P002,Mobile Phone,Electronics,East,1,18000.0,0,18000.0,May,2023,5,2
ORD02818,2023-07-21,C0124,P010,Notebook,Stationery,East,10,60.0,0,600.0,July,2023,7,3
ORD02819,2023-03-26,C0078,P009,Cooking Oil,Groceries,North,7,200.0,0,1400.0,March,2023,3,1
ORD02820,2023-06-26,C0157,P003,Headphones,Electronics,West,2,2500.0,0,5000.0,June,2023,6,2
ORD02821,2023-04-03,C0032,P007,Jeans,Clothing,North,3,1499.0,0,4497.0,April,2023,4,2
ORD02822,2023-05-13,C0128,P005,Study Table,Furniture,East,8,12000.0,0,96000.0,May,2023,5,2
ORD02823,2023-06-16,C0096,P009,Cooking Oil,Groceries,South,5,170.0,15,850.0,June,2023,6,2
ORD02824,2023-04-26,C0081,P002,Mobile Phone,Electronics,North,4,16200.0,10,64800.0,April,2023,4,2
ORD02825,2023-06-28,C0056,P003,Headphones,Electronics,North,5,2500.0,0,12500.0,June,2023,6,2
ORD02826,2023-05-08,C0101,P010,Notebook,Stationery,South,1,60.0,0,60.0,May,2023,5,2
ORD02827,2023-11-24,C0037,P002,Mobile Phone,Electronics,West,8,18000.0,0,144000.0,November,2023,11,4
ORD02828,2023-10-07,C0188,P005,Study Table,Furniture,South,9,10200.0,15,91800.0,October,2023,10,4
ORD02829,2023-03-29,C0047,P006,T-Shirt,Clothing,East,9,799.0,0,7191.0,March,2023,3,1
ORD02830,2023-07-27,C0030,P003,Headphones,Electronics,East,6,2500.0,0,15000.0,July,2023,7,3
ORD02831,2023-06-22,C0014,P008,Rice 5kg,Groceries,North,2,350.0,0,700.0,June,2023,6,2
ORD02832,2023-06-07,C0069,P005,Study Table,Furniture,West,8,11400.0,5,91200.0,June,2023,6,2
ORD02833,2023-06-02,C0113,P004,Desk Chair,Furniture,East,6,8000.0,0,48000.0,June,2023,6,2
ORD02834,2023-10-25,C0077,P008,Rice 5kg,Groceries,West,2,350.0,0,700.0,October,2023,10,4
ORD02835,2023-06-20,C0060,P010,Notebook,Stationery,West,4,60.0,0,240.0,June,2023,6,2
ORD02836,2023-04-22,C0108,P004,Desk Chair,Furniture,North,2,7200.0,10,14400.0,April,2023,4,2
ORD02837,2023-09-24,C0154,P004,Desk Chair,Furniture,South,4,6800.0,15,27200.0,September,2023,9,3
ORD02838,2023-03-31,C0143,P008,Rice 5kg,Groceries,North,9,315.0,10,2835.0,March,2023,3,1
ORD02839,2023-01-05,C0074,P009,Cooking Oil,Groceries,West,8,200.0,0,1600.0,January,2023,1,1
ORD02840,2023-08-16,C0178,P006,T-Shirt,Clothing,East,3,799.0,0,2397.0,August,2023,8,3
ORD02841,2023-04-26,C0124,P004,Desk Chair,Furniture,North,6,6800.0,15,40800.0,April,2023,4,2
ORD02842,2023-12-18,C0123,P002,Mobile Phone,Electronics,South,6,17100.0,5,102600.0,December,2023,12,4
ORD02843,2023-09-03,C0114,P008,Rice 5kg,Groceries,West,2,297.5,15,595.0,September,2023,9,3
ORD02844,2023-06-08,C0058,P007,Jeans,Clothing,South,10,1499.0,0,14990.0,June,2023,6,2
ORD02845,2023-07-12,C0162,P010,Notebook,Stationery,West,10,60.0,0,600.0,July,2023,7,3
ORD02846,2023-10-22,C0150,P001,Laptop,Electronics,North,10,40500.0,10,405000.0,October,2023,10,4
ORD02847,2023-06-24,C0123,P009,Cooking Oil,Groceries,South,10,180.0,10,1800.0,June,2023,6,2
ORD02848,2023-02-18,C0181,P004,Desk Chair,Furniture,North,6,8000.0,0,48000.0,February,2023,2,1
ORD02849,2023-03-29,C0167,P009,Cooking Oil,Groceries,East,5,200.0,0,1000.0,March,2023,3,1
ORD02850,2023-11-14,C0193,P009,Cooking Oil,Groceries,West,9,200.0,0,1800.0,November,2023,11,4
ORD02851,2023-06-18,C0163,P009,Cooking Oil,Groceries,East,6,190.0,5,1140.0,June,2023,6,2
ORD02852,2023-01-27,C0046,P009,Cooking Oil,Groceries,South,2,180.0,10,360.0,January,2023,1,1
ORD02853,2023-12-05,C0170,P008,Rice 5kg,Groceries,North,9,315.0,10,2835.0,December,2023,12,4
ORD02854,2023-11-08,C0116,P009,Cooking Oil,Groceries,North,4,170.0,15,680.0,November,2023,11,4
ORD02855,2023-05-15,C0085,P010,Notebook,Stationery,North,9,60.0,0,540.0,May,2023,5,2
ORD02856,2023-03-23,C0134,P004,Desk Chair,Furniture,West,7,7600.0,5,53200.0,March,2023,3,1
ORD02857,2023-01-16,C0054,P003,Headphones,Electronics,East,4,2125.0,15,8500.0,January,2023,1,1
ORD02858,2023-05-06,C0157,P002,Mobile Phone,Electronics,West,2,16200.0,10,32400.0,May,2023,5,2
ORD02859,2023-01-12,C0189,P006,T-Shirt,Clothing,South,10,799.0,0,7990.0,January,2023,1,1
ORD02860,2023-06-11,C0038,P010,Notebook,Stationery,West,1,60.0,0,60.0,June,2023,6,2
ORD02861,2023-11-18,C0169,P004,Desk Chair,Furniture,East,6,8000.0,0,48000.0,November,2023,11,4
ORD02862,2023-01-07,C0197,P001,Laptop,Electronics,East,8,38250.0,15,306000.0,January,2023,1,1
ORD02864,2023-08-31,C0079,P009,Cooking Oil,Groceries,South,3,180.0,10,540.0,August,2023,8,3
ORD02865,2023-08-07,C0011,P002,Mobile Phone,Electronics,North,4,15300.0,15,61200.0,August,2023,8,3
ORD02866,2023-03-04,C0011,P009,Cooking Oil,Groceries,East,2,180.0,10,360.0,March,2023,3,1
ORD02867,2023-08-25,C0053,P005,Study Table,Furniture,West,4,10200.0,15,40800.0,August,2023,8,3
ORD02868,2023-07-14,C0194,P009,Cooking Oil,Groceries,West,8,200.0,0,1600.0,July,2023,7,3
ORD02869,2023-11-03,C0103,P004,Desk Chair,Furniture,South,6,7200.0,10,43200.0,November,2023,11,4
ORD02870,2023-01-04,C0161,P010,Notebook,Stationery,East,1,51.0,15,51.0,January,2023,1,1
ORD02871,2023-11-21,C0075,P007,Jeans,Clothing,West,2,1499.0,0,2998.0,November,2023,11,4
ORD02872,2023-05-03,C0150,P006,T-Shirt,Clothing,West,7,759.05,5,5313.35,May,2023,5,2
ORD02873,2023-05-29,C0064,P002,Mobile Phone,Electronics,West,2,17100.0,5,34200.0,May,2023,5,2
ORD02874,2023-08-30,C0125,P003,Headphones,Electronics,South,9,2500.0,0,22500.0,August,2023,8,3
ORD02876,2023-02-12,C0097,P005,Study Table,Furniture,East,3,10800.0,10,32400.0,February,2023,2,1
ORD02877,2023-02-23,C0160,P007,Jeans,Clothing,West,2,1499.0,0,2998.0,February,2023,2,1
ORD02878,2023-11-22,C0077,P004,Desk Chair,Furniture,West,6,7200.0,10,43200.0,November,2023,11,4
ORD02879,2023-04-07,C0172,P006,T-Shirt,Clothing,North,2,799.0,0,1598.0,April,2023,4,2
ORD02880,2023-09-07,C0108,P001,Laptop,Electronics,South,5,45000.0,0,225000.0,September,2023,9,3
ORD02881,2023-11-21,C0067,P009,Cooking Oil,Groceries,East,2,200.0,0,400.0,November,2023,11,4
ORD02882,2023-06-12,C0055,P010,Notebook,Stationery,North,4,54.0,10,216.0,June,2023,6,2
ORD02883,2023-07-25,C0067,P001,Laptop,Electronics,North,7,42750.0,5,299250.0,July,2023,7,3
ORD02884,2023-09-18,C0117,P009,Cooking Oil,Groceries,East,5,180.0,10,900.0,September,2023,9,3
ORD02885,2023-05-02,C0197,P006,T-Shirt,Clothing,East,2,679.15,15,1358.3,May,2023,5,2
ORD02887,2023-02-24,C0194,P009,Cooking Oil,Groceries,West,9,200.0,0,1800.0,February,2023,2,1
ORD02888,2023-04-17,C0152,P001,Laptop,Electronics,North,4,45000.0,0,180000.0,April,2023,4,2
ORD02889,2023-07-03,C0132,P008,Rice 5kg,Groceries,South,8,297.5,15,2380.0,July,2023,7,3
ORD02890,2023-01-08,C0065,P005,Study Table,Furniture,North,8,11400.0,5,91200.0,January,2023,1,1
ORD02891,2023-06-28,C0050,P001,Laptop,Electronics,West,10,45000.0,0,450000.0,June,2023,6,2
ORD02892,2023-06-28,C0068,P003,Headphones,Electronics,South,7,2500.0,0,17500.0,June,2023,6,2
ORD02893,2023-02-13,C0157,P002,Mobile Phone,Electronics,North,3,18000.0,0,54000.0,February,2023,2,1
ORD02894,2023-05-18,C0195,P008,Rice 5kg,Groceries,East,3,350.0,0,1050.0,May,2023,5,2
ORD02895,2023-05-20,C0026,P008,Rice 5kg,Groceries,South,10,297.5,15,2975.0,May,2023,5,2
ORD02896,2023-02-08,C0016,P004,Desk Chair,Furniture,West,9,6800.0,15,61200.0,February,2023,2,1
ORD02897,2023-10-06,C0120,P003,Headphones,Electronics,North,3,2500.0,0,7500.0,October,2023,10,4
ORD02898,2023-07-19,C0066,P008,Rice 5kg,Groceries,West,3,297.5,15,892.5,July,2023,7,3
ORD02900,2023-02-21,C0028,P004,Desk Chair,Furniture,North,3,7600.0,5,22800.0,February,2023,2,1
ORD02901,2023-12-19,C0098,P009,Cooking Oil,Groceries,South,7,200.0,0,1400.0,December,2023,12,4
ORD02902,2023-12-22,C0168,P009,Cooking Oil,Groceries,South,7,190.0,5,1330.0,December,2023,12,4
ORD02903,2023-06-21,C0200,P001,Laptop,Electronics,South,1,40500.0,10,40500.0,June,2023,6,2
ORD02904,2023-07-04,C0051,P003,Headphones,Electronics,West,2,2250.0,10,4500.0,July,2023,7,3
ORD02905,2023-09-01,C0155,P001,Laptop,Electronics,East,6,42750.0,5,256500.0,September,2023,9,3
ORD02906,2023-10-16,C0004,P004,Desk Chair,Furniture,North,3,8000.0,0,24000.0,October,2023,10,4
ORD02907,2023-01-18,C0168,P008,Rice 5kg,Groceries,West,2,350.0,0,700.0,January,2023,1,1
ORD02908,2023-10-17,C0011,P004,Desk Chair,Furniture,West,9,7600.0,5,68400.0,October,2023,10,4
ORD02909,2023-03-03,C0007,P008,Rice 5kg,Groceries,East,3,350.0,0,1050.0,March,2023,3,1
ORD02910,2023-09-11,C0029,P005,Study Table,Furniture,South,7,12000.0,0,84000.0,September,2023,9,3
ORD02911,2023-08-21,C0066,P002,Mobile Phone,Electronics,East,8,18000.0,0,144000.0,August,2023,8,3
ORD02912,2023-05-31,C0034,P003,Headphones,Electronics,South,4,2500.0,0,10000.0,May,2023,5,2
ORD02913,2023-06-25,C0047,P007,Jeans,Clothing,South,1,1499.0,0,1499.0,June,2023,6,2
ORD02914,2023-12-07,C0187,P002,Mobile Phone,Electronics,North,3,15300.0,15,45900.0,December,2023,12,4
ORD02915,2023-07-12,C0158,P008,Rice 5kg,Groceries,North,8,350.0,0,2800.0,July,2023,7,3
ORD02916,2023-04-26,C0034,P006,T-Shirt,Clothing,West,6,799.0,0,4794.0,April,2023,4,2
ORD02917,2023-10-13,C0007,P010,Notebook,Stationery,South,5,51.0,15,255.0,October,2023,10,4
ORD02918,2023-06-29,C0029,P006,T-Shirt,Clothing,West,10,719.1,10,7191.0,June,2023,6,2
ORD02919,2023-10-02,C0149,P010,Notebook,Stationery,North,2,60.0,0,120.0,October,2023,10,4
ORD02920,2023-11-07,C0138,P007,Jeans,Clothing,West,5,1274.15,15,6370.75,November,2023,11,4
ORD02921,2023-04-20,C0119,P009,Cooking Oil,Groceries,West,7,200.0,0,1400.0,April,2023,4,2
ORD02923,2023-10-17,C0029,P008,Rice 5kg,Groceries,North,9,350.0,0,3150.0,October,2023,10,4
ORD02924,2023-08-12,C0077,P010,Notebook,Stationery,North,3,60.0,0,180.0,August,2023,8,3
ORD02925,2023-11-08,C0187,P009,Cooking Oil,Groceries,South,4,190.0,5,760.0,November,2023,11,4
ORD02926,2023-05-18,C0131,P004,Desk Chair,Furniture,West,5,7200.0,10,36000.0,May,2023,5,2
ORD02927,2023-03-02,C0058,P001,Laptop,Electronics,West,9,45000.0,0,405000.0,March,2023,3,1
ORD02928,2023-02-03,C0043,P003,Headphones,Electronics,South,1,2500.0,0,2500.0,February,2023,2,1
ORD02929,2023-06-18,C0001,P003,Headphones,Electronics,South,1,2500.0,0,2500.0,June,2023,6,2
ORD02930,2023-09-23,C0097,P001,Laptop,Electronics,South,1,40500.0,10,40500.0,September,2023,9,3
ORD02932,2023-05-10,C0031,P010,Notebook,Stationery,West,2,60.0,0,120.0,May,2023,5,2
ORD02933,2023-11-18,C0039,P002,Mobile Phone,Electronics,South,7,16200.0,10,113400.0,November,2023,11,4
ORD02934,2023-09-30,C0198,P008,Rice 5kg,Groceries,West,10,297.5,15,2975.0,September,2023,9,3
ORD02935,2023-06-22,C0077,P007,Jeans,Clothing,North,1,1349.1,10,1349.1,June,2023,6,2
ORD02936,2023-05-13,C0100,P009,Cooking Oil,Groceries,South,7,190.0,5,1330.0,May,2023,5,2
ORD02937,2023-05-22,C0176,P010,Notebook,Stationery,South,10,54.0,10,540.0,May,2023,5,2
ORD02938,2023-02-12,C0025,P002,Mobile Phone,Electronics,North,4,17100.0,5,68400.0,February,2023,2,1
ORD02939,2023-05-13,C0085,P009,Cooking Oil,Groceries,South,6,170.0,15,1020.0,May,2023,5,2
ORD02940,2023-04-07,C0163,P005,Study Table,Furniture,East,3,12000.0,0,36000.0,April,2023,4,2
ORD02941,2023-06-15,C0196,P002,Mobile Phone,Electronics,South,6,18000.0,0,108000.0,June,2023,6,2
ORD02942,2023-10-22,C0156,P008,Rice 5kg,Groceries,East,6,332.5,5,1995.0,October,2023,10,4
ORD02943,2023-08-15,C0038,P005,Study Table,Furniture,North,7,11400.0,5,79800.0,August,2023,8,3
ORD02944,2023-12-28,C0198,P005,Study Table,Furniture,North,1,12000.0,0,12000.0,December,2023,12,4
ORD02945,2023-08-17,C0153,P003,Headphones,Electronics,East,4,2250.0,10,9000.0,August,2023,8,3
ORD02946,2023-09-29,C0089,P007,Jeans,Clothing,North,3,1499.0,0,4497.0,September,2023,9,3
ORD02947,2023-07-03,C0164,P003,Headphones,Electronics,South,8,2500.0,0,20000.0,July,2023,7,3
ORD02948,2023-01-09,C0003,P004,Desk Chair,Furniture,East,6,7600.0,5,45600.0,January,2023,1,1
ORD02949,2023-12-26,C0085,P009,Cooking Oil,Groceries,North,3,180.0,10,540.0,December,2023,12,4
ORD02950,2023-06-17,C0089,P002,Mobile Phone,Electronics,North,3,15300.0,15,45900.0,June,2023,6,2
ORD02951,2023-02-01,C0119,P007,Jeans,Clothing,South,2,1499.0,0,2998.0,February,2023,2,1
ORD02952,2023-02-13,C0033,P007,Jeans,Clothing,South,1,1499.0,0,1499.0,February,2023,2,1
ORD02953,2023-03-31,C0052,P001,Laptop,Electronics,South,2,38250.0,15,76500.0,March,2023,3,1
ORD02954,2023-02-15,C0033,P007,Jeans,Clothing,North,2,1499.0,0,2998.0,February,2023,2,1
ORD02955,2023-09-12,C0189,P009,Cooking Oil,Groceries,West,6,200.0,0,1200.0,September,2023,9,3
ORD02956,2023-01-24,C0079,P005,Study Table,Furniture,South,5,11400.0,5,57000.0,January,2023,1,1
ORD02957,2023-06-03,C0099,P007,Jeans,Clothing,North,4,1274.15,15,5096.6,June,2023,6,2
ORD02958,2023-09-13,C0185,P004,Desk Chair,Furniture,South,1,8000.0,0,8000.0,September,2023,9,3
ORD02959,2023-06-29,C0143,P003,Headphones,Electronics,West,5,2500.0,0,12500.0,June,2023,6,2
ORD02960,2023-06-12,C0194,P009,Cooking Oil,Groceries,North,3,200.0,0,600.0,June,2023,6,2
ORD02961,2023-08-20,C0001,P008,Rice 5kg,Groceries,West,3,332.5,5,997.5,August,2023,8,3
ORD02962,2023-07-24,C0040,P007,Jeans,Clothing,South,6,1274.15,15,7644.9,July,2023,7,3
ORD02963,2023-10-07,C0114,P010,Notebook,Stationery,East,8,57.0,5,456.0,October,2023,10,4
ORD02964,2023-03-23,C0149,P008,Rice 5kg,Groceries,North,2,297.5,15,595.0,March,2023,3,1
ORD02965,2023-09-19,C0078,P001,Laptop,Electronics,West,7,45000.0,0,315000.0,September,2023,9,3
ORD02966,2023-05-20,C0054,P003,Headphones,Electronics,East,4,2500.0,0,10000.0,May,2023,5,2
ORD02967,2023-02-26,C0039,P007,Jeans,Clothing,North,9,1499.0,0,13491.0,February,2023,2,1
ORD02968,2023-07-02,C0042,P005,Study Table,Furniture,East,10,10200.0,15,102000.0,July,2023,7,3
ORD02969,2023-12-20,C0071,P001,Laptop,Electronics,East,7,38250.0,15,267750.0,December,2023,12,4
ORD02970,2023-12-30,C0157,P002,Mobile Phone,Electronics,West,2,15300.0,15,30600.0,December,2023,12,4
ORD02971,2023-08-26,C0064,P002,Mobile Phone,Electronics,North,9,18000.0,0,162000.0,August,2023,8,3
ORD02972,2023-12-13,C0151,P005,Study Table,Furniture,East,4,12000.0,0,48000.0,December,2023,12,4
ORD02973,2023-09-22,C0071,P003,Headphones,Electronics,West,2,2250.0,10,4500.0,September,2023,9,3
ORD02974,2023-06-27,C0026,P007,Jeans,Clothing,North,5,1499.0,0,7495.0,June,2023,6,2
ORD02975,2023-04-11,C0169,P003,Headphones,Electronics,East,6,2500.0,0,15000.0,April,2023,4,2
ORD02976,2023-12-29,C0103,P004,Desk Chair,Furniture,North,1,8000.0,0,8000.0,December,2023,12,4
ORD02977,2023-05-03,C0128,P009,Cooking Oil,Groceries,South,7,200.0,0,1400.0,May,2023,5,2
ORD02978,2023-01-30,C0052,P009,Cooking Oil,Groceries,South,7,200.0,0,1400.0,January,2023,1,1
ORD02979,2023-10-09,C0152,P002,Mobile Phone,Electronics,North,10,17100.0,5,171000.0,October,2023,10,4
ORD02980,2023-06-02,C0122,P001,Laptop,Electronics,North,1,45000.0,0,45000.0,June,2023,6,2
ORD02981,2023-08-27,C0196,P008,Rice 5kg,Groceries,West,2,315.0,10,630.0,August,2023,8,3
ORD02982,2023-12-17,C0184,P007,Jeans,Clothing,North,3,1499.0,0,4497.0,December,2023,12,4
ORD02983,2023-08-27,C0135,P010,Notebook,Stationery,East,5,51.0,15,255.0,August,2023,8,3
ORD02984,2023-08-13,C0088,P002,Mobile Phone,Electronics,South,2,18000.0,0,36000.0,August,2023,8,3
ORD02985,2023-03-27,C0143,P002,Mobile Phone,Electronics,West,1,17100.0,5,17100.0,March,2023,3,1
ORD02986,2023-01-29,C0184,P003,Headphones,Electronics,South,8,2250.0,10,18000.0,January,2023,1,1
ORD02987,2023-10-10,C0177,P002,Mobile Phone,Electronics,North,7,18000.0,0,126000.0,October,2023,10,4
ORD02988,2023-12-13,C0153,P003,Headphones,Electronics,West,3,2500.0,0,7500.0,December,2023,12,4
ORD02989,2023-09-06,C0087,P002,Mobile Phone,Electronics,South,9,18000.0,0,162000.0,September,2023,9,3
ORD02990,2023-04-04,C0074,P009,Cooking Oil,Groceries,North,2,200.0,0,400.0,April,2023,4,2
ORD02991,2023-09-14,C0009,P006,T-Shirt,Clothing,North,6,759.05,5,4554.3,September,2023,9,3
ORD02992,2023-04-20,C0102,P005,Study Table,Furniture,South,4,12000.0,0,48000.0,April,2023,4,2
ORD02993,2023-07-16,C0155,P007,Jeans,Clothing,West,10,1499.0,0,14990.0,July,2023,7,3
ORD02994,2023-08-30,C0006,P005,Study Table,Furniture,West,7,10200.0,15,71400.0,August,2023,8,3
ORD02995,2023-11-14,C0177,P006,T-Shirt,Clothing,North,2,759.05,5,1518.1,November,2023,11,4
ORD02996,2023-06-14,C0015,P006,T-Shirt,Clothing,North,3,799.0,0,2397.0,June,2023,6,2
ORD02997,2023-01-03,C0123,P003,Headphones,Electronics,North,7,2500.0,0,17500.0,January,2023,1,1
ORD02998,2023-05-25,C0055,P009,Cooking Oil,Groceries,North,5,200.0,0,1000.0,May,2023,5,2
ORD02999,2023-10-05,C0075,P010,Notebook,Stationery,North,3,60.0,0,180.0,October,2023,10,4
ORD03000,2023-02-08,C0004,P002,Mobile Phone,Electronics,East,7,16200.0,10,113400.0,February,2023,2,1
ORD03001,2023-07-13,C0122,P002,Mobile Phone,Electronics,East,6,18000.0,0,108000.0,July,2023,7,3
ORD03002,2023-05-06,C0060,P007,Jeans,Clothing,East,5,1424.05,5,7120.25,May,2023,5,2
ORD03003,2023-01-09,C0031,P002,Mobile Phone,Electronics,East,1,18000.0,0,18000.0,January,2023,1,1
ORD03004,2023-10-27,C0109,P003,Headphones,Electronics,North,8,2250.0,10,18000.0,October,2023,10,4
ORD03005,2023-02-26,C0036,P006,T-Shirt,Clothing,North,6,679.15,15,4074.9,February,2023,2,1
ORD03006,2023-04-30,C0152,P006,T-Shirt,Clothing,East,2,799.0,0,1598.0,April,2023,4,2
ORD03007,2023-05-13,C0040,P002,Mobile Phone,Electronics,West,6,18000.0,0,108000.0,May,2023,5,2
ORD03009,2023-07-09,C0198,P005,Study Table,Furniture,East,7,10200.0,15,71400.0,July,2023,7,3
ORD03011,2023-07-05,C0099,P009,Cooking Oil,Groceries,East,8,200.0,0,1600.0,July,2023,7,3
ORD03012,2023-02-01,C0056,P004,Desk Chair,Furniture,North,8,6800.0,15,54400.0,February,2023,2,1
ORD03013,2023-04-06,C0114,P004,Desk Chair,Furniture,East,9,8000.0,0,72000.0,April,2023,4,2
ORD03014,2023-08-24,C0172,P009,Cooking Oil,Groceries,South,6,170.0,15,1020.0,August,2023,8,3
ORD03015,2023-07-21,C0176,P003,Headphones,Electronics,West,6,2500.0,0,15000.0,July,2023,7,3
ORD03016,2023-06-03,C0012,P003,Headphones,Electronics,West,9,2250.0,10,20250.0,June,2023,6,2
ORD03017,2023-07-13,C0175,P001,Laptop,Electronics,South,8,38250.0,15,306000.0,July,2023,7,3
ORD03018,2023-10-08,C0103,P004,Desk Chair,Furniture,West,6,8000.0,0,48000.0,October,2023,10,4
ORD03019,2023-09-28,C0111,P010,Notebook,Stationery,West,3,60.0,0,180.0,September,2023,9,3
ORD03020,2023-09-25,C0101,P001,Laptop,Electronics,South,5,40500.0,10,202500.0,September,2023,9,3
ORD03021,2023-01-04,C0089,P006,T-Shirt,Clothing,North,4,799.0,0,3196.0,January,2023,1,1
ORD03022,2023-04-13,C0148,P010,Notebook,Stationery,West,3,57.0,5,171.0,April,2023,4,2
ORD03023,2023-08-08,C0066,P006,T-Shirt,Clothing,North,10,759.05,5,7590.5,August,2023,8,3
ORD03024,2023-01-30,C0189,P006,T-Shirt,Clothing,West,7,759.05,5,5313.35,January,2023,1,1
ORD03025,2023-05-11,C0041,P008,Rice 5kg,Groceries,West,6,350.0,0,2100.0,May,2023,5,2
ORD03026,2023-05-13,C0038,P001,Laptop,Electronics,South,4,40500.0,10,162000.0,May,2023,5,2
ORD03027,2023-04-16,C0047,P003,Headphones,Electronics,North,8,2125.0,15,17000.0,April,2023,4,2
ORD03028,2023-02-24,C0195,P003,Headphones,Electronics,North,8,2500.0,0,20000.0,February,2023,2,1
ORD03029,2023-03-03,C0126,P008,Rice 5kg,Groceries,North,7,315.0,10,2205.0,March,2023,3,1
ORD03030,2023-10-06,C0096,P005,Study Table,Furniture,North,3,10800.0,10,32400.0,October,2023,10,4
ORD03031,2023-04-30,C0009,P007,Jeans,Clothing,East,10,1349.1,10,13491.0,April,2023,4,2
ORD03032,2023-04-17,C0150,P007,Jeans,Clothing,South,10,1499.0,0,14990.0,April,2023,4,2
ORD03033,2023-01-08,C0025,P007,Jeans,Clothing,East,10,1349.1,10,13491.0,January,2023,1,1
ORD03034,2023-08-05,C0140,P008,Rice 5kg,Groceries,North,2,350.0,0,700.0,August,2023,8,3
ORD03035,2023-07-24,C0050,P001,Laptop,Electronics,West,4,45000.0,0,180000.0,July,2023,7,3
ORD03036,2023-05-30,C0150,P006,T-Shirt,Clothing,South,1,799.0,0,799.0,May,2023,5,2
ORD03037,2023-05-24,C0097,P008,Rice 5kg,Groceries,South,3,350.0,0,1050.0,May,2023,5,2
ORD03038,2023-05-23,C0114,P008,Rice 5kg,Groceries,West,3,315.0,10,945.0,May,2023,5,2
ORD03039,2023-10-16,C0009,P001,Laptop,Electronics,West,9,45000.0,0,405000.0,October,2023,10,4
ORD03040,2023-11-12,C0187,P001,Laptop,Electronics,East,3,45000.0,0,135000.0,November,2023,11,4
ORD03041,2023-08-25,C0180,P010,Notebook,Stationery,South,4,60.0,0,240.0,August,2023,8,3
ORD03042,2023-10-21,C0031,P009,Cooking Oil,Groceries,West,2,200.0,0,400.0,October,2023,10,4
ORD03043,2023-01-31,C0033,P005,Study Table,Furniture,West,10,11400.0,5,114000.0,January,2023,1,1
ORD03044,2023-03-27,C0142,P006,T-Shirt,Clothing,East,3,759.05,5,2277.15,March,2023,3,1
ORD03046,2023-06-04,C0001,P009,Cooking Oil,Groceries,West,9,190.0,5,1710.0,June,2023,6,2
ORD03047,2023-01-23,C0140,P007,Jeans,Clothing,North,1,1499.0,0,1499.0,January,2023,1,1
ORD03048,2023-01-24,C0043,P010,Notebook,Stationery,South,3,54.0,10,162.0,January,2023,1,1
ORD03049,2023-01-17,C0072,P005,Study Table,Furniture,East,4,10800.0,10,43200.0,January,2023,1,1
ORD03050,2023-03-22,C0090,P010,Notebook,Stationery,South,4,60.0,0,240.0,March,2023,3,1
ORD03051,2023-02-04,C0011,P003,Headphones,Electronics,South,4,2500.0,0,10000.0,February,2023,2,1
ORD03052,2023-02-28,C0159,P006,T-Shirt,Clothing,South,6,799.0,0,4794.0,February,2023,2,1
ORD03053,2023-10-25,C0130,P001,Laptop,Electronics,East,4,42750.0,5,171000.0,October,2023,10,4
ORD03054,2023-03-25,C0076,P004,Desk Chair,Furniture,South,4,8000.0,0,32000.0,March,2023,3,1
ORD03055,2023-10-03,C0007,P007,Jeans,Clothing,East,3,1499.0,0,4497.0,October,2023,10,4
ORD03056,2023-05-18,C0193,P004,Desk Chair,Furniture,East,2,8000.0,0,16000.0,May,2023,5,2
ORD03057,2023-11-03,C0101,P001,Laptop,Electronics,East,8,45000.0,0,360000.0,November,2023,11,4
ORD03058,2023-03-02,C0037,P010,Notebook,Stationery,South,3,60.0,0,180.0,March,2023,3,1
ORD03059,2023-06-08,C0151,P002,Mobile Phone,Electronics,East,8,17100.0,5,136800.0,June,2023,6,2
ORD03060,2023-11-01,C0199,P001,Laptop,Electronics,East,7,45000.0,0,315000.0,November,2023,11,4
ORD03061,2023-02-20,C0151,P008,Rice 5kg,Groceries,South,6,315.0,10,1890.0,February,2023,2,1
ORD03062,2023-07-10,C0060,P004,Desk Chair,Furniture,West,2,7600.0,5,15200.0,July,2023,7,3
ORD03063,2023-03-19,C0171,P005,Study Table,Furniture,West,8,12000.0,0,96000.0,March,2023,3,1
ORD03064,2023-08-06,C0031,P003,Headphones,Electronics,West,1,2250.0,10,2250.0,August,2023,8,3
ORD03065,2023-03-23,C0169,P001,Laptop,Electronics,East,10,40500.0,10,405000.0,March,2023,3,1
ORD03066,2023-12-28,C0028,P001,Laptop,Electronics,North,4,45000.0,0,180000.0,December,2023,12,4
ORD03067,2023-06-12,C0025,P006,T-Shirt,Clothing,East,6,799.0,0,4794.0,June,2023,6,2
ORD03068,2023-02-23,C0077,P002,Mobile Phone,Electronics,South,10,15300.0,15,153000.0,February,2023,2,1
ORD03069,2023-08-25,C0164,P008,Rice 5kg,Groceries,South,8,315.0,10,2520.0,August,2023,8,3
ORD03070,2023-05-09,C0034,P003,Headphones,Electronics,South,6,2125.0,15,12750.0,May,2023,5,2
ORD03071,2023-12-12,C0083,P004,Desk Chair,Furniture,North,5,6800.0,15,34000.0,December,2023,12,4
ORD03072,2023-09-05,C0127,P001,Laptop,Electronics,North,5,40500.0,10,202500.0,September,2023,9,3
ORD03073,2023-05-01,C0194,P010,Notebook,Stationery,South,4,60.0,0,240.0,May,2023,5,2
ORD03074,2023-07-03,C0159,P007,Jeans,Clothing,North,6,1499.0,0,8994.0,July,2023,7,3
ORD03075,2023-05-21,C0015,P009,Cooking Oil,Groceries,East,5,190.0,5,950.0,May,2023,5,2
ORD03076,2023-04-09,C0190,P006,T-Shirt,Clothing,South,9,719.1,10,6471.9,April,2023,4,2
ORD03077,2023-07-27,C0045,P007,Jeans,Clothing,North,8,1499.0,0,11992.0,July,2023,7,3
ORD03078,2023-10-27,C0200,P008,Rice 5kg,Groceries,South,3,297.5,15,892.5,October,2023,10,4
ORD03079,2023-10-27,C0101,P006,T-Shirt,Clothing,South,6,799.0,0,4794.0,October,2023,10,4
ORD03080,2023-10-01,C0047,P006,T-Shirt,Clothing,East,1,799.0,0,799.0,October,2023,10,4
ORD03081,2023-08-17,C0045,P007,Jeans,Clothing,West,3,1499.0,0,4497.0,August,2023,8,3
ORD03082,2023-03-28,C0042,P003,Headphones,Electronics,South,1,2500.0,0,2500.0,March,2023,3,1
ORD03083,2023-11-01,C0003,P010,Notebook,Stationery,North,10,60.0,0,600.0,November,2023,11,4
ORD03084,2023-08-16,C0011,P007,Jeans,Clothing,South,3,1274.15,15,3822.45,August,2023,8,3
ORD03085,2023-07-04,C0111,P006,T-Shirt,Clothing,South,1,719.1,10,719.1,July,2023,7,3
ORD03086,2023-04-29,C0158,P005,Study Table,Furniture,North,1,12000.0,0,12000.0,April,2023,4,2
ORD03087,2023-07-09,C0196,P010,Notebook,Stationery,South,4,60.0,0,240.0,July,2023,7,3
ORD03088,2023-02-17,C0023,P003,Headphones,Electronics,South,5,2375.0,5,11875.0,February,2023,2,1
ORD03089,2023-09-28,C0037,P001,Laptop,Electronics,West,7,45000.0,0,315000.0,September,2023,9,3
ORD03090,2023-02-26,C0176,P007,Jeans,Clothing,West,5,1424.05,5,7120.25,February,2023,2,1
ORD03092,2023-04-13,C0070,P004,Desk Chair,Furniture,West,8,8000.0,0,64000.0,April,2023,4,2
ORD03093,2023-02-26,C0053,P003,Headphones,Electronics,South,4,2125.0,15,8500.0,February,2023,2,1
ORD03094,2023-12-31,C0024,P010,Notebook,Stationery,West,5,60.0,0,300.0,December,2023,12,4
ORD03095,2023-05-22,C0074,P002,Mobile Phone,Electronics,North,7,18000.0,0,126000.0,May,2023,5,2
ORD03096,2023-12-04,C0100,P003,Headphones,Electronics,East,8,2375.0,5,19000.0,December,2023,12,4
ORD03097,2023-04-17,C0065,P001,Laptop,Electronics,East,7,38250.0,15,267750.0,April,2023,4,2
ORD03098,2023-08-31,C0084,P005,Study Table,Furniture,East,7,12000.0,0,84000.0,August,2023,8,3
ORD03099,2023-11-14,C0158,P001,Laptop,Electronics,South,2,42750.0,5,85500.0,November,2023,11,4
ORD03100,2023-10-14,C0057,P001,Laptop,Electronics,West,3,45000.0,0,135000.0,October,2023,10,4
ORD03101,2023-04-23,C0069,P002,Mobile Phone,Electronics,East,8,18000.0,0,144000.0,April,2023,4,2
ORD03102,2023-10-21,C0066,P004,Desk Chair,Furniture,West,9,7600.0,5,68400.0,October,2023,10,4
ORD03103,2023-10-02,C0095,P003,Headphones,Electronics,South,6,2500.0,0,15000.0,October,2023,10,4
ORD03104,2023-01-22,C0072,P007,Jeans,Clothing,West,9,1349.1,10,12141.9,January,2023,1,1
ORD03105,2023-01-07,C0001,P005,Study Table,Furniture,East,2,10200.0,15,20400.0,January,2023,1,1
ORD03106,2023-05-18,C0045,P006,T-Shirt,Clothing,North,8,679.15,15,5433.2,May,2023,5,2
ORD03107,2023-01-09,C0009,P006,T-Shirt,Clothing,South,10,719.1,10,7191.0,January,2023,1,1
ORD03108,2023-09-08,C0166,P007,Jeans,Clothing,West,1,1499.0,0,1499.0,September,2023,9,3
ORD03109,2023-05-15,C0071,P008,Rice 5kg,Groceries,South,9,315.0,10,2835.0,May,2023,5,2
ORD03110,2023-08-20,C0167,P007,Jeans,Clothing,East,2,1349.1,10,2698.2,August,2023,8,3
ORD03111,2023-12-14,C0100,P007,Jeans,Clothing,South,8,1499.0,0,11992.0,December,2023,12,4
ORD03112,2023-06-02,C0178,P002,Mobile Phone,Electronics,North,6,15300.0,15,91800.0,June,2023,6,2
ORD03113,2023-01-31,C0039,P010,Notebook,Stationery,West,10,60.0,0,600.0,January,2023,1,1
ORD03114,2023-09-22,C0079,P010,Notebook,Stationery,East,2,60.0,0,120.0,September,2023,9,3
ORD03115,2023-05-29,C0061,P009,Cooking Oil,Groceries,East,7,200.0,0,1400.0,May,2023,5,2
ORD03116,2023-04-27,C0181,P001,Laptop,Electronics,South,6,45000.0,0,270000.0,April,2023,4,2
ORD03117,2023-04-19,C0007,P010,Notebook,Stationery,West,9,60.0,0,540.0,April,2023,4,2
ORD03118,2023-08-30,C0180,P004,Desk Chair,Furniture,North,1,7600.0,5,7600.0,August,2023,8,3
ORD03119,2023-09-01,C0148,P003,Headphones,Electronics,East,7,2375.0,5,16625.0,September,2023,9,3
ORD03120,2023-11-28,C0130,P009,Cooking Oil,Groceries,West,8,180.0,10,1440.0,November,2023,11,4
ORD03121,2023-07-18,C0121,P006,T-Shirt,Clothing,South,10,799.0,0,7990.0,July,2023,7,3
ORD03122,2023-11-13,C0129,P003,Headphones,Electronics,West,9,2125.0,15,19125.0,November,2023,11,4
ORD03123,2023-12-10,C0164,P006,T-Shirt,Clothing,East,6,799.0,0,4794.0,December,2023,12,4
ORD03124,2023-05-15,C0166,P002,Mobile Phone,Electronics,West,8,18000.0,0,144000.0,May,2023,5,2
ORD03125,2023-08-15,C0008,P009,Cooking Oil,Groceries,West,7,170.0,15,1190.0,August,2023,8,3
ORD03126,2023-03-25,C0148,P001,Laptop,Electronics,North,2,42750.0,5,85500.0,March,2023,3,1
ORD03127,2023-09-18,C0158,P010,Notebook,Stationery,North,10,60.0,0,600.0,September,2023,9,3
ORD03128,2023-03-03,C0144,P009,Cooking Oil,Groceries,South,3,190.0,5,570.0,March,2023,3,1
ORD03129,2023-02-16,C0118,P004,Desk Chair,Furniture,North,4,7600.0,5,30400.0,February,2023,2,1
ORD03130,2023-03-29,C0104,P005,Study Table,Furniture,East,10,12000.0,0,120000.0,March,2023,3,1
ORD03131,2023-12-07,C0061,P010,Notebook,Stationery,North,9,51.0,15,459.0,December,2023,12,4
ORD03132,2023-11-24,C0154,P006,T-Shirt,Clothing,North,5,679.15,15,3395.75,November,2023,11,4
ORD03133,2023-08-19,C0007,P010,Notebook,Stationery,West,10,57.0,5,570.0,August,2023,8,3
ORD03134,2023-04-08,C0001,P006,T-Shirt,Clothing,East,9,759.05,5,6831.45,April,2023,4,2
ORD03135,2023-10-15,C0132,P003,Headphones,Electronics,East,5,2500.0,0,12500.0,October,2023,10,4
ORD03136,2023-12-14,C0190,P001,Laptop,Electronics,North,3,38250.0,15,114750.0,December,2023,12,4
ORD03137,2023-01-03,C0099,P007,Jeans,Clothing,West,8,1349.1,10,10792.8,January,2023,1,1
ORD03138,2023-11-27,C0136,P004,Desk Chair,Furniture,North,2,8000.0,0,16000.0,November,2023,11,4
ORD03139,2023-12-03,C0037,P005,Study Table,Furniture,North,10,10200.0,15,102000.0,December,2023,12,4
ORD03140,2023-09-01,C0014,P008,Rice 5kg,Groceries,South,1,350.0,0,350.0,September,2023,9,3
ORD03141,2023-01-16,C0132,P008,Rice 5kg,Groceries,North,1,350.0,0,350.0,January,2023,1,1
ORD03142,2023-07-25,C0039,P002,Mobile Phone,Electronics,South,8,18000.0,0,144000.0,July,2023,7,3
ORD03143,2023-09-27,C0084,P003,Headphones,Electronics,North,5,2500.0,0,12500.0,September,2023,9,3
ORD03144,2023-12-04,C0149,P003,Headphones,Electronics,East,9,2250.0,10,20250.0,December,2023,12,4
ORD03145,2023-02-08,C0108,P008,Rice 5kg,Groceries,North,5,350.0,0,1750.0,February,2023,2,1
ORD03146,2023-02-26,C0044,P002,Mobile Phone,Electronics,West,10,17100.0,5,171000.0,February,2023,2,1
ORD03147,2023-03-10,C0005,P009,Cooking Oil,Groceries,South,1,180.0,10,180.0,March,2023,3,1
ORD03148,2023-12-11,C0068,P003,Headphones,Electronics,East,7,2500.0,0,17500.0,December,2023,12,4
ORD03149,2023-11-30,C0048,P010,Notebook,Stationery,East,7,51.0,15,357.0,November,2023,11,4
ORD03150,2023-04-02,C0003,P008,Rice 5kg,Groceries,East,1,350.0,0,350.0,April,2023,4,2
ORD03151,2023-12-03,C0096,P003,Headphones,Electronics,South,5,2500.0,0,12500.0,December,2023,12,4
ORD03153,2023-07-27,C0181,P005,Study Table,Furniture,North,10,11400.0,5,114000.0,July,2023,7,3
ORD03154,2023-05-31,C0063,P008,Rice 5kg,Groceries,West,1,350.0,0,350.0,May,2023,5,2
ORD03155,2023-07-01,C0057,P005,Study Table,Furniture,West,1,12000.0,0,12000.0,July,2023,7,3
ORD03156,2023-05-23,C0174,P009,Cooking Oil,Groceries,North,8,200.0,0,1600.0,May,2023,5,2
ORD03157,2023-03-17,C0031,P005,Study Table,Furniture,East,9,10800.0,10,97200.0,March,2023,3,1
ORD03158,2023-07-09,C0071,P008,Rice 5kg,Groceries,West,4,315.0,10,1260.0,July,2023,7,3
ORD03159,2023-01-20,C0098,P003,Headphones,Electronics,West,4,2375.0,5,9500.0,January,2023,1,1
ORD03160,2023-05-26,C0150,P010,Notebook,Stationery,North,9,57.0,5,513.0,May,2023,5,2
ORD03161,2023-03-31,C0035,P010,Notebook,Stationery,North,8,51.0,15,408.0,March,2023,3,1
ORD03163,2023-10-26,C0105,P002,Mobile Phone,Electronics,South,8,16200.0,10,129600.0,October,2023,10,4
ORD03164,2023-12-03,C0040,P010,Notebook,Stationery,South,10,54.0,10,540.0,December,2023,12,4
ORD03165,2023-09-21,C0119,P008,Rice 5kg,Groceries,West,7,315.0,10,2205.0,September,2023,9,3
ORD03166,2023-03-04,C0064,P007,Jeans,Clothing,East,1,1499.0,0,1499.0,March,2023,3,1
ORD03167,2023-02-18,C0084,P005,Study Table,Furniture,South,10,12000.0,0,120000.0,February,2023,2,1
ORD03169,2023-12-01,C0169,P005,Study Table,Furniture,West,5,12000.0,0,60000.0,December,2023,12,4
ORD03170,2023-11-30,C0170,P010,Notebook,Stationery,South,2,60.0,0,120.0,November,2023,11,4
ORD03171,2023-06-03,C0031,P010,Notebook,Stationery,North,2,60.0,0,120.0,June,2023,6,2
ORD03172,2023-11-22,C0140,P008,Rice 5kg,Groceries,West,6,350.0,0,2100.0,November,2023,11,4
ORD03173,2023-06-17,C0172,P009,Cooking Oil,Groceries,West,7,170.0,15,1190.0,June,2023,6,2
ORD03174,2023-06-18,C0159,P003,Headphones,Electronics,South,5,2500.0,0,12500.0,June,2023,6,2
ORD03175,2023-10-19,C0125,P006,T-Shirt,Clothing,West,4,799.0,0,3196.0,October,2023,10,4
ORD03176,2023-10-14,C0159,P002,Mobile Phone,Electronics,West,10,18000.0,0,180000.0,October,2023,10,4
ORD03177,2023-07-09,C0103,P009,Cooking Oil,Groceries,South,1,170.0,15,170.0,July,2023,7,3
ORD03178,2023-01-02,C0115,P006,T-Shirt,Clothing,West,4,679.15,15,2716.6,January,2023,1,1
ORD03179,2023-09-03,C0040,P007,Jeans,Clothing,East,10,1499.0,0,14990.0,September,2023,9,3
ORD03180,2023-05-12,C0031,P004,Desk Chair,Furniture,South,5,7600.0,5,38000.0,May,2023,5,2
ORD03181,2023-11-13,C0081,P004,Desk Chair,Furniture,West,8,6800.0,15,54400.0,November,2023,11,4
ORD03182,2023-11-25,C0044,P008,Rice 5kg,Groceries,North,8,350.0,0,2800.0,November,2023,11,4
ORD03183,2023-02-14,C0194,P001,Laptop,Electronics,South,4,42750.0,5,171000.0,February,2023,2,1
ORD03184,2023-10-26,C0153,P006,T-Shirt,Clothing,North,10,679.15,15,6791.5,October,2023,10,4
ORD03185,2023-01-21,C0049,P004,Desk Chair,Furniture,East,4,7600.0,5,30400.0,January,2023,1,1
ORD03186,2023-05-27,C0141,P005,Study Table,Furniture,North,5,11400.0,5,57000.0,May,2023,5,2
ORD03187,2023-10-01,C0107,P001,Laptop,Electronics,South,8,38250.0,15,306000.0,October,2023,10,4
ORD03188,2023-08-29,C0106,P002,Mobile Phone,Electronics,East,1,15300.0,15,15300.0,August,2023,8,3
ORD03189,2023-01-18,C0177,P002,Mobile Phone,Electronics,East,8,15300.0,15,122400.0,January,2023,1,1
ORD03190,2023-06-27,C0021,P003,Headphones,Electronics,East,9,2250.0,10,20250.0,June,2023,6,2
ORD03191,2023-02-07,C0143,P005,Study Table,Furniture,East,1,10800.0,10,10800.0,February,2023,2,1
ORD03192,2023-02-18,C0083,P009,Cooking Oil,Groceries,West,2,170.0,15,340.0,February,2023,2,1
ORD03193,2023-07-07,C0064,P010,Notebook,Stationery,North,7,51.0,15,357.0,July,2023,7,3
ORD03194,2023-01-26,C0073,P008,Rice 5kg,Groceries,North,8,350.0,0,2800.0,January,2023,1,1
ORD03195,2023-06-09,C0031,P001,Laptop,Electronics,East,5,45000.0,0,225000.0,June,2023,6,2
ORD03196,2023-10-07,C0039,P004,Desk Chair,Furniture,South,10,6800.0,15,68000.0,October,2023,10,4
ORD03197,2023-07-21,C0197,P004,Desk Chair,Furniture,South,10,7600.0,5,76000.0,July,2023,7,3
ORD03198,2023-07-10,C0140,P001,Laptop,Electronics,West,4,40500.0,10,162000.0,July,2023,7,3
ORD03199,2023-10-04,C0004,P001,Laptop,Electronics,South,8,40500.0,10,324000.0,October,2023,10,4
ORD03200,2023-05-25,C0178,P006,T-Shirt,Clothing,West,2,759.05,5,1518.1,May,2023,5,2
ORD03201,2023-08-02,C0034,P004,Desk Chair,Furniture,South,4,8000.0,0,32000.0,August,2023,8,3
ORD03202,2023-01-11,C0129,P008,Rice 5kg,Groceries,North,5,350.0,0,1750.0,January,2023,1,1
ORD03203,2023-11-06,C0143,P008,Rice 5kg,Groceries,West,1,315.0,10,315.0,November,2023,11,4
ORD03204,2023-03-02,C0154,P003,Headphones,Electronics,North,1,2125.0,15,2125.0,March,2023,3,1
ORD03205,2023-02-17,C0052,P005,Study Table,Furniture,South,4,12000.0,0,48000.0,February,2023,2,1
ORD03206,2023-05-22,C0142,P002,Mobile Phone,Electronics,East,6,16200.0,10,97200.0,May,2023,5,2
ORD03207,2023-12-03,C0031,P007,Jeans,Clothing,North,4,1499.0,0,5996.0,December,2023,12,4
ORD03209,2023-09-02,C0070,P008,Rice 5kg,Groceries,East,1,332.5,5,332.5,September,2023,9,3
ORD03210,2023-12-14,C0198,P001,Laptop,Electronics,South,9,38250.0,15,344250.0,December,2023,12,4
ORD03211,2023-05-29,C0100,P002,Mobile Phone,Electronics,North,8,18000.0,0,144000.0,May,2023,5,2
ORD03212,2023-08-04,C0125,P004,Desk Chair,Furniture,West,10,8000.0,0,80000.0,August,2023,8,3
ORD03213,2023-06-17,C0180,P007,Jeans,Clothing,West,3,1499.0,0,4497.0,June,2023,6,2
ORD03215,2023-04-21,C0100,P009,Cooking Oil,Groceries,West,8,200.0,0,1600.0,April,2023,4,2
ORD03216,2023-01-22,C0102,P001,Laptop,Electronics,West,7,45000.0,0,315000.0,January,2023,1,1
ORD03217,2023-09-29,C0165,P006,T-Shirt,Clothing,North,1,799.0,0,799.0,September,2023,9,3
ORD03218,2023-10-28,C0031,P001,Laptop,Electronics,North,10,40500.0,10,405000.0,October,2023,10,4
ORD03219,2023-01-31,C0190,P010,Notebook,Stationery,South,2,60.0,0,120.0,January,2023,1,1
ORD03220,2023-05-15,C0087,P003,Headphones,Electronics,South,1,2250.0,10,2250.0,May,2023,5,2
ORD03221,2023-08-28,C0179,P008,Rice 5kg,Groceries,East,6,315.0,10,1890.0,August,2023,8,3
ORD03222,2023-01-26,C0160,P003,Headphones,Electronics,West,7,2500.0,0,17500.0,January,2023,1,1
ORD03223,2023-06-01,C0170,P008,Rice 5kg,Groceries,East,6,332.5,5,1995.0,June,2023,6,2
ORD03224,2023-06-13,C0074,P010,Notebook,Stationery,East,3,60.0,0,180.0,June,2023,6,2
ORD03225,2023-03-05,C0143,P004,Desk Chair,Furniture,North,9,8000.0,0,72000.0,March,2023,3,1
ORD03226,2023-06-28,C0162,P009,Cooking Oil,Groceries,East,10,190.0,5,1900.0,June,2023,6,2
ORD03227,2023-07-27,C0041,P005,Study Table,Furniture,South,6,11400.0,5,68400.0,July,2023,7,3
ORD03228,2023-11-12,C0127,P003,Headphones,Electronics,North,2,2375.0,5,4750.0,November,2023,11,4
ORD03229,2023-02-22,C0108,P001,Laptop,Electronics,South,4,42750.0,5,171000.0,February,2023,2,1
ORD03230,2023-08-18,C0164,P008,Rice 5kg,Groceries,South,1,350.0,0,350.0,August,2023,8,3
ORD03231,2023-04-11,C0091,P007,Jeans,Clothing,North,1,1499.0,0,1499.0,April,2023,4,2
ORD03232,2023-12-15,C0002,P002,Mobile Phone,Electronics,North,6,18000.0,0,108000.0,December,2023,12,4
ORD03233,2023-02-18,C0081,P002,Mobile Phone,Electronics,West,7,17100.0,5,119700.0,February,2023,2,1
ORD03234,2023-03-08,C0046,P010,Notebook,Stationery,East,1,60.0,0,60.0,March,2023,3,1
ORD03235,2023-08-15,C0146,P010,Notebook,Stationery,East,6,60.0,0,360.0,August,2023,8,3
ORD03236,2023-02-19,C0175,P005,Study Table,Furniture,East,6,12000.0,0,72000.0,February,2023,2,1
ORD03237,2023-06-13,C0186,P008,Rice 5kg,Groceries,West,10,350.0,0,3500.0,June,2023,6,2
ORD03238,2023-10-22,C0137,P002,Mobile Phone,Electronics,West,9,15300.0,15,137700.0,October,2023,10,4
ORD03239,2023-04-20,C0110,P005,Study Table,Furniture,East,7,10800.0,10,75600.0,April,2023,4,2
ORD03240,2023-11-07,C0127,P004,Desk Chair,Furniture,East,4,8000.0,0,32000.0,November,2023,11,4
ORD03241,2023-07-11,C0176,P007,Jeans,Clothing,West,9,1499.0,0,13491.0,July,2023,7,3
ORD03242,2023-02-15,C0139,P004,Desk Chair,Furniture,East,8,7600.0,5,60800.0,February,2023,2,1
ORD03243,2023-03-25,C0007,P002,Mobile Phone,Electronics,East,10,18000.0,0,180000.0,March,2023,3,1
ORD03244,2023-12-28,C0155,P004,Desk Chair,Furniture,West,3,6800.0,15,20400.0,December,2023,12,4
ORD03245,2023-05-29,C0067,P004,Desk Chair,Furniture,North,10,7600.0,5,76000.0,May,2023,5,2
ORD03246,2023-03-25,C0102,P003,Headphones,Electronics,West,6,2500.0,0,15000.0,March,2023,3,1
ORD03247,2023-08-13,C0122,P003,Headphones,Electronics,South,5,2500.0,0,12500.0,August,2023,8,3
ORD03248,2023-11-30,C0037,P004,Desk Chair,Furniture,North,9,8000.0,0,72000.0,November,2023,11,4
ORD03249,2023-05-09,C0177,P001,Laptop,Electronics,North,10,45000.0,0,450000.0,May,2023,5,2
ORD03250,2023-05-23,C0076,P004,Desk Chair,Furniture,South,3,7200.0,10,21600.0,May,2023,5,2
ORD03251,2023-09-26,C0039,P002,Mobile Phone,Electronics,North,10,16200.0,10,162000.0,September,2023,9,3
ORD03252,2023-05-18,C0177,P006,T-Shirt,Clothing,East,2,799.0,0,1598.0,May,2023,5,2
ORD03253,2023-10-19,C0177,P008,Rice 5kg,Groceries,North,6,332.5,5,1995.0,October,2023,10,4
ORD03254,2023-07-21,C0073,P002,Mobile Phone,Electronics,South,1,18000.0,0,18000.0,July,2023,7,3
ORD03255,2023-09-10,C0116,P007,Jeans,Clothing,West,3,1499.0,0,4497.0,September,2023,9,3
ORD03256,2023-09-17,C0180,P002,Mobile Phone,Electronics,North,7,15300.0,15,107100.0,September,2023,9,3
ORD03257,2023-08-15,C0001,P005,Study Table,Furniture,South,8,12000.0,0,96000.0,August,2023,8,3
ORD03258,2023-11-11,C0081,P007,Jeans,Clothing,South,1,1499.0,0,1499.0,November,2023,11,4
ORD03259,2023-01-20,C0164,P003,Headphones,Electronics,West,5,2500.0,0,12500.0,January,2023,1,1
ORD03260,2023-05-19,C0005,P001,Laptop,Electronics,West,3,42750.0,5,128250.0,May,2023,5,2
ORD03261,2023-08-21,C0108,P009,Cooking Oil,Groceries,South,3,190.0,5,570.0,August,2023,8,3
ORD03262,2023-01-21,C0063,P007,Jeans,Clothing,West,3,1499.0,0,4497.0,January,2023,1,1
ORD03263,2023-07-30,C0187,P006,T-Shirt,Clothing,North,7,799.0,0,5593.0,July,2023,7,3
ORD03264,2023-11-27,C0151,P006,T-Shirt,Clothing,South,10,759.05,5,7590.5,November,2023,11,4
ORD03265,2023-09-06,C0192,P010,Notebook,Stationery,East,10,51.0,15,510.0,September,2023,9,3
ORD03266,2023-12-28,C0130,P002,Mobile Phone,Electronics,West,5,16200.0,10,81000.0,December,2023,12,4
ORD03267,2023-05-25,C0153,P006,T-Shirt,Clothing,South,6,799.0,0,4794.0,May,2023,5,2
ORD03268,2023-03-07,C0034,P007,Jeans,Clothing,South,5,1499.0,0,7495.0,March,2023,3,1
ORD03269,2023-02-21,C0041,P007,Jeans,Clothing,North,2,1499.0,0,2998.0,February,2023,2,1
ORD03270,2023-10-15,C0087,P006,T-Shirt,Clothing,South,10,799.0,0,7990.0,October,2023,10,4
ORD03271,2023-08-19,C0112,P002,Mobile Phone,Electronics,South,3,15300.0,15,45900.0,August,2023,8,3
ORD03272,2023-06-05,C0128,P010,Notebook,Stationery,East,9,51.0,15,459.0,June,2023,6,2
ORD03273,2023-08-25,C0192,P003,Headphones,Electronics,West,6,2375.0,5,14250.0,August,2023,8,3
ORD03274,2023-03-07,C0053,P009,Cooking Oil,Groceries,West,9,200.0,0,1800.0,March,2023,3,1
ORD03275,2023-12-03,C0140,P008,Rice 5kg,Groceries,East,1,350.0,0,350.0,December,2023,12,4
ORD03276,2023-04-13,C0179,P007,Jeans,Clothing,East,2,1274.15,15,2548.3,April,2023,4,2
ORD03277,2023-10-22,C0154,P005,Study Table,Furniture,East,8,10200.0,15,81600.0,October,2023,10,4
ORD03278,2023-12-18,C0114,P006,T-Shirt,Clothing,East,9,759.05,5,6831.45,December,2023,12,4
ORD03279,2023-01-02,C0159,P004,Desk Chair,Furniture,West,9,8000.0,0,72000.0,January,2023,1,1
ORD03280,2023-01-31,C0147,P002,Mobile Phone,Electronics,South,1,16200.0,10,16200.0,January,2023,1,1
ORD03281,2023-08-03,C0083,P003,Headphones,Electronics,East,1,2500.0,0,2500.0,August,2023,8,3
ORD03282,2023-06-19,C0128,P009,Cooking Oil,Groceries,West,7,200.0,0,1400.0,June,2023,6,2
ORD03283,2023-02-21,C0045,P006,T-Shirt,Clothing,East,8,799.0,0,6392.0,February,2023,2,1
ORD03284,2023-09-26,C0115,P001,Laptop,Electronics,East,1,42750.0,5,42750.0,September,2023,9,3
ORD03285,2023-12-16,C0015,P009,Cooking Oil,Groceries,East,3,200.0,0,600.0,December,2023,12,4
ORD03286,2023-03-20,C0045,P005,Study Table,Furniture,East,6,12000.0,0,72000.0,March,2023,3,1
ORD03287,2023-08-30,C0076,P009,Cooking Oil,Groceries,North,10,180.0,10,1800.0,August,2023,8,3
ORD03289,2023-02-02,C0116,P006,T-Shirt,Clothing,North,8,799.0,0,6392.0,February,2023,2,1
ORD03290,2023-05-18,C0040,P001,Laptop,Electronics,South,10,45000.0,0,450000.0,May,2023,5,2
ORD03291,2023-06-20,C0188,P003,Headphones,Electronics,North,1,2125.0,15,2125.0,June,2023,6,2
ORD03292,2023-05-23,C0192,P004,Desk Chair,Furniture,North,1,7200.0,10,7200.0,May,2023,5,2
ORD03293,2023-11-23,C0017,P001,Laptop,Electronics,West,10,42750.0,5,427500.0,November,2023,11,4
ORD03294,2023-05-20,C0087,P010,Notebook,Stationery,South,8,60.0,0,480.0,May,2023,5,2
ORD03295,2023-05-19,C0135,P006,T-Shirt,Clothing,North,7,719.1,10,5033.7,May,2023,5,2
ORD03296,2023-07-13,C0193,P008,Rice 5kg,Groceries,West,4,350.0,0,1400.0,July,2023,7,3
ORD03297,2023-09-13,C0164,P001,Laptop,Electronics,South,10,45000.0,0,450000.0,September,2023,9,3
ORD03298,2023-10-08,C0012,P006,T-Shirt,Clothing,South,10,679.15,15,6791.5,October,2023,10,4
ORD03299,2023-05-19,C0038,P003,Headphones,Electronics,North,10,2500.0,0,25000.0,May,2023,5,2
ORD03300,2023-03-13,C0086,P006,T-Shirt,Clothing,East,9,719.1,10,6471.9,March,2023,3,1
ORD03301,2023-03-20,C0011,P008,Rice 5kg,Groceries,South,4,350.0,0,1400.0,March,2023,3,1
ORD03302,2023-09-30,C0112,P008,Rice 5kg,Groceries,West,8,350.0,0,2800.0,September,2023,9,3
ORD03303,2023-09-20,C0109,P002,Mobile Phone,Electronics,East,5,18000.0,0,90000.0,September,2023,9,3
ORD03304,2023-09-14,C0134,P003,Headphones,Electronics,South,4,2500.0,0,10000.0,September,2023,9,3
ORD03305,2023-09-21,C0071,P009,Cooking Oil,Groceries,North,7,170.0,15,1190.0,September,2023,9,3
ORD03306,2023-01-16,C0189,P004,Desk Chair,Furniture,East,3,7600.0,5,22800.0,January,2023,1,1
ORD03307,2023-08-24,C0108,P010,Notebook,Stationery,West,5,60.0,0,300.0,August,2023,8,3
ORD03308,2023-12-25,C0001,P002,Mobile Phone,Electronics,West,8,18000.0,0,144000.0,December,2023,12,4
ORD03309,2023-02-17,C0136,P004,Desk Chair,Furniture,North,2,8000.0,0,16000.0,February,2023,2,1
ORD03310,2023-07-05,C0088,P005,Study Table,Furniture,East,3,11400.0,5,34200.0,July,2023,7,3
ORD03311,2023-05-01,C0035,P001,Laptop,Electronics,West,7,45000.0,0,315000.0,May,2023,5,2
ORD03312,2023-11-16,C0129,P008,Rice 5kg,Groceries,North,2,332.5,5,665.0,November,2023,11,4
ORD03313,2023-10-21,C0015,P004,Desk Chair,Furniture,North,8,6800.0,15,54400.0,October,2023,10,4
ORD03314,2023-10-05,C0161,P007,Jeans,Clothing,West,6,1499.0,0,8994.0,October,2023,10,4
ORD03315,2023-10-25,C0083,P005,Study Table,Furniture,East,8,11400.0,5,91200.0,October,2023,10,4
ORD03316,2023-06-10,C0052,P007,Jeans,Clothing,North,8,1499.0,0,11992.0,June,2023,6,2
ORD03317,2023-12-17,C0011,P009,Cooking Oil,Groceries,West,9,180.0,10,1620.0,December,2023,12,4
ORD03318,2023-02-03,C0083,P002,Mobile Phone,Electronics,West,6,16200.0,10,97200.0,February,2023,2,1
ORD03319,2023-11-08,C0196,P005,Study Table,Furniture,West,6,10800.0,10,64800.0,November,2023,11,4
ORD03320,2023-10-09,C0132,P004,Desk Chair,Furniture,West,9,8000.0,0,72000.0,October,2023,10,4
ORD03321,2023-09-03,C0103,P003,Headphones,Electronics,North,1,2125.0,15,2125.0,September,2023,9,3
ORD03322,2023-11-20,C0171,P002,Mobile Phone,Electronics,North,3,18000.0,0,54000.0,November,2023,11,4
ORD03323,2023-02-21,C0040,P002,Mobile Phone,Electronics,West,9,16200.0,10,145800.0,February,2023,2,1
ORD03325,2023-01-25,C0117,P010,Notebook,Stationery,South,1,60.0,0,60.0,January,2023,1,1
ORD03326,2023-07-18,C0142,P010,Notebook,Stationery,South,9,60.0,0,540.0,July,2023,7,3
ORD03327,2023-06-05,C0156,P009,Cooking Oil,Groceries,West,7,170.0,15,1190.0,June,2023,6,2
ORD03328,2023-09-09,C0084,P006,T-Shirt,Clothing,West,1,759.05,5,759.05,September,2023,9,3
ORD03330,2023-12-03,C0056,P004,Desk Chair,Furniture,North,2,8000.0,0,16000.0,December,2023,12,4
ORD03331,2023-12-13,C0009,P001,Laptop,Electronics,East,6,42750.0,5,256500.0,December,2023,12,4
ORD03332,2023-12-12,C0190,P008,Rice 5kg,Groceries,South,10,315.0,10,3150.0,December,2023,12,4
ORD03333,2023-06-09,C0095,P005,Study Table,Furniture,South,5,12000.0,0,60000.0,June,2023,6,2
ORD03334,2023-01-27,C0167,P002,Mobile Phone,Electronics,North,5,17100.0,5,85500.0,January,2023,1,1
ORD03335,2023-07-25,C0138,P006,T-Shirt,Clothing,West,1,799.0,0,799.0,July,2023,7,3
ORD03336,2023-02-08,C0191,P007,Jeans,Clothing,North,9,1349.1,10,12141.9,February,2023,2,1
ORD03337,2023-10-03,C0014,P008,Rice 5kg,Groceries,South,10,332.5,5,3325.0,October,2023,10,4
ORD03338,2023-09-20,C0075,P005,Study Table,Furniture,East,6,11400.0,5,68400.0,September,2023,9,3
ORD03339,2023-08-05,C0186,P005,Study Table,Furniture,West,1,12000.0,0,12000.0,August,2023,8,3
ORD03340,2023-03-10,C0157,P002,Mobile Phone,Electronics,East,7,18000.0,0,126000.0,March,2023,3,1
ORD03341,2023-07-01,C0150,P009,Cooking Oil,Groceries,West,4,200.0,0,800.0,July,2023,7,3
ORD03342,2023-12-09,C0038,P003,Headphones,Electronics,West,10,2125.0,15,21250.0,December,2023,12,4
ORD03343,2023-01-20,C0035,P009,Cooking Oil,Groceries,North,4,170.0,15,680.0,January,2023,1,1
ORD03344,2023-04-27,C0045,P005,Study Table,Furniture,East,3,12000.0,0,36000.0,April,2023,4,2
ORD03345,2023-06-27,C0161,P006,T-Shirt,Clothing,East,2,719.1,10,1438.2,June,2023,6,2
ORD03346,2023-04-17,C0077,P007,Jeans,Clothing,East,1,1424.05,5,1424.05,April,2023,4,2
ORD03347,2023-03-04,C0089,P005,Study Table,Furniture,East,7,12000.0,0,84000.0,March,2023,3,1
ORD03348,2023-11-09,C0030,P008,Rice 5kg,Groceries,West,5,297.5,15,1487.5,November,2023,11,4
ORD03349,2023-02-09,C0132,P001,Laptop,Electronics,North,3,45000.0,0,135000.0,February,2023,2,1
ORD03350,2023-06-03,C0071,P005,Study Table,Furniture,West,2,12000.0,0,24000.0,June,2023,6,2
ORD03351,2023-04-15,C0178,P010,Notebook,Stationery,West,5,54.0,10,270.0,April,2023,4,2
ORD03352,2023-03-06,C0138,P003,Headphones,Electronics,West,10,2125.0,15,21250.0,March,2023,3,1
ORD03353,2023-03-19,C0109,P004,Desk Chair,Furniture,East,4,8000.0,0,32000.0,March,2023,3,1
ORD03354,2023-12-29,C0048,P010,Notebook,Stationery,North,10,57.0,5,570.0,December,2023,12,4
ORD03355,2023-03-05,C0154,P007,Jeans,Clothing,West,8,1424.05,5,11392.4,March,2023,3,1
ORD03356,2023-06-10,C0192,P002,Mobile Phone,Electronics,West,1,18000.0,0,18000.0,June,2023,6,2
ORD03357,2023-03-10,C0175,P001,Laptop,Electronics,South,3,45000.0,0,135000.0,March,2023,3,1
ORD03358,2023-08-13,C0109,P001,Laptop,Electronics,South,2,45000.0,0,90000.0,August,2023,8,3
ORD03359,2023-08-31,C0116,P010,Notebook,Stationery,North,1,60.0,0,60.0,August,2023,8,3
ORD03360,2023-05-21,C0076,P005,Study Table,Furniture,North,7,12000.0,0,84000.0,May,2023,5,2
ORD03361,2023-06-05,C0102,P006,T-Shirt,Clothing,East,2,759.05,5,1518.1,June,2023,6,2
ORD03362,2023-10-09,C0099,P007,Jeans,Clothing,South,1,1499.0,0,1499.0,October,2023,10,4
ORD03363,2023-10-27,C0193,P004,Desk Chair,Furniture,East,2,7200.0,10,14400.0,October,2023,10,4
ORD03364,2023-10-26,C0195,P010,Notebook,Stationery,South,6,60.0,0,360.0,October,2023,10,4
ORD03366,2023-04-02,C0191,P009,Cooking Oil,Groceries,East,6,200.0,0,1200.0,April,2023,4,2
ORD03367,2023-12-16,C0066,P004,Desk Chair,Furniture,West,5,8000.0,0,40000.0,December,2023,12,4
ORD03368,2023-01-01,C0077,P009,Cooking Oil,Groceries,West,4,180.0,10,720.0,January,2023,1,1
ORD03369,2023-05-22,C0097,P002,Mobile Phone,Electronics,North,5,18000.0,0,90000.0,May,2023,5,2
ORD03370,2023-07-03,C0024,P010,Notebook,Stationery,North,4,60.0,0,240.0,July,2023,7,3
ORD03371,2023-08-27,C0151,P008,Rice 5kg,Groceries,East,9,315.0,10,2835.0,August,2023,8,3
ORD03372,2023-10-26,C0083,P001,Laptop,Electronics,East,5,45000.0,0,225000.0,October,2023,10,4
ORD03373,2023-09-21,C0050,P007,Jeans,Clothing,North,7,1499.0,0,10493.0,September,2023,9,3
ORD03374,2023-02-21,C0186,P009,Cooking Oil,Groceries,West,1,200.0,0,200.0,February,2023,2,1
ORD03375,2023-06-16,C0024,P004,Desk Chair,Furniture,North,10,8000.0,0,80000.0,June,2023,6,2
ORD03376,2023-11-20,C0027,P009,Cooking Oil,Groceries,North,7,200.0,0,1400.0,November,2023,11,4
ORD03377,2023-01-24,C0158,P009,Cooking Oil,Groceries,West,8,200.0,0,1600.0,January,2023,1,1
ORD03378,2023-08-21,C0014,P005,Study Table,Furniture,West,3,12000.0,0,36000.0,August,2023,8,3
ORD03379,2023-10-24,C0169,P001,Laptop,Electronics,South,3,42750.0,5,128250.0,October,2023,10,4
ORD03381,2023-04-05,C0129,P003,Headphones,Electronics,West,4,2500.0,0,10000.0,April,2023,4,2
ORD03382,2023-06-17,C0036,P006,T-Shirt,Clothing,South,1,679.15,15,679.15,June,2023,6,2
ORD03383,2023-07-26,C0105,P005,Study Table,Furniture,West,3,12000.0,0,36000.0,July,2023,7,3
ORD03385,2023-04-16,C0190,P007,Jeans,Clothing,South,7,1499.0,0,10493.0,April,2023,4,2
ORD03386,2023-06-13,C0060,P005,Study Table,Furniture,South,1,12000.0,0,12000.0,June,2023,6,2
ORD03387,2023-12-02,C0008,P006,T-Shirt,Clothing,North,7,799.0,0,5593.0,December,2023,12,4
ORD03388,2023-04-17,C0066,P001,Laptop,Electronics,East,2,45000.0,0,90000.0,April,2023,4,2
ORD03389,2023-03-31,C0094,P004,Desk Chair,Furniture,South,4,6800.0,15,27200.0,March,2023,3,1
ORD03390,2023-05-05,C0188,P002,Mobile Phone,Electronics,East,4,18000.0,0,72000.0,May,2023,5,2
ORD03391,2023-04-21,C0078,P005,Study Table,Furniture,South,6,12000.0,0,72000.0,April,2023,4,2
ORD03392,2023-08-08,C0002,P005,Study Table,Furniture,South,10,11400.0,5,114000.0,August,2023,8,3
ORD03393,2023-03-31,C0191,P007,Jeans,Clothing,North,4,1499.0,0,5996.0,March,2023,3,1
ORD03394,2023-08-21,C0163,P006,T-Shirt,Clothing,West,4,759.05,5,3036.2,August,2023,8,3
ORD03395,2023-10-21,C0141,P004,Desk Chair,Furniture,East,5,6800.0,15,34000.0,October,2023,10,4
ORD03396,2023-02-17,C0086,P004,Desk Chair,Furniture,South,6,7600.0,5,45600.0,February,2023,2,1
ORD03397,2023-10-16,C0017,P007,Jeans,Clothing,East,6,1499.0,0,8994.0,October,2023,10,4
ORD03398,2023-11-24,C0131,P003,Headphones,Electronics,North,6,2500.0,0,15000.0,November,2023,11,4
ORD03399,2023-08-31,C0095,P005,Study Table,Furniture,South,2,12000.0,0,24000.0,August,2023,8,3
ORD03400,2023-08-15,C0200,P006,T-Shirt,Clothing,East,3,799.0,0,2397.0,August,2023,8,3
ORD03401,2023-04-17,C0144,P006,T-Shirt,Clothing,West,4,799.0,0,3196.0,April,2023,4,2
ORD03402,2023-05-08,C0040,P010,Notebook,Stationery,East,9,60.0,0,540.0,May,2023,5,2
ORD03403,2023-03-19,C0077,P007,Jeans,Clothing,North,8,1349.1,10,10792.8,March,2023,3,1
ORD03404,2023-11-17,C0141,P008,Rice 5kg,Groceries,South,7,350.0,0,2450.0,November,2023,11,4
ORD03405,2023-06-18,C0129,P005,Study Table,Furniture,West,7,10800.0,10,75600.0,June,2023,6,2
ORD03406,2023-10-03,C0038,P007,Jeans,Clothing,East,2,1424.05,5,2848.1,October,2023,10,4
ORD03407,2023-10-07,C0169,P004,Desk Chair,Furniture,North,10,7200.0,10,72000.0,October,2023,10,4
ORD03408,2023-02-21,C0101,P004,Desk Chair,Furniture,South,9,8000.0,0,72000.0,February,2023,2,1
ORD03409,2023-04-17,C0122,P004,Desk Chair,Furniture,South,1,7600.0,5,7600.0,April,2023,4,2
ORD03410,2023-05-21,C0138,P003,Headphones,Electronics,West,1,2500.0,0,2500.0,May,2023,5,2
ORD03411,2023-07-17,C0188,P001,Laptop,Electronics,East,9,45000.0,0,405000.0,July,2023,7,3
ORD03412,2023-04-11,C0152,P002,Mobile Phone,Electronics,East,5,17100.0,5,85500.0,April,2023,4,2
ORD03413,2023-05-23,C0037,P003,Headphones,Electronics,South,6,2125.0,15,12750.0,May,2023,5,2
ORD03414,2023-04-08,C0154,P006,T-Shirt,Clothing,North,7,799.0,0,5593.0,April,2023,4,2
ORD03415,2023-06-03,C0003,P010,Notebook,Stationery,South,10,51.0,15,510.0,June,2023,6,2
ORD03416,2023-02-26,C0047,P009,Cooking Oil,Groceries,West,2,170.0,15,340.0,February,2023,2,1
ORD03417,2023-02-15,C0159,P005,Study Table,Furniture,West,10,11400.0,5,114000.0,February,2023,2,1
ORD03418,2023-04-22,C0085,P007,Jeans,Clothing,South,9,1499.0,0,13491.0,April,2023,4,2
ORD03419,2023-06-29,C0198,P007,Jeans,Clothing,North,2,1499.0,0,2998.0,June,2023,6,2
ORD03420,2023-05-20,C0188,P004,Desk Chair,Furniture,North,10,7200.0,10,72000.0,May,2023,5,2
ORD03421,2023-05-20,C0056,P004,Desk Chair,Furniture,West,4,8000.0,0,32000.0,May,2023,5,2
ORD03422,2023-05-21,C0137,P008,Rice 5kg,Groceries,North,4,297.5,15,1190.0,May,2023,5,2
ORD03423,2023-02-01,C0019,P009,Cooking Oil,Groceries,West,5,200.0,0,1000.0,February,2023,2,1
ORD03425,2023-01-25,C0080,P010,Notebook,Stationery,South,2,60.0,0,120.0,January,2023,1,1
ORD03426,2023-08-02,C0031,P009,Cooking Oil,Groceries,West,9,190.0,5,1710.0,August,2023,8,3
ORD03427,2023-01-21,C0064,P002,Mobile Phone,Electronics,East,10,16200.0,10,162000.0,January,2023,1,1
ORD03428,2023-06-18,C0078,P004,Desk Chair,Furniture,East,5,7200.0,10,36000.0,June,2023,6,2
ORD03429,2023-02-08,C0109,P004,Desk Chair,Furniture,North,6,8000.0,0,48000.0,February,2023,2,1
ORD03430,2023-02-21,C0053,P002,Mobile Phone,Electronics,West,8,16200.0,10,129600.0,February,2023,2,1
ORD03431,2023-02-14,C0127,P008,Rice 5kg,Groceries,North,2,297.5,15,595.0,February,2023,2,1
ORD03432,2023-06-08,C0005,P002,Mobile Phone,Electronics,South,10,15300.0,15,153000.0,June,2023,6,2
ORD03433,2023-10-12,C0168,P001,Laptop,Electronics,North,3,40500.0,10,121500.0,October,2023,10,4
ORD03434,2023-06-03,C0082,P009,Cooking Oil,Groceries,South,8,170.0,15,1360.0,June,2023,6,2
ORD03435,2023-08-12,C0122,P002,Mobile Phone,Electronics,East,10,18000.0,0,180000.0,August,2023,8,3
ORD03436,2023-02-06,C0062,P007,Jeans,Clothing,North,4,1349.1,10,5396.4,February,2023,2,1
ORD03437,2023-12-03,C0098,P005,Study Table,Furniture,North,10,12000.0,0,120000.0,December,2023,12,4
ORD03438,2023-03-19,C0031,P003,Headphones,Electronics,East,4,2125.0,15,8500.0,March,2023,3,1
ORD03439,2023-04-22,C0085,P004,Desk Chair,Furniture,North,2,8000.0,0,16000.0,April,2023,4,2
ORD03440,2023-07-28,C0141,P003,Headphones,Electronics,East,7,2500.0,0,17500.0,July,2023,7,3
ORD03441,2023-09-12,C0190,P006,T-Shirt,Clothing,East,3,679.15,15,2037.45,September,2023,9,3
ORD03442,2023-02-03,C0182,P006,T-Shirt,Clothing,West,5,759.05,5,3795.25,February,2023,2,1
ORD03443,2023-09-27,C0092,P010,Notebook,Stationery,West,5,54.0,10,270.0,September,2023,9,3
ORD03444,2023-01-30,C0008,P010,Notebook,Stationery,East,10,60.0,0,600.0,January,2023,1,1
ORD03445,2023-06-28,C0170,P006,T-Shirt,Clothing,West,7,759.05,5,5313.35,June,2023,6,2
ORD03446,2023-04-05,C0115,P009,Cooking Oil,Groceries,North,5,200.0,0,1000.0,April,2023,4,2
ORD03447,2023-07-07,C0007,P003,Headphones,Electronics,East,6,2375.0,5,14250.0,July,2023,7,3
ORD03448,2023-05-31,C0168,P001,Laptop,Electronics,East,1,45000.0,0,45000.0,May,2023,5,2
ORD03449,2023-08-04,C0047,P007,Jeans,Clothing,East,9,1274.15,15,11467.35,August,2023,8,3
ORD03450,2023-01-02,C0164,P008,Rice 5kg,Groceries,West,2,350.0,0,700.0,January,2023,1,1
ORD03452,2023-02-26,C0032,P004,Desk Chair,Furniture,East,9,6800.0,15,61200.0,February,2023,2,1
ORD03453,2023-10-10,C0038,P003,Headphones,Electronics,South,4,2500.0,0,10000.0,October,2023,10,4
ORD03454,2023-08-30,C0084,P001,Laptop,Electronics,South,9,45000.0,0,405000.0,August,2023,8,3
ORD03455,2023-06-02,C0009,P010,Notebook,Stationery,North,10,54.0,10,540.0,June,2023,6,2
ORD03456,2023-11-06,C0030,P009,Cooking Oil,Groceries,South,5,190.0,5,950.0,November,2023,11,4
ORD03457,2023-12-08,C0008,P002,Mobile Phone,Electronics,East,4,18000.0,0,72000.0,December,2023,12,4
ORD03458,2023-11-26,C0136,P008,Rice 5kg,Groceries,South,3,350.0,0,1050.0,November,2023,11,4
ORD03459,2023-11-24,C0180,P007,Jeans,Clothing,East,5,1499.0,0,7495.0,November,2023,11,4
ORD03460,2023-09-26,C0062,P001,Laptop,Electronics,North,10,42750.0,5,427500.0,September,2023,9,3
ORD03461,2023-02-22,C0160,P002,Mobile Phone,Electronics,East,1,18000.0,0,18000.0,February,2023,2,1
ORD03462,2023-02-09,C0157,P006,T-Shirt,Clothing,East,4,799.0,0,3196.0,February,2023,2,1
ORD03463,2023-05-15,C0074,P009,Cooking Oil,Groceries,West,2,170.0,15,340.0,May,2023,5,2
ORD03464,2023-01-19,C0045,P005,Study Table,Furniture,North,3,10800.0,10,32400.0,January,2023,1,1
ORD03465,2023-07-17,C0057,P010,Notebook,Stationery,East,4,60.0,0,240.0,July,2023,7,3
ORD03466,2023-10-13,C0150,P001,Laptop,Electronics,North,4,42750.0,5,171000.0,October,2023,10,4
ORD03467,2023-05-03,C0185,P010,Notebook,Stationery,West,8,60.0,0,480.0,May,2023,5,2
ORD03468,2023-06-26,C0127,P006,T-Shirt,Clothing,East,9,799.0,0,7191.0,June,2023,6,2
ORD03469,2023-04-06,C0148,P001,Laptop,Electronics,North,9,45000.0,0,405000.0,April,2023,4,2
ORD03470,2023-01-26,C0177,P007,Jeans,Clothing,East,10,1274.15,15,12741.5,January,2023,1,1
ORD03471,2023-01-08,C0097,P010,Notebook,Stationery,North,9,57.0,5,513.0,January,2023,1,1
ORD03472,2023-04-30,C0116,P007,Jeans,Clothing,East,8,1499.0,0,11992.0,April,2023,4,2
ORD03473,2023-03-15,C0114,P002,Mobile Phone,Electronics,West,7,18000.0,0,126000.0,March,2023,3,1
ORD03474,2023-10-28,C0142,P009,Cooking Oil,Groceries,North,2,200.0,0,400.0,October,2023,10,4
ORD03475,2023-04-10,C0123,P001,Laptop,Electronics,West,9,45000.0,0,405000.0,April,2023,4,2
ORD03476,2023-05-18,C0078,P010,Notebook,Stationery,West,7,60.0,0,420.0,May,2023,5,2
ORD03477,2023-09-30,C0073,P003,Headphones,Electronics,South,6,2500.0,0,15000.0,September,2023,9,3
ORD03478,2023-06-04,C0132,P005,Study Table,Furniture,North,3,12000.0,0,36000.0,June,2023,6,2
ORD03479,2023-02-26,C0185,P008,Rice 5kg,Groceries,East,3,350.0,0,1050.0,February,2023,2,1
ORD03480,2023-06-17,C0137,P007,Jeans,Clothing,East,10,1499.0,0,14990.0,June,2023,6,2
ORD03482,2023-05-03,C0196,P006,T-Shirt,Clothing,South,8,799.0,0,6392.0,May,2023,5,2
ORD03483,2023-07-03,C0047,P006,T-Shirt,Clothing,South,10,799.0,0,7990.0,July,2023,7,3
ORD03484,2023-07-18,C0058,P009,Cooking Oil,Groceries,North,3,180.0,10,540.0,July,2023,7,3
ORD03485,2023-07-20,C0048,P003,Headphones,Electronics,North,10,2375.0,5,23750.0,July,2023,7,3
ORD03486,2023-03-13,C0034,P005,Study Table,Furniture,North,3,10800.0,10,32400.0,March,2023,3,1
ORD03487,2023-07-03,C0176,P009,Cooking Oil,Groceries,South,3,200.0,0,600.0,July,2023,7,3
ORD03488,2023-09-01,C0002,P007,Jeans,Clothing,West,10,1499.0,0,14990.0,September,2023,9,3
ORD03489,2023-03-04,C0060,P006,T-Shirt,Clothing,South,1,799.0,0,799.0,March,2023,3,1
ORD03490,2023-03-19,C0012,P006,T-Shirt,Clothing,West,1,799.0,0,799.0,March,2023,3,1
ORD03491,2023-11-26,C0063,P002,Mobile Phone,Electronics,South,10,18000.0,0,180000.0,November,2023,11,4
ORD03492,2023-11-06,C0016,P010,Notebook,Stationery,North,8,60.0,0,480.0,November,2023,11,4
ORD03493,2023-02-20,C0097,P010,Notebook,Stationery,South,6,57.0,5,342.0,February,2023,2,1
ORD03494,2023-09-21,C0190,P005,Study Table,Furniture,East,8,12000.0,0,96000.0,September,2023,9,3
ORD03496,2023-04-30,C0022,P006,T-Shirt,Clothing,West,4,799.0,0,3196.0,April,2023,4,2
ORD03497,2023-06-19,C0097,P009,Cooking Oil,Groceries,East,2,200.0,0,400.0,June,2023,6,2
ORD03498,2023-03-02,C0158,P004,Desk Chair,Furniture,East,8,8000.0,0,64000.0,March,2023,3,1
ORD03499,2023-12-10,C0116,P010,Notebook,Stationery,West,2,60.0,0,120.0,December,2023,12,4
ORD03500,2023-06-26,C0046,P007,Jeans,Clothing,West,6,1499.0,0,8994.0,June,2023,6,2
ORD03501,2023-10-22,C0041,P002,Mobile Phone,Electronics,North,3,18000.0,0,54000.0,October,2023,10,4
ORD03502,2023-07-28,C0170,P008,Rice 5kg,Groceries,North,9,350.0,0,3150.0,July,2023,7,3
ORD03503,2023-02-05,C0173,P003,Headphones,Electronics,North,3,2500.0,0,7500.0,February,2023,2,1
ORD03504,2023-11-19,C0123,P008,Rice 5kg,Groceries,West,1,332.5,5,332.5,November,2023,11,4
ORD03505,2023-09-06,C0032,P003,Headphones,Electronics,East,4,2125.0,15,8500.0,September,2023,9,3
ORD03506,2023-09-22,C0185,P003,Headphones,Electronics,East,7,2125.0,15,14875.0,September,2023,9,3
ORD03507,2023-02-12,C0074,P004,Desk Chair,Furniture,South,8,8000.0,0,64000.0,February,2023,2,1
ORD03508,2023-05-06,C0117,P001,Laptop,Electronics,East,1,38250.0,15,38250.0,May,2023,5,2
ORD03509,2023-03-18,C0063,P009,Cooking Oil,Groceries,North,10,170.0,15,1700.0,March,2023,3,1
ORD03510,2023-11-17,C0129,P006,T-Shirt,Clothing,West,10,679.15,15,6791.5,November,2023,11,4
ORD03511,2023-05-13,C0027,P008,Rice 5kg,Groceries,West,9,297.5,15,2677.5,May,2023,5,2
ORD03512,2023-10-19,C0019,P008,Rice 5kg,Groceries,East,7,350.0,0,2450.0,October,2023,10,4
ORD03513,2023-02-20,C0200,P003,Headphones,Electronics,East,1,2500.0,0,2500.0,February,2023,2,1
ORD03514,2023-12-25,C0110,P007,Jeans,Clothing,West,6,1499.0,0,8994.0,December,2023,12,4
ORD03515,2023-03-15,C0125,P004,Desk Chair,Furniture,South,6,8000.0,0,48000.0,March,2023,3,1
ORD03516,2023-09-08,C0094,P006,T-Shirt,Clothing,West,4,799.0,0,3196.0,September,2023,9,3
ORD03517,2023-05-14,C0136,P010,Notebook,Stationery,West,8,57.0,5,456.0,May,2023,5,2
ORD03518,2023-10-23,C0074,P003,Headphones,Electronics,East,3,2500.0,0,7500.0,October,2023,10,4
ORD03519,2023-01-03,C0106,P007,Jeans,Clothing,South,3,1499.0,0,4497.0,January,2023,1,1
ORD03520,2023-02-26,C0037,P007,Jeans,Clothing,North,9,1499.0,0,13491.0,February,2023,2,1
ORD03521,2023-09-10,C0046,P008,Rice 5kg,Groceries,South,7,297.5,15,2082.5,September,2023,9,3
ORD03522,2023-04-21,C0066,P010,Notebook,Stationery,East,8,54.0,10,432.0,April,2023,4,2
ORD03523,2023-08-12,C0169,P010,Notebook,Stationery,East,2,60.0,0,120.0,August,2023,8,3
ORD03524,2023-08-25,C0141,P004,Desk Chair,Furniture,North,5,7600.0,5,38000.0,August,2023,8,3
ORD03525,2023-03-12,C0096,P008,Rice 5kg,Groceries,North,10,332.5,5,3325.0,March,2023,3,1
ORD03526,2023-04-15,C0059,P001,Laptop,Electronics,South,8,45000.0,0,360000.0,April,2023,4,2
ORD03527,2023-08-16,C0166,P003,Headphones,Electronics,South,4,2500.0,0,10000.0,August,2023,8,3
ORD03528,2023-07-22,C0125,P005,Study Table,Furniture,West,6,12000.0,0,72000.0,July,2023,7,3
ORD03529,2023-11-19,C0057,P007,Jeans,Clothing,South,4,1424.05,5,5696.2,November,2023,11,4
ORD03530,2023-01-03,C0029,P009,Cooking Oil,Groceries,North,7,200.0,0,1400.0,January,2023,1,1
ORD03531,2023-12-13,C0133,P003,Headphones,Electronics,East,1,2500.0,0,2500.0,December,2023,12,4
ORD03532,2023-04-15,C0053,P007,Jeans,Clothing,South,5,1349.1,10,6745.5,April,2023,4,2
ORD03533,2023-09-18,C0043,P010,Notebook,Stationery,West,7,60.0,0,420.0,September,2023,9,3
ORD03534,2023-01-05,C0086,P002,Mobile Phone,Electronics,East,4,17100.0,5,68400.0,January,2023,1,1
ORD03535,2023-01-13,C0144,P007,Jeans,Clothing,East,10,1499.0,0,14990.0,January,2023,1,1
ORD03536,2023-03-16,C0067,P001,Laptop,Electronics,East,2,45000.0,0,90000.0,March,2023,3,1
ORD03537,2023-01-26,C0168,P010,Notebook,Stationery,North,4,60.0,0,240.0,January,2023,1,1
ORD03538,2023-09-01,C0089,P005,Study Table,Furniture,North,7,12000.0,0,84000.0,September,2023,9,3
ORD03539,2023-11-24,C0194,P009,Cooking Oil,Groceries,North,9,180.0,10,1620.0,November,2023,11,4
ORD03540,2023-05-20,C0062,P001,Laptop,Electronics,North,5,45000.0,0,225000.0,May,2023,5,2
ORD03541,2023-12-18,C0055,P009,Cooking Oil,Groceries,East,6,200.0,0,1200.0,December,2023,12,4
ORD03542,2023-11-27,C0056,P002,Mobile Phone,Electronics,West,5,16200.0,10,81000.0,November,2023,11,4
ORD03543,2023-01-22,C0160,P009,Cooking Oil,Groceries,North,1,200.0,0,200.0,January,2023,1,1
ORD03544,2023-08-18,C0029,P006,T-Shirt,Clothing,West,7,799.0,0,5593.0,August,2023,8,3
ORD03545,2023-11-08,C0010,P005,Study Table,Furniture,South,1,12000.0,0,12000.0,November,2023,11,4
ORD03546,2023-09-27,C0178,P002,Mobile Phone,Electronics,South,7,16200.0,10,113400.0,September,2023,9,3
ORD03547,2023-09-22,C0100,P002,Mobile Phone,Electronics,West,2,18000.0,0,36000.0,September,2023,9,3
ORD03548,2023-10-19,C0147,P007,Jeans,Clothing,West,2,1499.0,0,2998.0,October,2023,10,4
ORD03549,2023-12-31,C0134,P006,T-Shirt,Clothing,South,10,679.15,15,6791.5,December,2023,12,4
ORD03550,2023-06-14,C0008,P002,Mobile Phone,Electronics,East,8,18000.0,0,144000.0,June,2023,6,2
ORD03551,2023-07-02,C0165,P006,T-Shirt,Clothing,North,4,799.0,0,3196.0,July,2023,7,3
ORD03552,2023-07-09,C0064,P008,Rice 5kg,Groceries,East,3,315.0,10,945.0,July,2023,7,3
ORD03553,2023-03-25,C0073,P010,Notebook,Stationery,South,10,54.0,10,540.0,March,2023,3,1
ORD03554,2023-09-04,C0086,P002,Mobile Phone,Electronics,North,8,15300.0,15,122400.0,September,2023,9,3
ORD03556,2023-09-21,C0088,P004,Desk Chair,Furniture,South,1,8000.0,0,8000.0,September,2023,9,3
ORD03557,2023-08-09,C0152,P003,Headphones,Electronics,South,8,2375.0,5,19000.0,August,2023,8,3
ORD03558,2023-06-13,C0033,P006,T-Shirt,Clothing,East,1,799.0,0,799.0,June,2023,6,2
ORD03559,2023-08-28,C0049,P004,Desk Chair,Furniture,North,1,7200.0,10,7200.0,August,2023,8,3
ORD03560,2023-01-05,C0164,P008,Rice 5kg,Groceries,West,3,297.5,15,892.5,January,2023,1,1
ORD03561,2023-08-29,C0117,P003,Headphones,Electronics,North,8,2375.0,5,19000.0,August,2023,8,3
ORD03562,2023-03-07,C0178,P005,Study Table,Furniture,West,3,12000.0,0,36000.0,March,2023,3,1
ORD03563,2023-02-01,C0003,P004,Desk Chair,Furniture,West,1,7200.0,10,7200.0,February,2023,2,1
ORD03564,2023-05-23,C0037,P001,Laptop,Electronics,South,3,38250.0,15,114750.0,May,2023,5,2
ORD03565,2023-12-04,C0124,P004,Desk Chair,Furniture,West,1,8000.0,0,8000.0,December,2023,12,4
ORD03566,2023-12-14,C0149,P010,Notebook,Stationery,West,7,60.0,0,420.0,December,2023,12,4
ORD03567,2023-07-24,C0104,P010,Notebook,Stationery,West,7,60.0,0,420.0,July,2023,7,3
ORD03568,2023-05-01,C0050,P010,Notebook,Stationery,East,7,54.0,10,378.0,May,2023,5,2
ORD03569,2023-03-24,C0073,P010,Notebook,Stationery,South,6,60.0,0,360.0,March,2023,3,1
ORD03570,2023-11-16,C0052,P006,T-Shirt,Clothing,South,4,759.05,5,3036.2,November,2023,11,4
ORD03571,2023-11-16,C0181,P002,Mobile Phone,Electronics,North,5,18000.0,0,90000.0,November,2023,11,4
ORD03572,2023-05-05,C0108,P005,Study Table,Furniture,North,8,10200.0,15,81600.0,May,2023,5,2
ORD03573,2023-06-18,C0010,P010,Notebook,Stationery,North,2,60.0,0,120.0,June,2023,6,2
ORD03574,2023-01-16,C0130,P003,Headphones,Electronics,North,7,2500.0,0,17500.0,January,2023,1,1
ORD03575,2023-05-14,C0120,P010,Notebook,Stationery,East,4,51.0,15,204.0,May,2023,5,2
ORD03576,2023-05-28,C0130,P004,Desk Chair,Furniture,South,4,8000.0,0,32000.0,May,2023,5,2
ORD03577,2023-05-26,C0147,P010,Notebook,Stationery,West,3,60.0,0,180.0,May,2023,5,2
ORD03578,2023-12-30,C0130,P005,Study Table,Furniture,West,7,12000.0,0,84000.0,December,2023,12,4
ORD03579,2023-01-12,C0054,P005,Study Table,Furniture,North,4,12000.0,0,48000.0,January,2023,1,1
ORD03580,2023-07-06,C0038,P003,Headphones,Electronics,South,7,2375.0,5,16625.0,July,2023,7,3
ORD03581,2023-09-13,C0172,P005,Study Table,Furniture,South,10,12000.0,0,120000.0,September,2023,9,3
ORD03582,2023-10-07,C0101,P001,Laptop,Electronics,North,3,45000.0,0,135000.0,October,2023,10,4
ORD03583,2023-02-14,C0151,P007,Jeans,Clothing,North,1,1499.0,0,1499.0,February,2023,2,1
ORD03584,2023-02-28,C0103,P004,Desk Chair,Furniture,South,3,7600.0,5,22800.0,February,2023,2,1
ORD03585,2023-08-04,C0168,P004,Desk Chair,Furniture,South,4,8000.0,0,32000.0,August,2023,8,3
ORD03586,2023-01-30,C0015,P004,Desk Chair,Furniture,North,1,8000.0,0,8000.0,January,2023,1,1
ORD03587,2023-02-03,C0142,P010,Notebook,Stationery,West,10,60.0,0,600.0,February,2023,2,1
ORD03588,2023-03-30,C0135,P005,Study Table,Furniture,South,9,12000.0,0,108000.0,March,2023,3,1
ORD03589,2023-11-04,C0194,P002,Mobile Phone,Electronics,South,6,16200.0,10,97200.0,November,2023,11,4
ORD03590,2023-12-28,C0057,P004,Desk Chair,Furniture,West,1,8000.0,0,8000.0,December,2023,12,4
ORD03591,2023-10-01,C0165,P007,Jeans,Clothing,North,7,1499.0,0,10493.0,October,2023,10,4
ORD03592,2023-11-22,C0110,P003,Headphones,Electronics,North,3,2125.0,15,6375.0,November,2023,11,4
ORD03593,2023-12-24,C0066,P010,Notebook,Stationery,West,5,57.0,5,285.0,December,2023,12,4
ORD03594,2023-01-19,C0090,P004,Desk Chair,Furniture,South,2,8000.0,0,16000.0,January,2023,1,1
ORD03595,2023-09-12,C0052,P001,Laptop,Electronics,West,10,42750.0,5,427500.0,September,2023,9,3
ORD03596,2023-10-27,C0032,P003,Headphones,Electronics,East,2,2250.0,10,4500.0,October,2023,10,4
ORD03597,2023-07-02,C0166,P004,Desk Chair,Furniture,North,8,7600.0,5,60800.0,July,2023,7,3
ORD03598,2023-12-20,C0026,P008,Rice 5kg,Groceries,West,7,332.5,5,2327.5,December,2023,12,4
ORD03599,2023-04-21,C0105,P003,Headphones,Electronics,South,9,2250.0,10,20250.0,April,2023,4,2
ORD03600,2023-12-02,C0102,P006,T-Shirt,Clothing,South,1,799.0,0,799.0,December,2023,12,4
ORD03601,2023-08-06,C0111,P010,Notebook,Stationery,West,3,60.0,0,180.0,August,2023,8,3
ORD03602,2023-12-25,C0177,P009,Cooking Oil,Groceries,South,1,180.0,10,180.0,December,2023,12,4
ORD03603,2023-04-06,C0141,P007,Jeans,Clothing,North,6,1499.0,0,8994.0,April,2023,4,2
ORD03604,2023-10-02,C0028,P004,Desk Chair,Furniture,South,6,7200.0,10,43200.0,October,2023,10,4
ORD03605,2023-08-11,C0083,P008,Rice 5kg,Groceries,West,8,350.0,0,2800.0,August,2023,8,3
ORD03607,2023-02-25,C0200,P005,Study Table,Furniture,West,2,11400.0,5,22800.0,February,2023,2,1
ORD03608,2023-03-13,C0152,P004,Desk Chair,Furniture,East,10,8000.0,0,80000.0,March,2023,3,1
ORD03609,2023-08-14,C0021,P002,Mobile Phone,Electronics,North,9,16200.0,10,145800.0,August,2023,8,3
ORD03611,2023-12-27,C0164,P005,Study Table,Furniture,South,5,10800.0,10,54000.0,December,2023,12,4
ORD03612,2023-08-26,C0013,P008,Rice 5kg,Groceries,South,6,297.5,15,1785.0,August,2023,8,3
ORD03613,2023-03-05,C0027,P010,Notebook,Stationery,South,4,60.0,0,240.0,March,2023,3,1
ORD03614,2023-01-19,C0127,P009,Cooking Oil,Groceries,East,7,170.0,15,1190.0,January,2023,1,1
ORD03615,2023-11-26,C0154,P001,Laptop,Electronics,East,7,38250.0,15,267750.0,November,2023,11,4
ORD03616,2023-11-06,C0054,P004,Desk Chair,Furniture,North,4,7600.0,5,30400.0,November,2023,11,4
ORD03618,2023-11-30,C0182,P005,Study Table,Furniture,West,3,11400.0,5,34200.0,November,2023,11,4
ORD03619,2023-05-03,C0121,P010,Notebook,Stationery,East,8,60.0,0,480.0,May,2023,5,2
ORD03620,2023-02-17,C0165,P006,T-Shirt,Clothing,East,8,679.15,15,5433.2,February,2023,2,1
ORD03621,2023-12-14,C0199,P010,Notebook,Stationery,West,6,57.0,5,342.0,December,2023,12,4
ORD03622,2023-07-05,C0166,P009,Cooking Oil,Groceries,East,8,200.0,0,1600.0,July,2023,7,3
ORD03623,2023-02-03,C0072,P005,Study Table,Furniture,West,6,10200.0,15,61200.0,February,2023,2,1
ORD03624,2023-09-21,C0051,P009,Cooking Oil,Groceries,East,7,200.0,0,1400.0,September,2023,9,3
ORD03625,2023-06-30,C0168,P009,Cooking Oil,Groceries,West,4,170.0,15,680.0,June,2023,6,2
ORD03626,2023-07-20,C0077,P008,Rice 5kg,Groceries,East,4,332.5,5,1330.0,July,2023,7,3
ORD03627,2023-09-26,C0121,P008,Rice 5kg,Groceries,North,8,350.0,0,2800.0,September,2023,9,3
ORD03628,2023-11-30,C0105,P005,Study Table,Furniture,South,4,12000.0,0,48000.0,November,2023,11,4
ORD03629,2023-08-09,C0153,P005,Study Table,Furniture,East,4,10200.0,15,40800.0,August,2023,8,3
ORD03630,2023-01-31,C0093,P001,Laptop,Electronics,North,5,45000.0,0,225000.0,January,2023,1,1
ORD03631,2023-01-05,C0014,P007,Jeans,Clothing,West,8,1499.0,0,11992.0,January,2023,1,1
ORD03632,2023-01-24,C0179,P010,Notebook,Stationery,West,4,54.0,10,216.0,January,2023,1,1
ORD03633,2023-06-11,C0070,P008,Rice 5kg,Groceries,East,3,315.0,10,945.0,June,2023,6,2
ORD03634,2023-01-15,C0017,P001,Laptop,Electronics,West,4,40500.0,10,162000.0,January,2023,1,1
ORD03635,2023-01-20,C0174,P006,T-Shirt,Clothing,South,2,799.0,0,1598.0,January,2023,1,1
ORD03636,2023-12-03,C0048,P005,Study Table,Furniture,North,6,12000.0,0,72000.0,December,2023,12,4
ORD03637,2023-11-02,C0068,P002,Mobile Phone,Electronics,South,3,17100.0,5,51300.0,November,2023,11,4
ORD03638,2023-02-10,C0185,P010,Notebook,Stationery,North,6,60.0,0,360.0,February,2023,2,1
ORD03639,2023-05-21,C0043,P006,T-Shirt,Clothing,West,10,799.0,0,7990.0,May,2023,5,2
ORD03640,2023-08-11,C0173,P005,Study Table,Furniture,West,3,10800.0,10,32400.0,August,2023,8,3
ORD03641,2023-01-27,C0135,P006,T-Shirt,Clothing,East,2,679.15,15,1358.3,January,2023,1,1
ORD03642,2023-05-30,C0088,P009,Cooking Oil,Groceries,North,6,200.0,0,1200.0,May,2023,5,2
ORD03643,2023-02-11,C0150,P001,Laptop,Electronics,South,10,38250.0,15,382500.0,February,2023,2,1
ORD03644,2023-06-10,C0194,P005,Study Table,Furniture,South,6,12000.0,0,72000.0,June,2023,6,2
ORD03645,2023-04-06,C0140,P007,Jeans,Clothing,North,3,1424.05,5,4272.15,April,2023,4,2
ORD03646,2023-02-18,C0036,P008,Rice 5kg,Groceries,North,5,332.5,5,1662.5,February,2023,2,1
ORD03647,2023-03-27,C0195,P006,T-Shirt,Clothing,West,7,679.15,15,4754.05,March,2023,3,1
ORD03648,2023-05-12,C0135,P007,Jeans,Clothing,North,1,1349.1,10,1349.1,May,2023,5,2
ORD03649,2023-01-08,C0151,P008,Rice 5kg,Groceries,North,7,350.0,0,2450.0,January,2023,1,1
ORD03650,2023-01-11,C0061,P010,Notebook,Stationery,East,7,60.0,0,420.0,January,2023,1,1
ORD03651,2023-06-21,C0009,P008,Rice 5kg,Groceries,East,1,350.0,0,350.0,June,2023,6,2
ORD03652,2023-12-13,C0181,P009,Cooking Oil,Groceries,West,3,200.0,0,600.0,December,2023,12,4
ORD03653,2023-05-24,C0059,P002,Mobile Phone,Electronics,North,3,18000.0,0,54000.0,May,2023,5,2
ORD03654,2023-03-19,C0015,P002,Mobile Phone,Electronics,South,5,15300.0,15,76500.0,March,2023,3,1
ORD03655,2023-01-24,C0174,P007,Jeans,Clothing,South,5,1499.0,0,7495.0,January,2023,1,1
ORD03656,2023-05-11,C0034,P004,Desk Chair,Furniture,West,2,8000.0,0,16000.0,May,2023,5,2
ORD03657,2023-11-07,C0157,P007,Jeans,Clothing,North,8,1499.0,0,11992.0,November,2023,11,4
ORD03658,2023-05-27,C0161,P010,Notebook,Stationery,East,1,51.0,15,51.0,May,2023,5,2
ORD03659,2023-08-12,C0158,P004,Desk Chair,Furniture,East,5,8000.0,0,40000.0,August,2023,8,3
ORD03660,2023-10-27,C0124,P001,Laptop,Electronics,West,3,38250.0,15,114750.0,October,2023,10,4
ORD03661,2023-03-17,C0175,P006,T-Shirt,Clothing,North,1,759.05,5,759.05,March,2023,3,1
ORD03662,2023-06-23,C0017,P010,Notebook,Stationery,West,3,57.0,5,171.0,June,2023,6,2
ORD03663,2023-12-17,C0158,P002,Mobile Phone,Electronics,North,7,18000.0,0,126000.0,December,2023,12,4
ORD03664,2023-03-21,C0041,P008,Rice 5kg,Groceries,North,4,315.0,10,1260.0,March,2023,3,1
ORD03665,2023-08-15,C0056,P010,Notebook,Stationery,West,2,60.0,0,120.0,August,2023,8,3
ORD03666,2023-10-17,C0132,P001,Laptop,Electronics,West,6,45000.0,0,270000.0,October,2023,10,4
ORD03667,2023-11-13,C0187,P005,Study Table,Furniture,North,6,10800.0,10,64800.0,November,2023,11,4
ORD03669,2023-10-14,C0127,P007,Jeans,Clothing,North,9,1499.0,0,13491.0,October,2023,10,4
ORD03670,2023-03-29,C0153,P005,Study Table,Furniture,East,6,12000.0,0,72000.0,March,2023,3,1
ORD03671,2023-11-29,C0200,P007,Jeans,Clothing,North,1,1499.0,0,1499.0,November,2023,11,4
ORD03672,2023-12-17,C0177,P004,Desk Chair,Furniture,West,5,7600.0,5,38000.0,December,2023,12,4
ORD03673,2023-03-16,C0062,P002,Mobile Phone,Electronics,West,9,15300.0,15,137700.0,March,2023,3,1
ORD03674,2023-12-07,C0034,P002,Mobile Phone,Electronics,West,4,16200.0,10,64800.0,December,2023,12,4
ORD03675,2023-05-06,C0072,P006,T-Shirt,Clothing,West,2,799.0,0,1598.0,May,2023,5,2
ORD03676,2023-02-20,C0061,P003,Headphones,Electronics,South,3,2500.0,0,7500.0,February,2023,2,1
ORD03677,2023-04-11,C0176,P001,Laptop,Electronics,North,9,38250.0,15,344250.0,April,2023,4,2
ORD03678,2023-11-23,C0106,P009,Cooking Oil,Groceries,South,2,170.0,15,340.0,November,2023,11,4
ORD03679,2023-12-08,C0175,P009,Cooking Oil,Groceries,North,10,170.0,15,1700.0,December,2023,12,4
ORD03680,2023-01-07,C0120,P004,Desk Chair,Furniture,East,7,7200.0,10,50400.0,January,2023,1,1
ORD03681,2023-01-12,C0091,P003,Headphones,Electronics,South,1,2500.0,0,2500.0,January,2023,1,1
ORD03682,2023-01-05,C0117,P002,Mobile Phone,Electronics,North,1,17100.0,5,17100.0,January,2023,1,1
ORD03683,2023-12-10,C0137,P006,T-Shirt,Clothing,East,1,679.15,15,679.15,December,2023,12,4
ORD03684,2023-02-11,C0196,P001,Laptop,Electronics,North,9,45000.0,0,405000.0,February,2023,2,1
ORD03685,2023-11-26,C0078,P002,Mobile Phone,Electronics,East,10,18000.0,0,180000.0,November,2023,11,4
ORD03686,2023-11-12,C0102,P010,Notebook,Stationery,East,8,60.0,0,480.0,November,2023,11,4
ORD03687,2023-08-08,C0128,P010,Notebook,Stationery,North,3,57.0,5,171.0,August,2023,8,3
ORD03688,2023-08-01,C0193,P002,Mobile Phone,Electronics,South,9,16200.0,10,145800.0,August,2023,8,3
ORD03689,2023-03-10,C0190,P006,T-Shirt,Clothing,West,7,799.0,0,5593.0,March,2023,3,1
ORD03690,2023-01-13,C0096,P008,Rice 5kg,Groceries,East,9,350.0,0,3150.0,January,2023,1,1
ORD03691,2023-09-02,C0192,P004,Desk Chair,Furniture,East,9,7200.0,10,64800.0,September,2023,9,3
ORD03692,2023-12-02,C0184,P003,Headphones,Electronics,East,4,2125.0,15,8500.0,December,2023,12,4
ORD03693,2023-07-15,C0046,P005,Study Table,Furniture,West,5,11400.0,5,57000.0,July,2023,7,3
ORD03694,2023-02-26,C0019,P001,Laptop,Electronics,West,5,38250.0,15,191250.0,February,2023,2,1
ORD03695,2023-12-10,C0027,P005,Study Table,Furniture,East,3,10200.0,15,30600.0,December,2023,12,4
ORD03696,2023-09-30,C0189,P002,Mobile Phone,Electronics,West,10,17100.0,5,171000.0,September,2023,9,3
ORD03697,2023-05-09,C0100,P005,Study Table,Furniture,East,8,12000.0,0,96000.0,May,2023,5,2
ORD03698,2023-09-05,C0006,P007,Jeans,Clothing,South,10,1349.1,10,13491.0,September,2023,9,3
ORD03699,2023-05-23,C0139,P004,Desk Chair,Furniture,South,1,8000.0,0,8000.0,May,2023,5,2
ORD03700,2023-04-27,C0177,P004,Desk Chair,Furniture,North,7,6800.0,15,47600.0,April,2023,4,2
ORD03701,2023-11-01,C0030,P003,Headphones,Electronics,South,3,2125.0,15,6375.0,November,2023,11,4
ORD03702,2023-05-24,C0017,P006,T-Shirt,Clothing,North,10,799.0,0,7990.0,May,2023,5,2
ORD03703,2023-02-11,C0140,P003,Headphones,Electronics,West,10,2500.0,0,25000.0,February,2023,2,1
ORD03704,2023-09-23,C0050,P005,Study Table,Furniture,North,8,12000.0,0,96000.0,September,2023,9,3
ORD03705,2023-01-28,C0123,P010,Notebook,Stationery,East,7,51.0,15,357.0,January,2023,1,1
ORD03706,2023-09-02,C0073,P009,Cooking Oil,Groceries,West,5,180.0,10,900.0,September,2023,9,3
ORD03707,2023-09-09,C0032,P003,Headphones,Electronics,North,3,2500.0,0,7500.0,September,2023,9,3
ORD03708,2023-09-22,C0189,P006,T-Shirt,Clothing,North,7,799.0,0,5593.0,September,2023,9,3
ORD03709,2023-02-09,C0127,P002,Mobile Phone,Electronics,South,1,17100.0,5,17100.0,February,2023,2,1
ORD03710,2023-02-18,C0105,P006,T-Shirt,Clothing,South,7,799.0,0,5593.0,February,2023,2,1
ORD03711,2023-08-18,C0046,P008,Rice 5kg,Groceries,West,6,350.0,0,2100.0,August,2023,8,3
ORD03712,2023-09-07,C0144,P010,Notebook,Stationery,North,7,60.0,0,420.0,September,2023,9,3
ORD03713,2023-12-30,C0152,P004,Desk Chair,Furniture,North,9,6800.0,15,61200.0,December,2023,12,4
ORD03714,2023-04-17,C0165,P003,Headphones,Electronics,North,1,2500.0,0,2500.0,April,2023,4,2
ORD03715,2023-12-16,C0179,P008,Rice 5kg,Groceries,South,6,350.0,0,2100.0,December,2023,12,4
ORD03716,2023-05-04,C0020,P004,Desk Chair,Furniture,West,7,8000.0,0,56000.0,May,2023,5,2
ORD03717,2023-01-24,C0080,P005,Study Table,Furniture,North,10,12000.0,0,120000.0,January,2023,1,1
ORD03718,2023-06-01,C0096,P010,Notebook,Stationery,East,6,51.0,15,306.0,June,2023,6,2
ORD03719,2023-11-03,C0151,P007,Jeans,Clothing,North,4,1274.15,15,5096.6,November,2023,11,4
ORD03720,2023-03-20,C0038,P004,Desk Chair,Furniture,East,10,6800.0,15,68000.0,March,2023,3,1
ORD03721,2023-02-05,C0154,P002,Mobile Phone,Electronics,South,8,18000.0,0,144000.0,February,2023,2,1
ORD03722,2023-08-04,C0046,P002,Mobile Phone,Electronics,North,5,17100.0,5,85500.0,August,2023,8,3
ORD03723,2023-03-04,C0179,P004,Desk Chair,Furniture,West,7,8000.0,0,56000.0,March,2023,3,1
ORD03724,2023-04-17,C0186,P006,T-Shirt,Clothing,East,5,799.0,0,3995.0,April,2023,4,2
ORD03725,2023-11-05,C0063,P007,Jeans,Clothing,North,4,1499.0,0,5996.0,November,2023,11,4
ORD03726,2023-12-05,C0189,P010,Notebook,Stationery,East,7,54.0,10,378.0,December,2023,12,4
ORD03727,2023-12-05,C0079,P010,Notebook,Stationery,East,7,51.0,15,357.0,December,2023,12,4
ORD03728,2023-05-23,C0187,P008,Rice 5kg,Groceries,North,3,297.5,15,892.5,May,2023,5,2
ORD03729,2023-02-25,C0118,P010,Notebook,Stationery,West,3,51.0,15,153.0,February,2023,2,1
ORD03730,2023-07-25,C0131,P006,T-Shirt,Clothing,North,2,759.05,5,1518.1,July,2023,7,3
ORD03731,2023-08-08,C0116,P010,Notebook,Stationery,North,8,60.0,0,480.0,August,2023,8,3
ORD03732,2023-05-31,C0003,P008,Rice 5kg,Groceries,South,4,297.5,15,1190.0,May,2023,5,2
ORD03733,2023-12-19,C0158,P003,Headphones,Electronics,South,5,2500.0,0,12500.0,December,2023,12,4
ORD03734,2023-05-01,C0112,P004,Desk Chair,Furniture,East,3,6800.0,15,20400.0,May,2023,5,2
ORD03735,2023-06-08,C0075,P009,Cooking Oil,Groceries,East,2,170.0,15,340.0,June,2023,6,2
ORD03736,2023-12-09,C0172,P009,Cooking Oil,Groceries,North,5,200.0,0,1000.0,December,2023,12,4
ORD03737,2023-11-04,C0079,P006,T-Shirt,Clothing,West,1,679.15,15,679.15,November,2023,11,4
ORD03738,2023-09-21,C0110,P002,Mobile Phone,Electronics,North,2,15300.0,15,30600.0,September,2023,9,3
ORD03739,2023-10-22,C0073,P005,Study Table,Furniture,North,1,10800.0,10,10800.0,October,2023,10,4
ORD03740,2023-12-28,C0017,P010,Notebook,Stationery,South,9,54.0,10,486.0,December,2023,12,4
ORD03741,2023-02-17,C0176,P003,Headphones,Electronics,North,5,2500.0,0,12500.0,February,2023,2,1
ORD03742,2023-02-06,C0007,P007,Jeans,Clothing,South,2,1274.15,15,2548.3,February,2023,2,1
ORD03743,2023-10-23,C0152,P005,Study Table,Furniture,South,3,10200.0,15,30600.0,October,2023,10,4
ORD03744,2023-12-31,C0098,P004,Desk Chair,Furniture,West,8,7600.0,5,60800.0,December,2023,12,4
ORD03745,2023-03-27,C0146,P007,Jeans,Clothing,East,10,1499.0,0,14990.0,March,2023,3,1
ORD03746,2023-02-17,C0017,P002,Mobile Phone,Electronics,South,10,18000.0,0,180000.0,February,2023,2,1
ORD03747,2023-03-06,C0072,P010,Notebook,Stationery,South,4,60.0,0,240.0,March,2023,3,1
ORD03748,2023-04-07,C0070,P003,Headphones,Electronics,West,9,2125.0,15,19125.0,April,2023,4,2
ORD03749,2023-04-28,C0061,P009,Cooking Oil,Groceries,East,9,180.0,10,1620.0,April,2023,4,2
ORD03750,2023-11-10,C0066,P009,Cooking Oil,Groceries,North,7,190.0,5,1330.0,November,2023,11,4
ORD03751,2023-05-26,C0064,P006,T-Shirt,Clothing,South,5,799.0,0,3995.0,May,2023,5,2
ORD03752,2023-06-25,C0006,P003,Headphones,Electronics,West,9,2500.0,0,22500.0,June,2023,6,2
ORD03753,2023-03-25,C0195,P001,Laptop,Electronics,East,10,45000.0,0,450000.0,March,2023,3,1
ORD03754,2023-10-19,C0110,P008,Rice 5kg,Groceries,West,1,350.0,0,350.0,October,2023,10,4
ORD03755,2023-07-27,C0085,P010,Notebook,Stationery,North,2,57.0,5,114.0,July,2023,7,3
ORD03756,2023-01-03,C0010,P009,Cooking Oil,Groceries,East,9,200.0,0,1800.0,January,2023,1,1
ORD03757,2023-05-26,C0190,P008,Rice 5kg,Groceries,West,4,350.0,0,1400.0,May,2023,5,2
ORD03758,2023-10-29,C0138,P007,Jeans,Clothing,East,7,1424.05,5,9968.35,October,2023,10,4
ORD03759,2023-11-25,C0006,P002,Mobile Phone,Electronics,West,8,15300.0,15,122400.0,November,2023,11,4
ORD03760,2023-02-12,C0021,P005,Study Table,Furniture,North,10,11400.0,5,114000.0,February,2023,2,1
ORD03761,2023-08-18,C0027,P009,Cooking Oil,Groceries,East,5,170.0,15,850.0,August,2023,8,3
ORD03762,2023-06-16,C0001,P007,Jeans,Clothing,East,7,1274.15,15,8919.05,June,2023,6,2
ORD03763,2023-02-19,C0099,P007,Jeans,Clothing,West,1,1274.15,15,1274.15,February,2023,2,1
ORD03764,2023-12-22,C0054,P003,Headphones,Electronics,East,4,2500.0,0,10000.0,December,2023,12,4
ORD03765,2023-06-17,C0005,P007,Jeans,Clothing,East,10,1349.1,10,13491.0,June,2023,6,2
ORD03766,2023-12-29,C0148,P006,T-Shirt,Clothing,South,7,759.05,5,5313.35,December,2023,12,4
ORD03767,2023-10-15,C0112,P003,Headphones,Electronics,North,5,2500.0,0,12500.0,October,2023,10,4
ORD03768,2023-08-17,C0032,P010,Notebook,Stationery,East,3,60.0,0,180.0,August,2023,8,3
ORD03769,2023-05-04,C0138,P006,T-Shirt,Clothing,East,1,679.15,15,679.15,May,2023,5,2
ORD03770,2023-06-04,C0132,P007,Jeans,Clothing,North,3,1424.05,5,4272.15,June,2023,6,2
ORD03771,2023-05-28,C0147,P004,Desk Chair,Furniture,South,9,6800.0,15,61200.0,May,2023,5,2
ORD03772,2023-07-17,C0051,P009,Cooking Oil,Groceries,East,1,170.0,15,170.0,July,2023,7,3
ORD03773,2023-03-14,C0113,P002,Mobile Phone,Electronics,West,1,18000.0,0,18000.0,March,2023,3,1
ORD03774,2023-05-31,C0165,P010,Notebook,Stationery,East,4,60.0,0,240.0,May,2023,5,2
ORD03775,2023-09-26,C0097,P008,Rice 5kg,Groceries,West,8,350.0,0,2800.0,September,2023,9,3
ORD03776,2023-01-27,C0050,P006,T-Shirt,Clothing,West,7,799.0,0,5593.0,January,2023,1,1
ORD03777,2023-11-01,C0067,P005,Study Table,Furniture,West,4,10200.0,15,40800.0,November,2023,11,4
ORD03778,2023-10-03,C0019,P004,Desk Chair,Furniture,South,4,8000.0,0,32000.0,October,2023,10,4
ORD03779,2023-01-25,C0115,P007,Jeans,Clothing,South,2,1424.05,5,2848.1,January,2023,1,1
ORD03780,2023-08-25,C0119,P005,Study Table,Furniture,West,5,12000.0,0,60000.0,August,2023,8,3
ORD03781,2023-07-20,C0114,P003,Headphones,Electronics,East,7,2500.0,0,17500.0,July,2023,7,3
ORD03782,2023-09-11,C0068,P009,Cooking Oil,Groceries,West,10,190.0,5,1900.0,September,2023,9,3
ORD03783,2023-05-27,C0167,P010,Notebook,Stationery,South,5,51.0,15,255.0,May,2023,5,2
ORD03784,2023-07-01,C0049,P006,T-Shirt,Clothing,West,3,719.1,10,2157.3,July,2023,7,3
ORD03785,2023-07-19,C0120,P001,Laptop,Electronics,West,4,42750.0,5,171000.0,July,2023,7,3
ORD03786,2023-09-03,C0108,P005,Study Table,Furniture,West,3,12000.0,0,36000.0,September,2023,9,3
ORD03787,2023-06-02,C0023,P008,Rice 5kg,Groceries,North,6,350.0,0,2100.0,June,2023,6,2
ORD03788,2023-11-15,C0151,P004,Desk Chair,Furniture,North,4,8000.0,0,32000.0,November,2023,11,4
ORD03789,2023-01-18,C0105,P001,Laptop,Electronics,East,10,45000.0,0,450000.0,January,2023,1,1
ORD03790,2023-05-29,C0185,P003,Headphones,Electronics,East,4,2125.0,15,8500.0,May,2023,5,2
ORD03791,2023-05-06,C0088,P006,T-Shirt,Clothing,South,7,799.0,0,5593.0,May,2023,5,2
ORD03792,2023-01-17,C0162,P003,Headphones,Electronics,North,7,2375.0,5,16625.0,January,2023,1,1
ORD03793,2023-02-10,C0018,P008,Rice 5kg,Groceries,North,1,315.0,10,315.0,February,2023,2,1
ORD03794,2023-02-09,C0021,P010,Notebook,Stationery,West,6,57.0,5,342.0,February,2023,2,1
ORD03795,2023-12-16,C0082,P002,Mobile Phone,Electronics,South,9,18000.0,0,162000.0,December,2023,12,4
ORD03796,2023-02-09,C0080,P005,Study Table,Furniture,East,7,11400.0,5,79800.0,February,2023,2,1
ORD03797,2023-11-28,C0105,P002,Mobile Phone,Electronics,West,9,15300.0,15,137700.0,November,2023,11,4
ORD03798,2023-07-24,C0172,P008,Rice 5kg,Groceries,West,10,332.5,5,3325.0,July,2023,7,3
ORD03799,2023-07-10,C0183,P010,Notebook,Stationery,South,1,51.0,15,51.0,July,2023,7,3
ORD03800,2023-01-09,C0135,P010,Notebook,Stationery,North,10,60.0,0,600.0,January,2023,1,1
ORD03801,2023-04-03,C0148,P004,Desk Chair,Furniture,South,4,8000.0,0,32000.0,April,2023,4,2
ORD03802,2023-09-04,C0175,P001,Laptop,Electronics,South,6,45000.0,0,270000.0,September,2023,9,3
ORD03803,2023-01-29,C0091,P003,Headphones,Electronics,North,2,2500.0,0,5000.0,January,2023,1,1
ORD03804,2023-06-07,C0125,P007,Jeans,Clothing,East,7,1499.0,0,10493.0,June,2023,6,2
ORD03805,2023-05-10,C0117,P009,Cooking Oil,Groceries,East,10,200.0,0,2000.0,May,2023,5,2
ORD03806,2023-04-07,C0084,P005,Study Table,Furniture,East,3,12000.0,0,36000.0,April,2023,4,2
ORD03807,2023-09-04,C0166,P003,Headphones,Electronics,South,4,2250.0,10,9000.0,September,2023,9,3
ORD03808,2023-06-08,C0128,P009,Cooking Oil,Groceries,West,7,190.0,5,1330.0,June,2023,6,2
ORD03810,2023-08-03,C0198,P006,T-Shirt,Clothing,East,4,799.0,0,3196.0,August,2023,8,3
ORD03811,2023-10-03,C0094,P004,Desk Chair,Furniture,South,10,7200.0,10,72000.0,October,2023,10,4
ORD03812,2023-11-15,C0159,P010,Notebook,Stationery,North,6,60.0,0,360.0,November,2023,11,4
ORD03813,2023-07-12,C0085,P002,Mobile Phone,Electronics,East,3,16200.0,10,48600.0,July,2023,7,3
ORD03814,2023-06-26,C0195,P002,Mobile Phone,Electronics,South,7,17100.0,5,119700.0,June,2023,6,2
ORD03815,2023-06-09,C0137,P002,Mobile Phone,Electronics,North,10,18000.0,0,180000.0,June,2023,6,2
ORD03816,2023-09-30,C0017,P001,Laptop,Electronics,East,1,45000.0,0,45000.0,September,2023,9,3
ORD03817,2023-06-09,C0041,P003,Headphones,Electronics,North,10,2500.0,0,25000.0,June,2023,6,2
ORD03818,2023-05-04,C0196,P010,Notebook,Stationery,North,8,51.0,15,408.0,May,2023,5,2
ORD03819,2023-09-21,C0081,P002,Mobile Phone,Electronics,South,3,18000.0,0,54000.0,September,2023,9,3
ORD03820,2023-07-25,C0023,P002,Mobile Phone,Electronics,South,2,18000.0,0,36000.0,July,2023,7,3
ORD03821,2023-01-28,C0017,P006,T-Shirt,Clothing,East,6,799.0,0,4794.0,January,2023,1,1
ORD03822,2023-08-19,C0113,P005,Study Table,Furniture,North,5,12000.0,0,60000.0,August,2023,8,3
ORD03823,2023-07-28,C0093,P001,Laptop,Electronics,East,10,38250.0,15,382500.0,July,2023,7,3
ORD03824,2023-12-29,C0111,P008,Rice 5kg,Groceries,South,7,297.5,15,2082.5,December,2023,12,4
ORD03825,2023-04-05,C0153,P005,Study Table,Furniture,North,2,10800.0,10,21600.0,April,2023,4,2
ORD03826,2023-03-20,C0015,P010,Notebook,Stationery,West,5,60.0,0,300.0,March,2023,3,1
ORD03827,2023-08-03,C0027,P010,Notebook,Stationery,West,2,60.0,0,120.0,August,2023,8,3
ORD03828,2023-01-31,C0193,P010,Notebook,Stationery,South,2,60.0,0,120.0,January,2023,1,1
ORD03829,2023-03-14,C0107,P002,Mobile Phone,Electronics,South,7,16200.0,10,113400.0,March,2023,3,1
ORD03830,2023-07-25,C0044,P008,Rice 5kg,Groceries,West,6,297.5,15,1785.0,July,2023,7,3
ORD03831,2023-09-28,C0050,P007,Jeans,Clothing,East,3,1499.0,0,4497.0,September,2023,9,3
ORD03832,2023-06-26,C0146,P002,Mobile Phone,Electronics,South,1,18000.0,0,18000.0,June,2023,6,2
ORD03833,2023-03-09,C0142,P006,T-Shirt,Clothing,West,8,799.0,0,6392.0,March,2023,3,1
ORD03834,2023-11-27,C0170,P003,Headphones,Electronics,West,1,2500.0,0,2500.0,November,2023,11,4
ORD03835,2023-03-07,C0066,P006,T-Shirt,Clothing,South,10,759.05,5,7590.5,March,2023,3,1
ORD03836,2023-02-15,C0076,P003,Headphones,Electronics,East,10,2500.0,0,25000.0,February,2023,2,1
ORD03837,2023-09-20,C0165,P001,Laptop,Electronics,North,6,38250.0,15,229500.0,September,2023,9,3
ORD03838,2023-07-14,C0012,P009,Cooking Oil,Groceries,East,7,200.0,0,1400.0,July,2023,7,3
ORD03839,2023-08-03,C0092,P003,Headphones,Electronics,East,5,2500.0,0,12500.0,August,2023,8,3
ORD03840,2023-01-22,C0184,P007,Jeans,Clothing,North,10,1499.0,0,14990.0,January,2023,1,1
ORD03841,2023-06-19,C0112,P009,Cooking Oil,Groceries,West,10,180.0,10,1800.0,June,2023,6,2
ORD03842,2023-06-18,C0161,P001,Laptop,Electronics,East,2,42750.0,5,85500.0,June,2023,6,2
ORD03843,2023-09-29,C0131,P009,Cooking Oil,Groceries,West,9,190.0,5,1710.0,September,2023,9,3
ORD03844,2023-05-02,C0019,P007,Jeans,Clothing,South,10,1349.1,10,13491.0,May,2023,5,2
ORD03845,2023-10-30,C0006,P007,Jeans,Clothing,North,3,1499.0,0,4497.0,October,2023,10,4
ORD03846,2023-01-05,C0072,P004,Desk Chair,Furniture,West,9,7600.0,5,68400.0,January,2023,1,1
ORD03847,2023-11-12,C0004,P008,Rice 5kg,Groceries,South,2,315.0,10,630.0,November,2023,11,4
ORD03848,2023-10-28,C0196,P002,Mobile Phone,Electronics,East,5,16200.0,10,81000.0,October,2023,10,4
ORD03849,2023-02-07,C0151,P010,Notebook,Stationery,North,5,60.0,0,300.0,February,2023,2,1
ORD03850,2023-06-07,C0113,P001,Laptop,Electronics,South,6,45000.0,0,270000.0,June,2023,6,2
ORD03851,2023-04-21,C0164,P002,Mobile Phone,Electronics,North,7,17100.0,5,119700.0,April,2023,4,2
ORD03852,2023-07-21,C0127,P004,Desk Chair,Furniture,North,3,6800.0,15,20400.0,July,2023,7,3
ORD03853,2023-11-17,C0136,P009,Cooking Oil,Groceries,West,9,190.0,5,1710.0,November,2023,11,4
ORD03854,2023-07-08,C0199,P003,Headphones,Electronics,South,10,2500.0,0,25000.0,July,2023,7,3
ORD03855,2023-02-26,C0135,P003,Headphones,Electronics,South,9,2500.0,0,22500.0,February,2023,2,1
ORD03856,2023-09-21,C0088,P001,Laptop,Electronics,West,7,40500.0,10,283500.0,September,2023,9,3
ORD03857,2023-11-24,C0127,P007,Jeans,Clothing,North,8,1424.05,5,11392.4,November,2023,11,4
ORD03858,2023-09-03,C0069,P006,T-Shirt,Clothing,East,9,799.0,0,7191.0,September,2023,9,3
ORD03859,2023-02-10,C0060,P008,Rice 5kg,Groceries,East,6,350.0,0,2100.0,February,2023,2,1
ORD03860,2023-12-17,C0182,P008,Rice 5kg,Groceries,East,6,350.0,0,2100.0,December,2023,12,4
ORD03861,2023-05-21,C0138,P009,Cooking Oil,Groceries,West,10,190.0,5,1900.0,May,2023,5,2
ORD03862,2023-07-17,C0176,P002,Mobile Phone,Electronics,South,5,16200.0,10,81000.0,July,2023,7,3
ORD03863,2023-11-13,C0127,P002,Mobile Phone,Electronics,West,2,16200.0,10,32400.0,November,2023,11,4
ORD03864,2023-06-12,C0019,P010,Notebook,Stationery,East,7,60.0,0,420.0,June,2023,6,2
ORD03865,2023-08-14,C0136,P002,Mobile Phone,Electronics,West,10,17100.0,5,171000.0,August,2023,8,3
ORD03866,2023-06-29,C0189,P001,Laptop,Electronics,South,10,45000.0,0,450000.0,June,2023,6,2
ORD03867,2023-06-17,C0148,P004,Desk Chair,Furniture,West,1,8000.0,0,8000.0,June,2023,6,2
ORD03868,2023-09-26,C0072,P005,Study Table,Furniture,South,3,12000.0,0,36000.0,September,2023,9,3
ORD03869,2023-07-30,C0142,P003,Headphones,Electronics,North,8,2375.0,5,19000.0,July,2023,7,3
ORD03870,2023-12-22,C0013,P005,Study Table,Furniture,North,7,10200.0,15,71400.0,December,2023,12,4
ORD03871,2023-04-15,C0051,P001,Laptop,Electronics,East,5,45000.0,0,225000.0,April,2023,4,2
ORD03872,2023-05-04,C0096,P006,T-Shirt,Clothing,West,4,759.05,5,3036.2,May,2023,5,2
ORD03873,2023-05-14,C0070,P002,Mobile Phone,Electronics,West,6,18000.0,0,108000.0,May,2023,5,2
ORD03874,2023-01-21,C0158,P010,Notebook,Stationery,West,3,57.0,5,171.0,January,2023,1,1
ORD03875,2023-03-11,C0013,P007,Jeans,Clothing,East,3,1424.05,5,4272.15,March,2023,3,1
ORD03876,2023-02-02,C0028,P005,Study Table,Furniture,South,10,10800.0,10,108000.0,February,2023,2,1
ORD03877,2023-11-17,C0175,P006,T-Shirt,Clothing,South,7,759.05,5,5313.35,November,2023,11,4
ORD03878,2023-07-02,C0083,P001,Laptop,Electronics,South,3,45000.0,0,135000.0,July,2023,7,3
ORD03879,2023-06-13,C0141,P008,Rice 5kg,Groceries,South,8,350.0,0,2800.0,June,2023,6,2
ORD03880,2023-04-22,C0156,P003,Headphones,Electronics,East,7,2500.0,0,17500.0,April,2023,4,2
ORD03881,2023-07-22,C0001,P005,Study Table,Furniture,West,5,10200.0,15,51000.0,July,2023,7,3
ORD03882,2023-02-12,C0171,P001,Laptop,Electronics,North,8,45000.0,0,360000.0,February,2023,2,1
ORD03883,2023-02-05,C0040,P008,Rice 5kg,Groceries,East,6,350.0,0,2100.0,February,2023,2,1
ORD03884,2023-04-16,C0173,P010,Notebook,Stationery,North,3,60.0,0,180.0,April,2023,4,2
ORD03885,2023-12-11,C0195,P009,Cooking Oil,Groceries,South,3,180.0,10,540.0,December,2023,12,4
ORD03886,2023-08-14,C0114,P010,Notebook,Stationery,West,8,60.0,0,480.0,August,2023,8,3
ORD03887,2023-01-10,C0093,P010,Notebook,Stationery,East,1,57.0,5,57.0,January,2023,1,1
ORD03888,2023-08-10,C0138,P004,Desk Chair,Furniture,West,5,8000.0,0,40000.0,August,2023,8,3
ORD03889,2023-03-14,C0186,P007,Jeans,Clothing,North,10,1499.0,0,14990.0,March,2023,3,1
ORD03890,2023-07-27,C0178,P010,Notebook,Stationery,South,1,57.0,5,57.0,July,2023,7,3
ORD03891,2023-08-26,C0120,P004,Desk Chair,Furniture,North,6,7200.0,10,43200.0,August,2023,8,3
ORD03892,2023-11-26,C0065,P002,Mobile Phone,Electronics,West,2,18000.0,0,36000.0,November,2023,11,4
ORD03893,2023-05-04,C0170,P005,Study Table,Furniture,North,10,12000.0,0,120000.0,May,2023,5,2
ORD03894,2023-03-30,C0091,P009,Cooking Oil,Groceries,East,8,200.0,0,1600.0,March,2023,3,1
ORD03895,2023-04-25,C0088,P007,Jeans,Clothing,East,5,1499.0,0,7495.0,April,2023,4,2
ORD03896,2023-07-21,C0137,P008,Rice 5kg,Groceries,East,5,350.0,0,1750.0,July,2023,7,3
ORD03897,2023-06-10,C0039,P004,Desk Chair,Furniture,South,10,6800.0,15,68000.0,June,2023,6,2
ORD03898,2023-01-10,C0199,P006,T-Shirt,Clothing,East,6,719.1,10,4314.6,January,2023,1,1
ORD03899,2023-02-20,C0168,P008,Rice 5kg,Groceries,West,6,315.0,10,1890.0,February,2023,2,1
ORD03900,2023-11-24,C0031,P009,Cooking Oil,Groceries,South,5,170.0,15,850.0,November,2023,11,4
ORD03901,2023-06-03,C0005,P005,Study Table,Furniture,West,8,12000.0,0,96000.0,June,2023,6,2
ORD03902,2023-02-19,C0066,P010,Notebook,Stationery,West,8,51.0,15,408.0,February,2023,2,1
ORD03903,2023-10-12,C0090,P004,Desk Chair,Furniture,East,5,8000.0,0,40000.0,October,2023,10,4
ORD03904,2023-05-26,C0096,P009,Cooking Oil,Groceries,West,4,190.0,5,760.0,May,2023,5,2
ORD03905,2023-02-21,C0005,P004,Desk Chair,Furniture,North,10,7600.0,5,76000.0,February,2023,2,1
ORD03906,2023-08-13,C0192,P001,Laptop,Electronics,North,1,45000.0,0,45000.0,August,2023,8,3
ORD03907,2023-09-08,C0140,P005,Study Table,Furniture,West,10,12000.0,0,120000.0,September,2023,9,3
ORD03908,2023-12-15,C0026,P009,Cooking Oil,Groceries,West,6,200.0,0,1200.0,December,2023,12,4
ORD03909,2023-12-07,C0141,P006,T-Shirt,Clothing,West,10,799.0,0,7990.0,December,2023,12,4
ORD03910,2023-09-07,C0062,P006,T-Shirt,Clothing,East,4,759.05,5,3036.2,September,2023,9,3
ORD03911,2023-01-24,C0126,P009,Cooking Oil,Groceries,North,10,190.0,5,1900.0,January,2023,1,1
ORD03912,2023-02-13,C0055,P009,Cooking Oil,Groceries,South,4,200.0,0,800.0,February,2023,2,1
ORD03913,2023-02-08,C0070,P004,Desk Chair,Furniture,South,10,8000.0,0,80000.0,February,2023,2,1
ORD03914,2023-11-22,C0080,P005,Study Table,Furniture,South,3,11400.0,5,34200.0,November,2023,11,4
ORD03915,2023-12-31,C0198,P004,Desk Chair,Furniture,West,6,7600.0,5,45600.0,December,2023,12,4
ORD03916,2023-01-12,C0051,P002,Mobile Phone,Electronics,North,5,16200.0,10,81000.0,January,2023,1,1
ORD03917,2023-08-12,C0094,P004,Desk Chair,Furniture,South,6,6800.0,15,40800.0,August,2023,8,3
ORD03918,2023-12-09,C0107,P003,Headphones,Electronics,South,6,2500.0,0,15000.0,December,2023,12,4
ORD03919,2023-02-04,C0037,P010,Notebook,Stationery,West,5,51.0,15,255.0,February,2023,2,1
ORD03920,2023-03-07,C0051,P002,Mobile Phone,Electronics,South,3,15300.0,15,45900.0,March,2023,3,1
ORD03921,2023-07-13,C0022,P003,Headphones,Electronics,North,6,2500.0,0,15000.0,July,2023,7,3
ORD03922,2023-06-20,C0159,P009,Cooking Oil,Groceries,East,10,200.0,0,2000.0,June,2023,6,2
ORD03923,2023-11-19,C0162,P006,T-Shirt,Clothing,East,8,799.0,0,6392.0,November,2023,11,4
ORD03924,2023-12-18,C0082,P004,Desk Chair,Furniture,East,3,8000.0,0,24000.0,December,2023,12,4
ORD03925,2023-09-30,C0171,P009,Cooking Oil,Groceries,East,2,170.0,15,340.0,September,2023,9,3
ORD03926,2023-01-10,C0176,P008,Rice 5kg,Groceries,East,4,315.0,10,1260.0,January,2023,1,1
ORD03927,2023-10-31,C0056,P009,Cooking Oil,Groceries,West,2,170.0,15,340.0,October,2023,10,4
ORD03928,2023-10-02,C0200,P009,Cooking Oil,Groceries,East,5,200.0,0,1000.0,October,2023,10,4
ORD03929,2023-03-10,C0043,P005,Study Table,Furniture,North,7,10200.0,15,71400.0,March,2023,3,1
ORD03930,2023-05-05,C0083,P009,Cooking Oil,Groceries,East,4,200.0,0,800.0,May,2023,5,2
ORD03931,2023-03-28,C0139,P002,Mobile Phone,Electronics,South,3,17100.0,5,51300.0,March,2023,3,1
ORD03932,2023-07-22,C0075,P001,Laptop,Electronics,West,9,42750.0,5,384750.0,July,2023,7,3
ORD03933,2023-12-05,C0171,P010,Notebook,Stationery,West,1,57.0,5,57.0,December,2023,12,4
ORD03935,2023-08-02,C0048,P008,Rice 5kg,Groceries,North,2,297.5,15,595.0,August,2023,8,3
ORD03936,2023-07-22,C0144,P009,Cooking Oil,Groceries,North,9,180.0,10,1620.0,July,2023,7,3
ORD03937,2023-01-23,C0058,P007,Jeans,Clothing,South,10,1499.0,0,14990.0,January,2023,1,1
ORD03938,2023-11-11,C0110,P006,T-Shirt,Clothing,West,7,799.0,0,5593.0,November,2023,11,4
ORD03939,2023-06-15,C0184,P002,Mobile Phone,Electronics,South,7,18000.0,0,126000.0,June,2023,6,2
ORD03940,2023-10-17,C0185,P005,Study Table,Furniture,West,10,12000.0,0,120000.0,October,2023,10,4
ORD03941,2023-02-28,C0181,P003,Headphones,Electronics,West,6,2125.0,15,12750.0,February,2023,2,1
ORD03942,2023-10-21,C0026,P002,Mobile Phone,Electronics,South,6,16200.0,10,97200.0,October,2023,10,4
ORD03943,2023-01-06,C0119,P010,Notebook,Stationery,East,7,57.0,5,399.0,January,2023,1,1
ORD03944,2023-05-08,C0164,P004,Desk Chair,Furniture,West,2,7200.0,10,14400.0,May,2023,5,2
ORD03945,2023-01-02,C0036,P006,T-Shirt,Clothing,South,3,759.05,5,2277.15,January,2023,1,1
ORD03946,2023-09-19,C0117,P001,Laptop,Electronics,East,9,38250.0,15,344250.0,September,2023,9,3
ORD03947,2023-04-12,C0198,P003,Headphones,Electronics,East,10,2500.0,0,25000.0,April,2023,4,2
ORD03949,2023-09-03,C0080,P004,Desk Chair,Furniture,East,6,8000.0,0,48000.0,September,2023,9,3
ORD03950,2023-01-14,C0042,P004,Desk Chair,Furniture,North,6,8000.0,0,48000.0,January,2023,1,1
ORD03951,2023-05-06,C0049,P002,Mobile Phone,Electronics,North,3,16200.0,10,48600.0,May,2023,5,2
ORD03952,2023-10-24,C0004,P010,Notebook,Stationery,South,8,54.0,10,432.0,October,2023,10,4
ORD03953,2023-09-10,C0127,P010,Notebook,Stationery,North,8,60.0,0,480.0,September,2023,9,3
ORD03954,2023-07-30,C0129,P004,Desk Chair,Furniture,West,1,8000.0,0,8000.0,July,2023,7,3
ORD03956,2023-04-29,C0195,P007,Jeans,Clothing,East,5,1349.1,10,6745.5,April,2023,4,2
ORD03957,2023-10-13,C0117,P009,Cooking Oil,Groceries,West,5,200.0,0,1000.0,October,2023,10,4
ORD03958,2023-07-18,C0072,P007,Jeans,Clothing,South,1,1499.0,0,1499.0,July,2023,7,3
ORD03959,2023-11-22,C0172,P010,Notebook,Stationery,South,8,51.0,15,408.0,November,2023,11,4
ORD03960,2023-04-27,C0058,P008,Rice 5kg,Groceries,South,4,350.0,0,1400.0,April,2023,4,2
ORD03961,2023-05-16,C0088,P008,Rice 5kg,Groceries,North,6,332.5,5,1995.0,May,2023,5,2
ORD03962,2023-10-28,C0078,P005,Study Table,Furniture,West,9,12000.0,0,108000.0,October,2023,10,4
ORD03963,2023-06-26,C0100,P002,Mobile Phone,Electronics,North,9,18000.0,0,162000.0,June,2023,6,2
ORD03964,2023-08-21,C0153,P003,Headphones,Electronics,East,8,2500.0,0,20000.0,August,2023,8,3
ORD03965,2023-03-02,C0027,P005,Study Table,Furniture,North,8,11400.0,5,91200.0,March,2023,3,1
ORD03966,2023-06-07,C0116,P010,Notebook,Stationery,East,8,57.0,5,456.0,June,2023,6,2
ORD03967,2023-03-18,C0132,P007,Jeans,Clothing,West,6,1424.05,5,8544.3,March,2023,3,1
ORD03968,2023-09-17,C0087,P010,Notebook,Stationery,East,4,60.0,0,240.0,September,2023,9,3
ORD03969,2023-11-08,C0130,P004,Desk Chair,Furniture,East,10,8000.0,0,80000.0,November,2023,11,4
ORD03970,2023-08-11,C0098,P006,T-Shirt,Clothing,South,7,799.0,0,5593.0,August,2023,8,3
ORD03971,2023-09-23,C0034,P007,Jeans,Clothing,West,2,1499.0,0,2998.0,September,2023,9,3
ORD03972,2023-08-22,C0113,P010,Notebook,Stationery,East,8,57.0,5,456.0,August,2023,8,3
ORD03973,2023-07-28,C0037,P004,Desk Chair,Furniture,West,10,7200.0,10,72000.0,July,2023,7,3
ORD03974,2023-12-10,C0022,P003,Headphones,Electronics,North,8,2500.0,0,20000.0,December,2023,12,4
ORD03975,2023-10-11,C0153,P006,T-Shirt,Clothing,West,2,799.0,0,1598.0,October,2023,10,4
ORD03976,2023-12-01,C0043,P001,Laptop,Electronics,East,7,40500.0,10,283500.0,December,2023,12,4
ORD03977,2023-04-21,C0158,P004,Desk Chair,Furniture,South,1,8000.0,0,8000.0,April,2023,4,2
ORD03978,2023-10-17,C0067,P007,Jeans,Clothing,South,1,1424.05,5,1424.05,October,2023,10,4
ORD03979,2023-03-08,C0049,P010,Notebook,Stationery,East,6,51.0,15,306.0,March,2023,3,1
ORD03980,2023-06-06,C0024,P006,T-Shirt,Clothing,South,3,719.1,10,2157.3,June,2023,6,2
ORD03981,2023-05-16,C0065,P001,Laptop,Electronics,East,1,42750.0,5,42750.0,May,2023,5,2
ORD03982,2023-03-01,C0149,P006,T-Shirt,Clothing,North,4,799.0,0,3196.0,March,2023,3,1
ORD03983,2023-01-04,C0083,P005,Study Table,Furniture,South,3,10800.0,10,32400.0,January,2023,1,1
ORD03984,2023-06-20,C0008,P005,Study Table,Furniture,West,3,12000.0,0,36000.0,June,2023,6,2
ORD03986,2023-03-28,C0032,P004,Desk Chair,Furniture,South,10,8000.0,0,80000.0,March,2023,3,1
ORD03987,2023-06-16,C0144,P001,Laptop,Electronics,West,2,40500.0,10,81000.0,June,2023,6,2
ORD03988,2023-03-09,C0139,P010,Notebook,Stationery,West,10,51.0,15,510.0,March,2023,3,1
ORD03989,2023-04-14,C0180,P003,Headphones,Electronics,North,9,2375.0,5,21375.0,April,2023,4,2
ORD03990,2023-07-29,C0045,P005,Study Table,Furniture,North,10,12000.0,0,120000.0,July,2023,7,3
ORD03991,2023-02-28,C0110,P007,Jeans,Clothing,North,5,1499.0,0,7495.0,February,2023,2,1
ORD03993,2023-09-07,C0080,P001,Laptop,Electronics,East,3,40500.0,10,121500.0,September,2023,9,3
ORD03994,2023-03-23,C0188,P001,Laptop,Electronics,North,3,38250.0,15,114750.0,March,2023,3,1
ORD03995,2023-05-20,C0018,P006,T-Shirt,Clothing,West,5,799.0,0,3995.0,May,2023,5,2
ORD03996,2023-05-18,C0104,P003,Headphones,Electronics,West,2,2500.0,0,5000.0,May,2023,5,2
ORD03997,2023-03-29,C0104,P001,Laptop,Electronics,West,2,45000.0,0,90000.0,March,2023,3,1
ORD03998,2023-07-23,C0015,P001,Laptop,Electronics,West,4,38250.0,15,153000.0,July,2023,7,3
ORD03999,2023-04-14,C0004,P005,Study Table,Furniture,East,9,12000.0,0,108000.0,April,2023,4,2
ORD04000,2023-07-23,C0137,P004,Desk Chair,Furniture,North,9,8000.0,0,72000.0,July,2023,7,3
ORD04001,2023-11-01,C0040,P005,Study Table,Furniture,South,6,11400.0,5,68400.0,November,2023,11,4
ORD04002,2023-09-14,C0181,P005,Study Table,Furniture,North,9,12000.0,0,108000.0,September,2023,9,3
ORD04003,2023-02-24,C0145,P002,Mobile Phone,Electronics,West,6,18000.0,0,108000.0,February,2023,2,1
ORD04004,2023-11-13,C0034,P008,Rice 5kg,Groceries,East,3,350.0,0,1050.0,November,2023,11,4
ORD04005,2023-10-09,C0186,P002,Mobile Phone,Electronics,East,9,18000.0,0,162000.0,October,2023,10,4
ORD04006,2023-01-02,C0069,P003,Headphones,Electronics,South,10,2375.0,5,23750.0,January,2023,1,1
ORD04007,2023-02-22,C0088,P009,Cooking Oil,Groceries,East,3,180.0,10,540.0,February,2023,2,1
ORD04008,2023-11-06,C0166,P002,Mobile Phone,Electronics,West,7,18000.0,0,126000.0,November,2023,11,4
ORD04009,2023-08-24,C0078,P001,Laptop,Electronics,North,8,45000.0,0,360000.0,August,2023,8,3
ORD04010,2023-08-28,C0061,P003,Headphones,Electronics,West,5,2250.0,10,11250.0,August,2023,8,3
ORD04011,2023-10-07,C0061,P010,Notebook,Stationery,North,2,54.0,10,108.0,October,2023,10,4
ORD04012,2023-11-27,C0112,P008,Rice 5kg,Groceries,West,8,350.0,0,2800.0,November,2023,11,4
ORD04013,2023-11-22,C0079,P005,Study Table,Furniture,South,5,12000.0,0,60000.0,November,2023,11,4
ORD04014,2023-09-23,C0127,P005,Study Table,Furniture,South,10,11400.0,5,114000.0,September,2023,9,3
ORD04015,2023-06-22,C0104,P006,T-Shirt,Clothing,East,8,799.0,0,6392.0,June,2023,6,2
ORD04016,2023-10-20,C0013,P001,Laptop,Electronics,South,3,40500.0,10,121500.0,October,2023,10,4
ORD04017,2023-05-31,C0121,P001,Laptop,Electronics,West,5,45000.0,0,225000.0,May,2023,5,2
ORD04018,2023-01-05,C0154,P001,Laptop,Electronics,North,10,45000.0,0,450000.0,January,2023,1,1
ORD04019,2023-03-07,C0074,P004,Desk Chair,Furniture,South,8,7600.0,5,60800.0,March,2023,3,1
ORD04020,2023-05-14,C0153,P003,Headphones,Electronics,South,3,2500.0,0,7500.0,May,2023,5,2
ORD04021,2023-11-01,C0195,P010,Notebook,Stationery,North,4,60.0,0,240.0,November,2023,11,4
ORD04022,2023-06-20,C0038,P001,Laptop,Electronics,West,2,38250.0,15,76500.0,June,2023,6,2
ORD04023,2023-04-04,C0102,P002,Mobile Phone,Electronics,East,8,18000.0,0,144000.0,April,2023,4,2
ORD04024,2023-01-07,C0003,P006,T-Shirt,Clothing,North,7,719.1,10,5033.7,January,2023,1,1
ORD04025,2023-06-18,C0157,P010,Notebook,Stationery,East,4,60.0,0,240.0,June,2023,6,2
ORD04026,2023-11-23,C0063,P003,Headphones,Electronics,East,10,2250.0,10,22500.0,November,2023,11,4
ORD04027,2023-06-30,C0064,P008,Rice 5kg,Groceries,North,8,350.0,0,2800.0,June,2023,6,2
ORD04029,2023-01-09,C0148,P003,Headphones,Electronics,North,10,2250.0,10,22500.0,January,2023,1,1
ORD04030,2023-07-28,C0018,P007,Jeans,Clothing,East,5,1424.05,5,7120.25,July,2023,7,3
ORD04031,2023-12-28,C0084,P008,Rice 5kg,Groceries,East,4,297.5,15,1190.0,December,2023,12,4
ORD04032,2023-05-08,C0032,P005,Study Table,Furniture,West,3,10200.0,15,30600.0,May,2023,5,2
ORD04033,2023-07-06,C0069,P001,Laptop,Electronics,South,7,42750.0,5,299250.0,July,2023,7,3
ORD04034,2023-10-28,C0005,P004,Desk Chair,Furniture,East,10,7600.0,5,76000.0,October,2023,10,4
ORD04035,2023-06-27,C0045,P010,Notebook,Stationery,West,3,51.0,15,153.0,June,2023,6,2
ORD04036,2023-09-19,C0026,P008,Rice 5kg,Groceries,South,4,350.0,0,1400.0,September,2023,9,3
ORD04037,2023-05-08,C0162,P004,Desk Chair,Furniture,South,5,8000.0,0,40000.0,May,2023,5,2
ORD04038,2023-04-02,C0040,P007,Jeans,Clothing,East,5,1499.0,0,7495.0,April,2023,4,2
ORD04039,2023-07-11,C0049,P001,Laptop,Electronics,West,10,40500.0,10,405000.0,July,2023,7,3
ORD04040,2023-02-07,C0103,P006,T-Shirt,Clothing,North,1,799.0,0,799.0,February,2023,2,1
ORD04041,2023-09-07,C0182,P006,T-Shirt,Clothing,North,2,799.0,0,1598.0,September,2023,9,3
ORD04042,2023-10-28,C0069,P009,Cooking Oil,Groceries,North,8,200.0,0,1600.0,October,2023,10,4
ORD04043,2023-06-06,C0019,P005,Study Table,Furniture,North,6,11400.0,5,68400.0,June,2023,6,2
ORD04044,2023-06-14,C0060,P006,T-Shirt,Clothing,North,2,799.0,0,1598.0,June,2023,6,2
ORD04045,2023-05-08,C0188,P002,Mobile Phone,Electronics,East,10,18000.0,0,180000.0,May,2023,5,2
ORD04046,2023-05-11,C0196,P004,Desk Chair,Furniture,North,5,7200.0,10,36000.0,May,2023,5,2
ORD04047,2023-09-12,C0194,P002,Mobile Phone,Electronics,East,6,15300.0,15,91800.0,September,2023,9,3
ORD04048,2023-03-30,C0132,P007,Jeans,Clothing,South,7,1499.0,0,10493.0,March,2023,3,1
ORD04049,2023-07-30,C0035,P001,Laptop,Electronics,North,7,45000.0,0,315000.0,July,2023,7,3
ORD04050,2023-06-11,C0034,P006,T-Shirt,Clothing,North,7,799.0,0,5593.0,June,2023,6,2
ORD04051,2023-01-22,C0075,P007,Jeans,Clothing,South,2,1499.0,0,2998.0,January,2023,1,1
ORD04052,2023-12-08,C0167,P007,Jeans,Clothing,West,9,1499.0,0,13491.0,December,2023,12,4
ORD04054,2023-02-25,C0012,P001,Laptop,Electronics,North,10,45000.0,0,450000.0,February,2023,2,1
ORD04055,2023-04-21,C0154,P007,Jeans,Clothing,South,2,1499.0,0,2998.0,April,2023,4,2
ORD04056,2023-10-03,C0153,P009,Cooking Oil,Groceries,South,9,200.0,0,1800.0,October,2023,10,4
ORD04057,2023-05-05,C0143,P007,Jeans,Clothing,North,2,1424.05,5,2848.1,May,2023,5,2
ORD04058,2023-09-28,C0176,P009,Cooking Oil,Groceries,East,6,200.0,0,1200.0,September,2023,9,3
ORD04059,2023-01-19,C0170,P001,Laptop,Electronics,West,6,38250.0,15,229500.0,January,2023,1,1
ORD04060,2023-07-14,C0123,P009,Cooking Oil,Groceries,South,9,200.0,0,1800.0,July,2023,7,3
ORD04061,2023-01-01,C0186,P003,Headphones,Electronics,North,8,2500.0,0,20000.0,January,2023,1,1
ORD04062,2023-11-20,C0050,P005,Study Table,Furniture,West,8,12000.0,0,96000.0,November,2023,11,4
ORD04063,2023-04-25,C0187,P001,Laptop,Electronics,North,8,40500.0,10,324000.0,April,2023,4,2
ORD04064,2023-09-24,C0195,P007,Jeans,Clothing,East,10,1424.05,5,14240.5,September,2023,9,3
ORD04065,2023-04-15,C0106,P005,Study Table,Furniture,West,10,10800.0,10,108000.0,April,2023,4,2
ORD04066,2023-01-19,C0112,P008,Rice 5kg,Groceries,West,5,315.0,10,1575.0,January,2023,1,1
ORD04067,2023-10-15,C0087,P008,Rice 5kg,Groceries,West,6,350.0,0,2100.0,October,2023,10,4
ORD04068,2023-01-24,C0090,P005,Study Table,Furniture,East,6,11400.0,5,68400.0,January,2023,1,1
ORD04069,2023-09-15,C0013,P005,Study Table,Furniture,West,4,12000.0,0,48000.0,September,2023,9,3
ORD04070,2023-06-28,C0136,P001,Laptop,Electronics,East,1,45000.0,0,45000.0,June,2023,6,2
ORD04071,2023-12-27,C0123,P004,Desk Chair,Furniture,West,4,7600.0,5,30400.0,December,2023,12,4
ORD04072,2023-09-11,C0177,P004,Desk Chair,Furniture,West,2,7600.0,5,15200.0,September,2023,9,3
ORD04073,2023-05-25,C0141,P007,Jeans,Clothing,West,2,1499.0,0,2998.0,May,2023,5,2
ORD04074,2023-12-07,C0015,P002,Mobile Phone,Electronics,South,3,18000.0,0,54000.0,December,2023,12,4
ORD04075,2023-01-13,C0169,P005,Study Table,Furniture,North,6,12000.0,0,72000.0,January,2023,1,1
ORD04076,2023-01-19,C0171,P001,Laptop,Electronics,South,9,38250.0,15,344250.0,January,2023,1,1
ORD04077,2023-09-19,C0123,P008,Rice 5kg,Groceries,South,4,315.0,10,1260.0,September,2023,9,3
ORD04078,2023-05-25,C0064,P004,Desk Chair,Furniture,South,1,8000.0,0,8000.0,May,2023,5,2
ORD04079,2023-05-30,C0058,P001,Laptop,Electronics,East,10,45000.0,0,450000.0,May,2023,5,2
ORD04080,2023-12-21,C0183,P004,Desk Chair,Furniture,East,1,7600.0,5,7600.0,December,2023,12,4
ORD04081,2023-05-19,C0106,P010,Notebook,Stationery,West,7,60.0,0,420.0,May,2023,5,2
ORD04082,2023-09-25,C0156,P004,Desk Chair,Furniture,West,6,8000.0,0,48000.0,September,2023,9,3
ORD04083,2023-07-26,C0015,P008,Rice 5kg,Groceries,North,6,297.5,15,1785.0,July,2023,7,3
ORD04084,2023-01-20,C0096,P003,Headphones,Electronics,West,4,2500.0,0,10000.0,January,2023,1,1
ORD04085,2023-02-10,C0169,P002,Mobile Phone,Electronics,East,3,18000.0,0,54000.0,February,2023,2,1
ORD04086,2023-11-19,C0043,P005,Study Table,Furniture,North,2,10800.0,10,21600.0,November,2023,11,4
ORD04087,2023-10-05,C0030,P007,Jeans,Clothing,South,1,1274.15,15,1274.15,October,2023,10,4
ORD04088,2023-05-22,C0125,P009,Cooking Oil,Groceries,North,9,200.0,0,1800.0,May,2023,5,2
ORD04089,2023-06-17,C0036,P004,Desk Chair,Furniture,West,7,8000.0,0,56000.0,June,2023,6,2
ORD04090,2023-06-05,C0040,P009,Cooking Oil,Groceries,North,5,200.0,0,1000.0,June,2023,6,2
ORD04091,2023-05-09,C0138,P005,Study Table,Furniture,West,9,12000.0,0,108000.0,May,2023,5,2
ORD04092,2023-02-09,C0077,P008,Rice 5kg,Groceries,East,4,332.5,5,1330.0,February,2023,2,1
ORD04093,2023-12-23,C0040,P002,Mobile Phone,Electronics,West,9,18000.0,0,162000.0,December,2023,12,4
ORD04094,2023-11-06,C0196,P002,Mobile Phone,Electronics,South,5,18000.0,0,90000.0,November,2023,11,4
ORD04095,2023-05-16,C0117,P007,Jeans,Clothing,North,2,1499.0,0,2998.0,May,2023,5,2
ORD04096,2023-11-12,C0033,P002,Mobile Phone,Electronics,East,2,16200.0,10,32400.0,November,2023,11,4
ORD04097,2023-09-06,C0105,P010,Notebook,Stationery,South,3,60.0,0,180.0,September,2023,9,3
ORD04098,2023-05-24,C0024,P004,Desk Chair,Furniture,South,5,8000.0,0,40000.0,May,2023,5,2
ORD04099,2023-02-23,C0080,P002,Mobile Phone,Electronics,North,9,15300.0,15,137700.0,February,2023,2,1
ORD04100,2023-06-11,C0163,P002,Mobile Phone,Electronics,North,4,18000.0,0,72000.0,June,2023,6,2
ORD04101,2023-08-19,C0010,P001,Laptop,Electronics,East,5,45000.0,0,225000.0,August,2023,8,3
ORD04102,2023-08-21,C0026,P005,Study Table,Furniture,East,1,11400.0,5,11400.0,August,2023,8,3
ORD04103,2023-01-12,C0051,P009,Cooking Oil,Groceries,North,4,200.0,0,800.0,January,2023,1,1
ORD04104,2023-08-31,C0033,P007,Jeans,Clothing,South,5,1499.0,0,7495.0,August,2023,8,3
ORD04107,2023-12-29,C0059,P004,Desk Chair,Furniture,West,10,8000.0,0,80000.0,December,2023,12,4
ORD04108,2023-11-19,C0104,P005,Study Table,Furniture,East,2,12000.0,0,24000.0,November,2023,11,4
ORD04109,2023-08-07,C0195,P001,Laptop,Electronics,West,4,45000.0,0,180000.0,August,2023,8,3
ORD04110,2023-09-08,C0102,P009,Cooking Oil,Groceries,South,1,200.0,0,200.0,September,2023,9,3
ORD04111,2023-11-05,C0104,P002,Mobile Phone,Electronics,East,1,16200.0,10,16200.0,November,2023,11,4
ORD04112,2023-07-22,C0010,P003,Headphones,Electronics,West,6,2500.0,0,15000.0,July,2023,7,3
ORD04113,2023-09-24,C0103,P005,Study Table,Furniture,West,8,12000.0,0,96000.0,September,2023,9,3
ORD04114,2023-10-30,C0070,P007,Jeans,Clothing,East,10,1349.1,10,13491.0,October,2023,10,4
ORD04115,2023-01-13,C0014,P004,Desk Chair,Furniture,West,7,8000.0,0,56000.0,January,2023,1,1
ORD04116,2023-04-24,C0168,P002,Mobile Phone,Electronics,West,8,17100.0,5,136800.0,April,2023,4,2
ORD04117,2023-01-19,C0114,P010,Notebook,Stationery,North,4,60.0,0,240.0,January,2023,1,1
ORD04118,2023-12-27,C0195,P008,Rice 5kg,Groceries,West,2,315.0,10,630.0,December,2023,12,4
ORD04119,2023-03-29,C0024,P005,Study Table,Furniture,East,10,12000.0,0,120000.0,March,2023,3,1
ORD04120,2023-08-05,C0115,P006,T-Shirt,Clothing,East,6,719.1,10,4314.6,August,2023,8,3
ORD04121,2023-10-17,C0187,P009,Cooking Oil,Groceries,West,5,170.0,15,850.0,October,2023,10,4
ORD04122,2023-10-18,C0028,P006,T-Shirt,Clothing,West,3,799.0,0,2397.0,October,2023,10,4
ORD04123,2023-05-05,C0001,P004,Desk Chair,Furniture,North,4,8000.0,0,32000.0,May,2023,5,2
ORD04124,2023-07-16,C0161,P010,Notebook,Stationery,West,10,60.0,0,600.0,July,2023,7,3
ORD04125,2023-11-11,C0123,P007,Jeans,Clothing,West,2,1274.15,15,2548.3,November,2023,11,4
ORD04126,2023-08-07,C0178,P004,Desk Chair,Furniture,South,10,8000.0,0,80000.0,August,2023,8,3
ORD04127,2023-10-14,C0090,P003,Headphones,Electronics,West,4,2125.0,15,8500.0,October,2023,10,4
ORD04128,2023-09-03,C0169,P004,Desk Chair,Furniture,West,10,8000.0,0,80000.0,September,2023,9,3
ORD04129,2023-05-21,C0148,P005,Study Table,Furniture,South,2,12000.0,0,24000.0,May,2023,5,2
ORD04131,2023-06-13,C0119,P002,Mobile Phone,Electronics,South,8,18000.0,0,144000.0,June,2023,6,2
ORD04132,2023-01-13,C0101,P007,Jeans,Clothing,South,3,1499.0,0,4497.0,January,2023,1,1
ORD04134,2023-01-03,C0060,P006,T-Shirt,Clothing,South,6,759.05,5,4554.3,January,2023,1,1
ORD04135,2023-07-23,C0192,P002,Mobile Phone,Electronics,South,9,17100.0,5,153900.0,July,2023,7,3
ORD04136,2023-11-15,C0045,P001,Laptop,Electronics,West,6,45000.0,0,270000.0,November,2023,11,4
ORD04137,2023-01-29,C0022,P002,Mobile Phone,Electronics,East,2,15300.0,15,30600.0,January,2023,1,1
ORD04138,2023-10-15,C0067,P010,Notebook,Stationery,East,8,60.0,0,480.0,October,2023,10,4
ORD04139,2023-02-14,C0060,P009,Cooking Oil,Groceries,North,2,200.0,0,400.0,February,2023,2,1
ORD04140,2023-04-09,C0136,P009,Cooking Oil,Groceries,East,3,170.0,15,510.0,April,2023,4,2
ORD04141,2023-12-15,C0176,P010,Notebook,Stationery,West,10,60.0,0,600.0,December,2023,12,4
ORD04142,2023-05-16,C0171,P004,Desk Chair,Furniture,East,2,8000.0,0,16000.0,May,2023,5,2
ORD04143,2023-07-31,C0093,P008,Rice 5kg,Groceries,East,4,297.5,15,1190.0,July,2023,7,3
ORD04144,2023-09-29,C0141,P003,Headphones,Electronics,South,3,2500.0,0,7500.0,September,2023,9,3
ORD04145,2023-07-23,C0074,P004,Desk Chair,Furniture,North,2,7200.0,10,14400.0,July,2023,7,3
ORD04146,2023-04-08,C0106,P004,Desk Chair,Furniture,East,1,8000.0,0,8000.0,April,2023,4,2
ORD04147,2023-08-05,C0130,P007,Jeans,Clothing,South,10,1499.0,0,14990.0,August,2023,8,3
ORD04149,2023-02-04,C0183,P004,Desk Chair,Furniture,South,10,6800.0,15,68000.0,February,2023,2,1
ORD04150,2023-11-22,C0103,P003,Headphones,Electronics,West,9,2500.0,0,22500.0,November,2023,11,4
ORD04151,2023-10-26,C0067,P010,Notebook,Stationery,East,4,57.0,5,228.0,October,2023,10,4
ORD04152,2023-11-11,C0107,P003,Headphones,Electronics,East,6,2500.0,0,15000.0,November,2023,11,4
ORD04153,2023-11-19,C0110,P005,Study Table,Furniture,West,4,10200.0,15,40800.0,November,2023,11,4
ORD04154,2023-04-24,C0057,P002,Mobile Phone,Electronics,North,2,18000.0,0,36000.0,April,2023,4,2
ORD04155,2023-10-15,C0128,P009,Cooking Oil,Groceries,West,1,200.0,0,200.0,October,2023,10,4
ORD04156,2023-12-04,C0178,P006,T-Shirt,Clothing,North,10,679.15,15,6791.5,December,2023,12,4
ORD04157,2023-09-03,C0157,P003,Headphones,Electronics,North,8,2250.0,10,18000.0,September,2023,9,3
ORD04158,2023-05-17,C0100,P002,Mobile Phone,Electronics,South,3,18000.0,0,54000.0,May,2023,5,2
ORD04159,2023-01-12,C0056,P003,Headphones,Electronics,South,7,2375.0,5,16625.0,January,2023,1,1
ORD04160,2023-03-31,C0160,P002,Mobile Phone,Electronics,East,9,18000.0,0,162000.0,March,2023,3,1
ORD04161,2023-04-27,C0185,P010,Notebook,Stationery,West,8,57.0,5,456.0,April,2023,4,2
ORD04162,2023-09-08,C0149,P004,Desk Chair,Furniture,East,10,8000.0,0,80000.0,September,2023,9,3
ORD04163,2023-08-20,C0069,P003,Headphones,Electronics,North,5,2125.0,15,10625.0,August,2023,8,3
ORD04164,2023-01-07,C0056,P004,Desk Chair,Furniture,West,7,7600.0,5,53200.0,January,2023,1,1
ORD04165,2023-02-22,C0042,P008,Rice 5kg,Groceries,East,7,350.0,0,2450.0,February,2023,2,1
ORD04166,2023-01-16,C0004,P003,Headphones,Electronics,North,4,2500.0,0,10000.0,January,2023,1,1
ORD04167,2023-03-16,C0148,P001,Laptop,Electronics,South,9,38250.0,15,344250.0,March,2023,3,1
ORD04168,2023-08-27,C0058,P009,Cooking Oil,Groceries,South,3,180.0,10,540.0,August,2023,8,3
ORD04169,2023-04-14,C0022,P008,Rice 5kg,Groceries,South,9,315.0,10,2835.0,April,2023,4,2
ORD04170,2023-10-06,C0090,P007,Jeans,Clothing,South,6,1499.0,0,8994.0,October,2023,10,4
ORD04171,2023-08-18,C0006,P001,Laptop,Electronics,East,2,40500.0,10,81000.0,August,2023,8,3
ORD04172,2023-03-24,C0126,P002,Mobile Phone,Electronics,West,7,15300.0,15,107100.0,March,2023,3,1
ORD04173,2023-03-22,C0160,P007,Jeans,Clothing,East,6,1499.0,0,8994.0,March,2023,3,1
ORD04174,2023-02-11,C0009,P001,Laptop,Electronics,North,1,45000.0,0,45000.0,February,2023,2,1
ORD04175,2023-08-08,C0045,P005,Study Table,Furniture,South,3,12000.0,0,36000.0,August,2023,8,3
ORD04176,2023-03-10,C0034,P007,Jeans,Clothing,South,1,1424.05,5,1424.05,March,2023,3,1
ORD04177,2023-12-28,C0049,P009,Cooking Oil,Groceries,East,4,200.0,0,800.0,December,2023,12,4
ORD04178,2023-06-19,C0053,P005,Study Table,Furniture,North,4,11400.0,5,45600.0,June,2023,6,2
ORD04179,2023-11-07,C0029,P003,Headphones,Electronics,West,9,2500.0,0,22500.0,November,2023,11,4
ORD04180,2023-07-17,C0143,P007,Jeans,Clothing,West,7,1349.1,10,9443.7,July,2023,7,3
ORD04181,2023-05-11,C0096,P004,Desk Chair,Furniture,East,4,8000.0,0,32000.0,May,2023,5,2
ORD04182,2023-08-12,C0101,P001,Laptop,Electronics,East,7,45000.0,0,315000.0,August,2023,8,3
ORD04183,2023-06-19,C0142,P009,Cooking Oil,Groceries,North,5,200.0,0,1000.0,June,2023,6,2
ORD04184,2023-06-03,C0037,P002,Mobile Phone,Electronics,West,8,17100.0,5,136800.0,June,2023,6,2
ORD04185,2023-06-01,C0025,P001,Laptop,Electronics,North,10,45000.0,0,450000.0,June,2023,6,2
ORD04186,2023-11-12,C0147,P001,Laptop,Electronics,West,10,42750.0,5,427500.0,November,2023,11,4
ORD04187,2023-03-25,C0182,P004,Desk Chair,Furniture,East,2,8000.0,0,16000.0,March,2023,3,1
ORD04188,2023-10-10,C0013,P003,Headphones,Electronics,East,3,2125.0,15,6375.0,October,2023,10,4
ORD04189,2023-06-05,C0061,P008,Rice 5kg,Groceries,East,8,297.5,15,2380.0,June,2023,6,2
ORD04190,2023-03-31,C0088,P005,Study Table,Furniture,South,8,11400.0,5,91200.0,March,2023,3,1
ORD04191,2023-06-18,C0199,P002,Mobile Phone,Electronics,South,2,18000.0,0,36000.0,June,2023,6,2
ORD04192,2023-08-17,C0181,P007,Jeans,Clothing,South,3,1424.05,5,4272.15,August,2023,8,3
ORD04194,2023-01-04,C0181,P006,T-Shirt,Clothing,West,9,719.1,10,6471.9,January,2023,1,1
ORD04195,2023-04-02,C0156,P002,Mobile Phone,Electronics,South,5,18000.0,0,90000.0,April,2023,4,2
ORD04196,2023-04-03,C0012,P005,Study Table,Furniture,East,6,10800.0,10,64800.0,April,2023,4,2
ORD04197,2023-08-16,C0127,P007,Jeans,Clothing,North,8,1499.0,0,11992.0,August,2023,8,3
ORD04198,2023-04-25,C0005,P008,Rice 5kg,Groceries,East,10,315.0,10,3150.0,April,2023,4,2
ORD04199,2023-06-16,C0197,P003,Headphones,Electronics,North,8,2500.0,0,20000.0,June,2023,6,2
ORD04200,2023-09-29,C0147,P009,Cooking Oil,Groceries,West,10,200.0,0,2000.0,September,2023,9,3
ORD04201,2023-03-27,C0047,P002,Mobile Phone,Electronics,North,6,15300.0,15,91800.0,March,2023,3,1
ORD04202,2023-02-01,C0002,P009,Cooking Oil,Groceries,South,10,190.0,5,1900.0,February,2023,2,1
ORD04204,2023-02-24,C0190,P008,Rice 5kg,Groceries,North,5,332.5,5,1662.5,February,2023,2,1
ORD04205,2023-09-03,C0148,P010,Notebook,Stationery,South,10,51.0,15,510.0,September,2023,9,3
ORD04206,2023-04-23,C0055,P006,T-Shirt,Clothing,West,7,799.0,0,5593.0,April,2023,4,2
ORD04207,2023-07-07,C0188,P006,T-Shirt,Clothing,West,3,719.1,10,2157.3,July,2023,7,3
ORD04208,2023-08-28,C0102,P005,Study Table,Furniture,South,4,10800.0,10,43200.0,August,2023,8,3
ORD04209,2023-01-03,C0121,P010,Notebook,Stationery,South,1,51.0,15,51.0,January,2023,1,1
ORD04210,2023-12-01,C0077,P010,Notebook,Stationery,East,10,51.0,15,510.0,December,2023,12,4
ORD04211,2023-02-26,C0012,P005,Study Table,Furniture,West,5,12000.0,0,60000.0,February,2023,2,1
ORD04212,2023-07-17,C0164,P003,Headphones,Electronics,East,7,2500.0,0,17500.0,July,2023,7,3
ORD04213,2023-02-25,C0177,P008,Rice 5kg,Groceries,West,6,315.0,10,1890.0,February,2023,2,1
ORD04214,2023-10-24,C0167,P005,Study Table,Furniture,South,4,12000.0,0,48000.0,October,2023,10,4
ORD04215,2023-11-07,C0181,P010,Notebook,Stationery,West,1,57.0,5,57.0,November,2023,11,4
ORD04216,2023-12-11,C0128,P008,Rice 5kg,Groceries,East,9,350.0,0,3150.0,December,2023,12,4
ORD04217,2023-09-02,C0135,P009,Cooking Oil,Groceries,East,2,190.0,5,380.0,September,2023,9,3
ORD04218,2023-12-22,C0054,P005,Study Table,Furniture,North,1,11400.0,5,11400.0,December,2023,12,4
ORD04219,2023-07-18,C0025,P002,Mobile Phone,Electronics,South,8,17100.0,5,136800.0,July,2023,7,3
ORD04220,2023-10-01,C0056,P001,Laptop,Electronics,West,8,40500.0,10,324000.0,October,2023,10,4
ORD04221,2023-05-25,C0004,P004,Desk Chair,Furniture,South,9,8000.0,0,72000.0,May,2023,5,2
ORD04222,2023-03-08,C0142,P010,Notebook,Stationery,East,10,60.0,0,600.0,March,2023,3,1
ORD04223,2023-03-12,C0175,P003,Headphones,Electronics,West,4,2500.0,0,10000.0,March,2023,3,1
ORD04224,2023-12-10,C0182,P004,Desk Chair,Furniture,East,6,6800.0,15,40800.0,December,2023,12,4
ORD04225,2023-11-01,C0177,P008,Rice 5kg,Groceries,North,3,350.0,0,1050.0,November,2023,11,4
ORD04226,2023-09-07,C0020,P004,Desk Chair,Furniture,East,5,7600.0,5,38000.0,September,2023,9,3
ORD04227,2023-12-30,C0092,P001,Laptop,Electronics,East,10,45000.0,0,450000.0,December,2023,12,4
ORD04228,2023-01-21,C0106,P001,Laptop,Electronics,North,3,45000.0,0,135000.0,January,2023,1,1
ORD04229,2023-07-04,C0145,P007,Jeans,Clothing,East,5,1499.0,0,7495.0,July,2023,7,3
ORD04230,2023-10-10,C0145,P002,Mobile Phone,Electronics,South,3,18000.0,0,54000.0,October,2023,10,4
ORD04232,2023-03-18,C0139,P002,Mobile Phone,Electronics,South,3,18000.0,0,54000.0,March,2023,3,1
ORD04233,2023-05-26,C0108,P006,T-Shirt,Clothing,East,7,799.0,0,5593.0,May,2023,5,2
ORD04234,2023-06-15,C0088,P005,Study Table,Furniture,East,6,12000.0,0,72000.0,June,2023,6,2
ORD04235,2023-01-04,C0128,P004,Desk Chair,Furniture,West,6,7600.0,5,45600.0,January,2023,1,1
ORD04236,2023-11-27,C0036,P005,Study Table,Furniture,West,4,12000.0,0,48000.0,November,2023,11,4
ORD04237,2023-05-15,C0174,P010,Notebook,Stationery,West,10,60.0,0,600.0,May,2023,5,2
ORD04238,2023-07-13,C0185,P004,Desk Chair,Furniture,South,7,7200.0,10,50400.0,July,2023,7,3
ORD04239,2023-12-18,C0048,P010,Notebook,Stationery,South,1,60.0,0,60.0,December,2023,12,4
ORD04240,2023-02-23,C0118,P006,T-Shirt,Clothing,North,1,759.05,5,759.05,February,2023,2,1
ORD04241,2023-02-04,C0088,P008,Rice 5kg,Groceries,North,1,297.5,15,297.5,February,2023,2,1
ORD04242,2023-06-08,C0157,P010,Notebook,Stationery,North,4,60.0,0,240.0,June,2023,6,2
ORD04243,2023-04-04,C0187,P003,Headphones,Electronics,North,2,2375.0,5,4750.0,April,2023,4,2
ORD04244,2023-11-22,C0019,P004,Desk Chair,Furniture,South,4,7200.0,10,28800.0,November,2023,11,4
ORD04246,2023-01-29,C0144,P003,Headphones,Electronics,South,7,2500.0,0,17500.0,January,2023,1,1
ORD04247,2023-05-24,C0047,P008,Rice 5kg,Groceries,West,8,297.5,15,2380.0,May,2023,5,2
ORD04248,2023-09-09,C0189,P010,Notebook,Stationery,West,9,60.0,0,540.0,September,2023,9,3
ORD04249,2023-04-10,C0039,P003,Headphones,Electronics,South,1,2375.0,5,2375.0,April,2023,4,2
ORD04250,2023-08-04,C0148,P001,Laptop,Electronics,North,2,45000.0,0,90000.0,August,2023,8,3
ORD04251,2023-10-24,C0083,P007,Jeans,Clothing,South,6,1349.1,10,8094.6,October,2023,10,4
ORD04252,2023-08-02,C0178,P007,Jeans,Clothing,North,1,1349.1,10,1349.1,August,2023,8,3
ORD04253,2023-12-22,C0161,P005,Study Table,Furniture,East,8,12000.0,0,96000.0,December,2023,12,4
ORD04254,2023-04-22,C0116,P003,Headphones,Electronics,West,6,2375.0,5,14250.0,April,2023,4,2
ORD04255,2023-01-08,C0114,P009,Cooking Oil,Groceries,North,9,200.0,0,1800.0,January,2023,1,1
ORD04256,2023-09-03,C0120,P005,Study Table,Furniture,West,7,12000.0,0,84000.0,September,2023,9,3
ORD04257,2023-11-11,C0132,P007,Jeans,Clothing,West,2,1499.0,0,2998.0,November,2023,11,4
ORD04258,2023-09-25,C0016,P005,Study Table,Furniture,South,3,11400.0,5,34200.0,September,2023,9,3
ORD04259,2023-11-26,C0194,P007,Jeans,Clothing,West,2,1274.15,15,2548.3,November,2023,11,4
ORD04260,2023-09-10,C0020,P001,Laptop,Electronics,West,6,45000.0,0,270000.0,September,2023,9,3
ORD04261,2023-01-06,C0052,P007,Jeans,Clothing,North,9,1349.1,10,12141.9,January,2023,1,1
ORD04262,2023-08-30,C0148,P007,Jeans,Clothing,East,7,1499.0,0,10493.0,August,2023,8,3
ORD04263,2023-03-05,C0045,P010,Notebook,Stationery,East,9,60.0,0,540.0,March,2023,3,1
ORD04264,2023-12-18,C0070,P004,Desk Chair,Furniture,North,6,6800.0,15,40800.0,December,2023,12,4
ORD04265,2023-02-13,C0158,P002,Mobile Phone,Electronics,East,10,16200.0,10,162000.0,February,2023,2,1
ORD04266,2023-01-01,C0178,P001,Laptop,Electronics,West,2,42750.0,5,85500.0,January,2023,1,1
ORD04267,2023-09-03,C0120,P006,T-Shirt,Clothing,North,3,799.0,0,2397.0,September,2023,9,3
ORD04268,2023-04-26,C0058,P005,Study Table,Furniture,West,1,12000.0,0,12000.0,April,2023,4,2
ORD04269,2023-08-20,C0180,P008,Rice 5kg,Groceries,South,10,332.5,5,3325.0,August,2023,8,3
ORD04270,2023-02-04,C0024,P002,Mobile Phone,Electronics,North,1,18000.0,0,18000.0,February,2023,2,1
ORD04271,2023-08-29,C0014,P001,Laptop,Electronics,North,1,38250.0,15,38250.0,August,2023,8,3
ORD04272,2023-07-10,C0013,P001,Laptop,Electronics,South,3,45000.0,0,135000.0,July,2023,7,3
ORD04273,2023-11-17,C0059,P008,Rice 5kg,Groceries,South,3,297.5,15,892.5,November,2023,11,4
ORD04274,2023-07-06,C0160,P003,Headphones,Electronics,West,10,2375.0,5,23750.0,July,2023,7,3
ORD04275,2023-08-05,C0083,P006,T-Shirt,Clothing,West,4,719.1,10,2876.4,August,2023,8,3
ORD04276,2023-07-16,C0170,P003,Headphones,Electronics,East,6,2500.0,0,15000.0,July,2023,7,3
ORD04277,2023-05-26,C0029,P005,Study Table,Furniture,East,2,11400.0,5,22800.0,May,2023,5,2
ORD04278,2023-07-07,C0024,P005,Study Table,Furniture,South,1,10200.0,15,10200.0,July,2023,7,3
ORD04279,2023-08-05,C0193,P010,Notebook,Stationery,West,4,57.0,5,228.0,August,2023,8,3
ORD04280,2023-10-01,C0030,P010,Notebook,Stationery,West,8,57.0,5,456.0,October,2023,10,4
ORD04281,2023-09-12,C0197,P009,Cooking Oil,Groceries,North,6,200.0,0,1200.0,September,2023,9,3
ORD04282,2023-09-24,C0077,P010,Notebook,Stationery,West,1,60.0,0,60.0,September,2023,9,3
ORD04283,2023-01-18,C0132,P005,Study Table,Furniture,North,10,10800.0,10,108000.0,January,2023,1,1
ORD04284,2023-03-29,C0073,P006,T-Shirt,Clothing,North,9,759.05,5,6831.45,March,2023,3,1
ORD04285,2023-10-17,C0159,P005,Study Table,Furniture,West,6,12000.0,0,72000.0,October,2023,10,4
ORD04286,2023-08-14,C0189,P004,Desk Chair,Furniture,North,6,8000.0,0,48000.0,August,2023,8,3
ORD04287,2023-12-21,C0019,P001,Laptop,Electronics,East,9,45000.0,0,405000.0,December,2023,12,4
ORD04288,2023-12-09,C0187,P009,Cooking Oil,Groceries,East,10,180.0,10,1800.0,December,2023,12,4
ORD04289,2023-10-23,C0106,P002,Mobile Phone,Electronics,North,4,18000.0,0,72000.0,October,2023,10,4
ORD04290,2023-05-21,C0178,P008,Rice 5kg,Groceries,North,4,297.5,15,1190.0,May,2023,5,2
ORD04291,2023-08-03,C0068,P003,Headphones,Electronics,South,3,2125.0,15,6375.0,August,2023,8,3
ORD04292,2023-06-21,C0085,P008,Rice 5kg,Groceries,East,3,350.0,0,1050.0,June,2023,6,2
ORD04293,2023-10-08,C0027,P010,Notebook,Stationery,South,9,57.0,5,513.0,October,2023,10,4
ORD04294,2023-05-11,C0156,P005,Study Table,Furniture,East,8,10200.0,15,81600.0,May,2023,5,2
ORD04295,2023-05-07,C0117,P005,Study Table,Furniture,North,3,10800.0,10,32400.0,May,2023,5,2
ORD04296,2023-02-11,C0068,P005,Study Table,Furniture,West,8,12000.0,0,96000.0,February,2023,2,1
ORD04297,2023-05-19,C0089,P006,T-Shirt,Clothing,South,9,799.0,0,7191.0,May,2023,5,2
ORD04298,2023-11-14,C0129,P007,Jeans,Clothing,West,8,1424.05,5,11392.4,November,2023,11,4
ORD04299,2023-05-31,C0072,P008,Rice 5kg,Groceries,East,8,350.0,0,2800.0,May,2023,5,2
ORD04300,2023-05-23,C0002,P005,Study Table,Furniture,North,2,12000.0,0,24000.0,May,2023,5,2
ORD04301,2023-04-20,C0107,P003,Headphones,Electronics,North,10,2125.0,15,21250.0,April,2023,4,2
ORD04302,2023-08-21,C0086,P007,Jeans,Clothing,North,3,1274.15,15,3822.45,August,2023,8,3
ORD04303,2023-09-22,C0155,P005,Study Table,Furniture,North,7,12000.0,0,84000.0,September,2023,9,3
ORD04304,2023-09-03,C0155,P009,Cooking Oil,Groceries,South,5,200.0,0,1000.0,September,2023,9,3
ORD04305,2023-02-05,C0093,P006,T-Shirt,Clothing,West,7,799.0,0,5593.0,February,2023,2,1
ORD04306,2023-08-27,C0008,P003,Headphones,Electronics,West,4,2500.0,0,10000.0,August,2023,8,3
ORD04307,2023-02-22,C0097,P001,Laptop,Electronics,North,6,45000.0,0,270000.0,February,2023,2,1
ORD04308,2023-01-28,C0055,P005,Study Table,Furniture,West,4,12000.0,0,48000.0,January,2023,1,1
ORD04309,2023-07-31,C0163,P008,Rice 5kg,Groceries,South,2,315.0,10,630.0,July,2023,7,3
ORD04310,2023-02-02,C0027,P006,T-Shirt,Clothing,South,7,799.0,0,5593.0,February,2023,2,1
ORD04311,2023-04-06,C0143,P001,Laptop,Electronics,West,8,40500.0,10,324000.0,April,2023,4,2
ORD04312,2023-06-13,C0179,P007,Jeans,Clothing,East,7,1499.0,0,10493.0,June,2023,6,2
ORD04313,2023-07-12,C0060,P006,T-Shirt,Clothing,East,9,759.05,5,6831.45,July,2023,7,3
ORD04314,2023-01-15,C0043,P005,Study Table,Furniture,South,2,10800.0,10,21600.0,January,2023,1,1
ORD04315,2023-10-04,C0098,P003,Headphones,Electronics,West,9,2125.0,15,19125.0,October,2023,10,4
ORD04316,2023-07-19,C0151,P006,T-Shirt,Clothing,East,10,799.0,0,7990.0,July,2023,7,3
ORD04317,2023-08-18,C0010,P003,Headphones,Electronics,East,9,2500.0,0,22500.0,August,2023,8,3
ORD04318,2023-10-04,C0143,P004,Desk Chair,Furniture,West,3,7200.0,10,21600.0,October,2023,10,4
ORD04319,2023-03-23,C0005,P003,Headphones,Electronics,South,4,2125.0,15,8500.0,March,2023,3,1
ORD04320,2023-03-06,C0114,P009,Cooking Oil,Groceries,West,7,200.0,0,1400.0,March,2023,3,1
ORD04321,2023-08-30,C0037,P009,Cooking Oil,Groceries,West,6,200.0,0,1200.0,August,2023,8,3
ORD04322,2023-09-16,C0124,P004,Desk Chair,Furniture,West,3,8000.0,0,24000.0,September,2023,9,3
ORD04323,2023-01-04,C0105,P008,Rice 5kg,Groceries,South,2,297.5,15,595.0,January,2023,1,1
ORD04324,2023-11-21,C0089,P004,Desk Chair,Furniture,East,5,6800.0,15,34000.0,November,2023,11,4
ORD04325,2023-11-29,C0034,P007,Jeans,Clothing,West,3,1499.0,0,4497.0,November,2023,11,4
ORD04326,2023-06-19,C0055,P001,Laptop,Electronics,East,1,45000.0,0,45000.0,June,2023,6,2
ORD04327,2023-03-06,C0199,P008,Rice 5kg,Groceries,West,4,350.0,0,1400.0,March,2023,3,1
ORD04328,2023-06-26,C0115,P003,Headphones,Electronics,North,3,2250.0,10,6750.0,June,2023,6,2
ORD04329,2023-03-20,C0085,P005,Study Table,Furniture,East,1,10200.0,15,10200.0,March,2023,3,1
ORD04330,2023-12-25,C0176,P009,Cooking Oil,Groceries,South,10,170.0,15,1700.0,December,2023,12,4
ORD04331,2023-02-23,C0027,P008,Rice 5kg,Groceries,West,1,350.0,0,350.0,February,2023,2,1
ORD04332,2023-08-04,C0164,P002,Mobile Phone,Electronics,East,6,16200.0,10,97200.0,August,2023,8,3
ORD04333,2023-06-25,C0098,P004,Desk Chair,Furniture,North,9,7600.0,5,68400.0,June,2023,6,2
ORD04334,2023-12-10,C0111,P009,Cooking Oil,Groceries,West,5,170.0,15,850.0,December,2023,12,4
ORD04335,2023-12-20,C0042,P003,Headphones,Electronics,East,10,2500.0,0,25000.0,December,2023,12,4
ORD04336,2023-08-13,C0008,P009,Cooking Oil,Groceries,North,8,170.0,15,1360.0,August,2023,8,3
ORD04337,2023-11-11,C0068,P003,Headphones,Electronics,East,4,2125.0,15,8500.0,November,2023,11,4
ORD04338,2023-05-21,C0009,P005,Study Table,Furniture,West,3,11400.0,5,34200.0,May,2023,5,2
ORD04339,2023-01-31,C0022,P010,Notebook,Stationery,South,6,60.0,0,360.0,January,2023,1,1
ORD04340,2023-01-15,C0178,P004,Desk Chair,Furniture,North,10,7200.0,10,72000.0,January,2023,1,1
ORD04341,2023-03-15,C0140,P008,Rice 5kg,Groceries,South,2,332.5,5,665.0,March,2023,3,1
ORD04342,2023-10-08,C0199,P010,Notebook,Stationery,North,1,60.0,0,60.0,October,2023,10,4
ORD04343,2023-04-16,C0118,P002,Mobile Phone,Electronics,East,6,18000.0,0,108000.0,April,2023,4,2
ORD04344,2023-03-08,C0163,P007,Jeans,Clothing,West,8,1499.0,0,11992.0,March,2023,3,1
ORD04345,2023-07-15,C0094,P008,Rice 5kg,Groceries,West,2,350.0,0,700.0,July,2023,7,3
ORD04346,2023-09-11,C0088,P010,Notebook,Stationery,East,5,60.0,0,300.0,September,2023,9,3
ORD04347,2023-06-15,C0167,P006,T-Shirt,Clothing,South,1,799.0,0,799.0,June,2023,6,2
ORD04348,2023-02-28,C0077,P010,Notebook,Stationery,East,2,57.0,5,114.0,February,2023,2,1
ORD04349,2023-04-25,C0160,P005,Study Table,Furniture,East,2,10800.0,10,21600.0,April,2023,4,2
ORD04350,2023-02-01,C0117,P003,Headphones,Electronics,South,6,2500.0,0,15000.0,February,2023,2,1
ORD04351,2023-11-09,C0162,P006,T-Shirt,Clothing,South,2,799.0,0,1598.0,November,2023,11,4
ORD04352,2023-12-30,C0076,P006,T-Shirt,Clothing,East,8,799.0,0,6392.0,December,2023,12,4
ORD04353,2023-11-19,C0099,P001,Laptop,Electronics,East,3,42750.0,5,128250.0,November,2023,11,4
ORD04354,2023-01-30,C0049,P009,Cooking Oil,Groceries,East,3,200.0,0,600.0,January,2023,1,1
ORD04355,2023-05-26,C0074,P002,Mobile Phone,Electronics,North,3,15300.0,15,45900.0,May,2023,5,2
ORD04356,2023-05-29,C0165,P004,Desk Chair,Furniture,North,7,8000.0,0,56000.0,May,2023,5,2
ORD04357,2023-07-05,C0184,P002,Mobile Phone,Electronics,South,9,18000.0,0,162000.0,July,2023,7,3
ORD04358,2023-12-29,C0007,P010,Notebook,Stationery,East,10,60.0,0,600.0,December,2023,12,4
ORD04359,2023-12-02,C0061,P005,Study Table,Furniture,South,2,12000.0,0,24000.0,December,2023,12,4
ORD04360,2023-02-14,C0030,P002,Mobile Phone,Electronics,South,9,16200.0,10,145800.0,February,2023,2,1
ORD04361,2023-12-30,C0094,P004,Desk Chair,Furniture,West,5,7200.0,10,36000.0,December,2023,12,4
ORD04362,2023-04-01,C0119,P010,Notebook,Stationery,West,7,51.0,15,357.0,April,2023,4,2
ORD04363,2023-03-07,C0030,P008,Rice 5kg,Groceries,North,4,350.0,0,1400.0,March,2023,3,1
ORD04364,2023-12-29,C0053,P010,Notebook,Stationery,North,2,51.0,15,102.0,December,2023,12,4
ORD04365,2023-10-14,C0009,P005,Study Table,Furniture,South,10,12000.0,0,120000.0,October,2023,10,4
ORD04366,2023-11-27,C0136,P001,Laptop,Electronics,North,9,40500.0,10,364500.0,November,2023,11,4
ORD04367,2023-04-07,C0030,P005,Study Table,Furniture,North,6,12000.0,0,72000.0,April,2023,4,2
ORD04368,2023-02-05,C0172,P001,Laptop,Electronics,South,9,45000.0,0,405000.0,February,2023,2,1
ORD04369,2023-08-15,C0039,P009,Cooking Oil,Groceries,South,4,200.0,0,800.0,August,2023,8,3
ORD04370,2023-06-03,C0183,P007,Jeans,Clothing,North,8,1499.0,0,11992.0,June,2023,6,2
ORD04371,2023-02-17,C0159,P004,Desk Chair,Furniture,North,9,7200.0,10,64800.0,February,2023,2,1
ORD04372,2023-06-14,C0008,P008,Rice 5kg,Groceries,North,5,350.0,0,1750.0,June,2023,6,2
ORD04373,2023-05-20,C0068,P003,Headphones,Electronics,East,1,2500.0,0,2500.0,May,2023,5,2
ORD04374,2023-09-01,C0198,P002,Mobile Phone,Electronics,West,5,16200.0,10,81000.0,September,2023,9,3
ORD04375,2023-12-27,C0040,P008,Rice 5kg,Groceries,East,8,350.0,0,2800.0,December,2023,12,4
ORD04376,2023-07-13,C0194,P003,Headphones,Electronics,South,4,2500.0,0,10000.0,July,2023,7,3
ORD04377,2023-09-15,C0187,P004,Desk Chair,Furniture,North,8,6800.0,15,54400.0,September,2023,9,3
ORD04378,2023-08-14,C0008,P001,Laptop,Electronics,South,6,38250.0,15,229500.0,August,2023,8,3
ORD04380,2023-11-02,C0102,P010,Notebook,Stationery,West,5,57.0,5,285.0,November,2023,11,4
ORD04382,2023-01-14,C0149,P006,T-Shirt,Clothing,West,9,799.0,0,7191.0,January,2023,1,1
ORD04383,2023-04-12,C0064,P001,Laptop,Electronics,South,9,42750.0,5,384750.0,April,2023,4,2
ORD04384,2023-10-01,C0200,P001,Laptop,Electronics,West,7,45000.0,0,315000.0,October,2023,10,4
ORD04385,2023-04-09,C0160,P009,Cooking Oil,Groceries,South,9,180.0,10,1620.0,April,2023,4,2
ORD04386,2023-04-06,C0037,P001,Laptop,Electronics,East,10,42750.0,5,427500.0,April,2023,4,2
ORD04387,2023-06-22,C0191,P003,Headphones,Electronics,East,6,2250.0,10,13500.0,June,2023,6,2
ORD04388,2023-02-28,C0148,P002,Mobile Phone,Electronics,West,4,16200.0,10,64800.0,February,2023,2,1
ORD04389,2023-05-01,C0110,P005,Study Table,Furniture,West,9,12000.0,0,108000.0,May,2023,5,2
ORD04390,2023-07-22,C0145,P009,Cooking Oil,Groceries,South,8,200.0,0,1600.0,July,2023,7,3
ORD04391,2023-12-22,C0061,P001,Laptop,Electronics,West,1,45000.0,0,45000.0,December,2023,12,4
ORD04392,2023-05-21,C0133,P005,Study Table,Furniture,West,7,11400.0,5,79800.0,May,2023,5,2
ORD04393,2023-04-29,C0126,P005,Study Table,Furniture,North,2,11400.0,5,22800.0,April,2023,4,2
ORD04394,2023-06-26,C0044,P002,Mobile Phone,Electronics,West,8,18000.0,0,144000.0,June,2023,6,2
ORD04395,2023-06-04,C0002,P005,Study Table,Furniture,North,6,10800.0,10,64800.0,June,2023,6,2
ORD04396,2023-08-13,C0046,P005,Study Table,Furniture,North,2,12000.0,0,24000.0,August,2023,8,3
ORD04397,2023-08-01,C0138,P007,Jeans,Clothing,West,2,1499.0,0,2998.0,August,2023,8,3
ORD04398,2023-02-08,C0023,P001,Laptop,Electronics,South,4,42750.0,5,171000.0,February,2023,2,1
ORD04399,2023-12-30,C0162,P006,T-Shirt,Clothing,East,6,799.0,0,4794.0,December,2023,12,4
ORD04400,2023-07-23,C0129,P005,Study Table,Furniture,South,3,10200.0,15,30600.0,July,2023,7,3
ORD04401,2023-02-15,C0069,P004,Desk Chair,Furniture,North,8,7600.0,5,60800.0,February,2023,2,1
ORD04402,2023-06-23,C0146,P005,Study Table,Furniture,East,6,12000.0,0,72000.0,June,2023,6,2
ORD04403,2023-01-04,C0023,P001,Laptop,Electronics,North,1,45000.0,0,45000.0,January,2023,1,1
ORD04404,2023-03-18,C0057,P003,Headphones,Electronics,West,3,2375.0,5,7125.0,March,2023,3,1
ORD04405,2023-02-20,C0167,P005,Study Table,Furniture,West,3,10200.0,15,30600.0,February,2023,2,1
ORD04406,2023-10-01,C0095,P007,Jeans,Clothing,North,9,1499.0,0,13491.0,October,2023,10,4
ORD04407,2023-04-10,C0067,P008,Rice 5kg,Groceries,North,1,315.0,10,315.0,April,2023,4,2
ORD04408,2023-07-04,C0009,P002,Mobile Phone,Electronics,North,7,15300.0,15,107100.0,July,2023,7,3
ORD04409,2023-05-21,C0136,P005,Study Table,Furniture,East,1,12000.0,0,12000.0,May,2023,5,2
ORD04410,2023-01-08,C0177,P008,Rice 5kg,Groceries,West,8,350.0,0,2800.0,January,2023,1,1
ORD04411,2023-12-05,C0148,P010,Notebook,Stationery,East,6,51.0,15,306.0,December,2023,12,4
ORD04412,2023-05-11,C0073,P003,Headphones,Electronics,West,10,2500.0,0,25000.0,May,2023,5,2
ORD04413,2023-12-23,C0122,P003,Headphones,Electronics,East,2,2125.0,15,4250.0,December,2023,12,4
ORD04414,2023-01-04,C0004,P006,T-Shirt,Clothing,North,3,719.1,10,2157.3,January,2023,1,1
ORD04415,2023-05-19,C0079,P002,Mobile Phone,Electronics,West,8,18000.0,0,144000.0,May,2023,5,2
ORD04416,2023-04-30,C0081,P006,T-Shirt,Clothing,North,10,799.0,0,7990.0,April,2023,4,2
ORD04417,2023-08-05,C0072,P009,Cooking Oil,Groceries,West,4,200.0,0,800.0,August,2023,8,3
ORD04418,2023-08-16,C0004,P001,Laptop,Electronics,West,1,45000.0,0,45000.0,August,2023,8,3
ORD04419,2023-11-22,C0168,P003,Headphones,Electronics,East,10,2500.0,0,25000.0,November,2023,11,4
ORD04420,2023-10-17,C0078,P004,Desk Chair,Furniture,East,1,8000.0,0,8000.0,October,2023,10,4
ORD04421,2023-12-28,C0164,P005,Study Table,Furniture,South,3,10200.0,15,30600.0,December,2023,12,4
ORD04422,2023-11-24,C0055,P003,Headphones,Electronics,West,9,2500.0,0,22500.0,November,2023,11,4
ORD04423,2023-12-04,C0126,P008,Rice 5kg,Groceries,North,6,332.5,5,1995.0,December,2023,12,4
ORD04424,2023-07-13,C0071,P003,Headphones,Electronics,West,7,2500.0,0,17500.0,July,2023,7,3
ORD04425,2023-10-14,C0034,P002,Mobile Phone,Electronics,North,6,16200.0,10,97200.0,October,2023,10,4
ORD04426,2023-09-25,C0153,P008,Rice 5kg,Groceries,East,1,297.5,15,297.5,September,2023,9,3
ORD04427,2023-10-23,C0031,P001,Laptop,Electronics,North,8,38250.0,15,306000.0,October,2023,10,4
ORD04428,2023-05-11,C0098,P005,Study Table,Furniture,North,7,12000.0,0,84000.0,May,2023,5,2
ORD04429,2023-10-23,C0118,P009,Cooking Oil,Groceries,East,4,200.0,0,800.0,October,2023,10,4
ORD04430,2023-12-10,C0133,P005,Study Table,Furniture,East,8,12000.0,0,96000.0,December,2023,12,4
ORD04431,2023-10-14,C0173,P008,Rice 5kg,Groceries,West,8,350.0,0,2800.0,October,2023,10,4
ORD04432,2023-11-20,C0038,P009,Cooking Oil,Groceries,East,9,200.0,0,1800.0,November,2023,11,4
ORD04433,2023-11-29,C0187,P002,Mobile Phone,Electronics,North,3,18000.0,0,54000.0,November,2023,11,4
ORD04434,2023-10-20,C0150,P003,Headphones,Electronics,North,7,2375.0,5,16625.0,October,2023,10,4
ORD04435,2023-10-05,C0111,P007,Jeans,Clothing,East,1,1499.0,0,1499.0,October,2023,10,4
ORD04436,2023-11-28,C0093,P009,Cooking Oil,Groceries,West,4,180.0,10,720.0,November,2023,11,4
ORD04437,2023-01-01,C0004,P009,Cooking Oil,Groceries,South,3,200.0,0,600.0,January,2023,1,1
ORD04438,2023-08-17,C0012,P001,Laptop,Electronics,South,10,45000.0,0,450000.0,August,2023,8,3
ORD04439,2023-08-02,C0183,P009,Cooking Oil,Groceries,West,9,170.0,15,1530.0,August,2023,8,3
ORD04440,2023-09-13,C0193,P004,Desk Chair,Furniture,North,3,8000.0,0,24000.0,September,2023,9,3
ORD04441,2023-09-16,C0070,P009,Cooking Oil,Groceries,South,4,200.0,0,800.0,September,2023,9,3
ORD04442,2023-08-14,C0105,P008,Rice 5kg,Groceries,South,5,315.0,10,1575.0,August,2023,8,3
ORD04443,2023-05-18,C0088,P008,Rice 5kg,Groceries,West,5,297.5,15,1487.5,May,2023,5,2
ORD04444,2023-12-13,C0071,P008,Rice 5kg,Groceries,North,7,350.0,0,2450.0,December,2023,12,4
ORD04445,2023-10-28,C0070,P009,Cooking Oil,Groceries,West,2,190.0,5,380.0,October,2023,10,4
ORD04446,2023-06-20,C0196,P001,Laptop,Electronics,South,4,45000.0,0,180000.0,June,2023,6,2
ORD04447,2023-11-10,C0058,P007,Jeans,Clothing,North,3,1424.05,5,4272.15,November,2023,11,4
ORD04448,2023-03-29,C0096,P007,Jeans,Clothing,West,5,1499.0,0,7495.0,March,2023,3,1
ORD04449,2023-01-21,C0188,P001,Laptop,Electronics,West,8,45000.0,0,360000.0,January,2023,1,1
ORD04450,2023-11-28,C0039,P009,Cooking Oil,Groceries,East,6,200.0,0,1200.0,November,2023,11,4
ORD04451,2023-06-25,C0182,P006,T-Shirt,Clothing,South,2,799.0,0,1598.0,June,2023,6,2
ORD04452,2023-07-03,C0054,P010,Notebook,Stationery,West,1,60.0,0,60.0,July,2023,7,3
ORD04453,2023-03-11,C0127,P010,Notebook,Stationery,West,4,60.0,0,240.0,March,2023,3,1
ORD04454,2023-07-01,C0179,P003,Headphones,Electronics,West,3,2250.0,10,6750.0,July,2023,7,3
ORD04455,2023-03-13,C0057,P009,Cooking Oil,Groceries,West,4,190.0,5,760.0,March,2023,3,1
ORD04456,2023-01-19,C0060,P010,Notebook,Stationery,South,4,60.0,0,240.0,January,2023,1,1
ORD04457,2023-12-21,C0150,P001,Laptop,Electronics,East,1,40500.0,10,40500.0,December,2023,12,4
ORD04458,2023-08-17,C0003,P001,Laptop,Electronics,East,4,38250.0,15,153000.0,August,2023,8,3
ORD04459,2023-11-17,C0138,P004,Desk Chair,Furniture,South,2,6800.0,15,13600.0,November,2023,11,4
ORD04460,2023-11-27,C0125,P002,Mobile Phone,Electronics,North,3,18000.0,0,54000.0,November,2023,11,4
ORD04461,2023-12-30,C0165,P002,Mobile Phone,Electronics,East,10,16200.0,10,162000.0,December,2023,12,4
ORD04462,2023-10-20,C0169,P002,Mobile Phone,Electronics,West,8,17100.0,5,136800.0,October,2023,10,4
ORD04463,2023-12-28,C0092,P007,Jeans,Clothing,East,5,1499.0,0,7495.0,December,2023,12,4
ORD04464,2023-09-08,C0171,P003,Headphones,Electronics,South,2,2500.0,0,5000.0,September,2023,9,3
ORD04465,2023-06-15,C0053,P007,Jeans,Clothing,South,5,1499.0,0,7495.0,June,2023,6,2
ORD04466,2023-09-29,C0093,P010,Notebook,Stationery,South,7,54.0,10,378.0,September,2023,9,3
ORD04467,2023-11-22,C0147,P009,Cooking Oil,Groceries,North,9,200.0,0,1800.0,November,2023,11,4
ORD04468,2023-12-11,C0133,P010,Notebook,Stationery,South,8,51.0,15,408.0,December,2023,12,4
ORD04469,2023-03-26,C0025,P006,T-Shirt,Clothing,East,1,799.0,0,799.0,March,2023,3,1
ORD04470,2023-02-11,C0175,P007,Jeans,Clothing,North,6,1499.0,0,8994.0,February,2023,2,1
ORD04471,2023-11-29,C0135,P007,Jeans,Clothing,West,7,1274.15,15,8919.05,November,2023,11,4
ORD04472,2023-06-02,C0127,P007,Jeans,Clothing,West,8,1499.0,0,11992.0,June,2023,6,2
ORD04473,2023-09-30,C0110,P010,Notebook,Stationery,South,10,51.0,15,510.0,September,2023,9,3
ORD04474,2023-01-01,C0060,P010,Notebook,Stationery,East,2,51.0,15,102.0,January,2023,1,1
ORD04475,2023-03-20,C0027,P008,Rice 5kg,Groceries,East,7,350.0,0,2450.0,March,2023,3,1
ORD04476,2023-04-16,C0147,P004,Desk Chair,Furniture,West,8,8000.0,0,64000.0,April,2023,4,2
ORD04477,2023-05-28,C0002,P010,Notebook,Stationery,South,6,54.0,10,324.0,May,2023,5,2
ORD04478,2023-08-11,C0200,P005,Study Table,Furniture,East,7,12000.0,0,84000.0,August,2023,8,3
ORD04479,2023-01-17,C0014,P009,Cooking Oil,Groceries,South,8,200.0,0,1600.0,January,2023,1,1
ORD04480,2023-07-14,C0172,P003,Headphones,Electronics,West,8,2500.0,0,20000.0,July,2023,7,3
ORD04481,2023-07-19,C0169,P003,Headphones,Electronics,West,6,2125.0,15,12750.0,July,2023,7,3
ORD04482,2023-04-15,C0073,P003,Headphones,Electronics,West,3,2125.0,15,6375.0,April,2023,4,2
ORD04483,2023-07-20,C0002,P002,Mobile Phone,Electronics,North,7,15300.0,15,107100.0,July,2023,7,3
ORD04484,2023-09-23,C0111,P001,Laptop,Electronics,West,5,40500.0,10,202500.0,September,2023,9,3
ORD04485,2023-03-20,C0106,P008,Rice 5kg,Groceries,East,4,297.5,15,1190.0,March,2023,3,1
ORD04486,2023-12-20,C0051,P009,Cooking Oil,Groceries,West,10,170.0,15,1700.0,December,2023,12,4
ORD04487,2023-08-09,C0015,P005,Study Table,Furniture,North,2,11400.0,5,22800.0,August,2023,8,3
ORD04488,2023-12-03,C0170,P007,Jeans,Clothing,East,5,1274.15,15,6370.75,December,2023,12,4
ORD04489,2023-09-09,C0064,P001,Laptop,Electronics,East,5,45000.0,0,225000.0,September,2023,9,3
ORD04490,2023-04-20,C0177,P005,Study Table,Furniture,South,5,11400.0,5,57000.0,April,2023,4,2
ORD04491,2023-09-14,C0147,P001,Laptop,Electronics,North,6,45000.0,0,270000.0,September,2023,9,3
ORD04492,2023-04-08,C0114,P006,T-Shirt,Clothing,East,2,719.1,10,1438.2,April,2023,4,2
ORD04493,2023-09-15,C0061,P010,Notebook,Stationery,West,9,54.0,10,486.0,September,2023,9,3
ORD04494,2023-07-26,C0131,P006,T-Shirt,Clothing,East,1,719.1,10,719.1,July,2023,7,3
ORD04495,2023-06-15,C0015,P007,Jeans,Clothing,South,3,1274.15,15,3822.45,June,2023,6,2
ORD04496,2023-07-19,C0072,P010,Notebook,Stationery,West,10,51.0,15,510.0,July,2023,7,3
ORD04497,2023-06-02,C0199,P003,Headphones,Electronics,South,5,2500.0,0,12500.0,June,2023,6,2
ORD04498,2023-02-27,C0048,P010,Notebook,Stationery,North,6,60.0,0,360.0,February,2023,2,1
ORD04499,2023-02-02,C0002,P004,Desk Chair,Furniture,North,9,7600.0,5,68400.0,February,2023,2,1
ORD04500,2023-07-15,C0110,P007,Jeans,Clothing,North,10,1499.0,0,14990.0,July,2023,7,3
ORD04501,2023-07-26,C0067,P001,Laptop,Electronics,West,4,42750.0,5,171000.0,July,2023,7,3
ORD04502,2023-02-11,C0110,P010,Notebook,Stationery,North,2,51.0,15,102.0,February,2023,2,1
ORD04503,2023-10-22,C0175,P006,T-Shirt,Clothing,West,1,799.0,0,799.0,October,2023,10,4
ORD04504,2023-09-15,C0183,P009,Cooking Oil,Groceries,North,7,170.0,15,1190.0,September,2023,9,3
ORD04505,2023-03-04,C0081,P001,Laptop,Electronics,South,1,45000.0,0,45000.0,March,2023,3,1
ORD04506,2023-12-05,C0103,P009,Cooking Oil,Groceries,North,7,170.0,15,1190.0,December,2023,12,4
ORD04507,2023-01-01,C0197,P006,T-Shirt,Clothing,North,6,679.15,15,4074.9,January,2023,1,1
ORD04508,2023-01-06,C0028,P008,Rice 5kg,Groceries,North,4,315.0,10,1260.0,January,2023,1,1
ORD04509,2023-10-05,C0024,P006,T-Shirt,Clothing,East,8,799.0,0,6392.0,October,2023,10,4
ORD04510,2023-11-08,C0146,P002,Mobile Phone,Electronics,North,10,18000.0,0,180000.0,November,2023,11,4
ORD04511,2023-06-22,C0031,P006,T-Shirt,Clothing,North,1,799.0,0,799.0,June,2023,6,2
ORD04512,2023-07-30,C0137,P010,Notebook,Stationery,West,4,54.0,10,216.0,July,2023,7,3
ORD04513,2023-01-04,C0138,P008,Rice 5kg,Groceries,North,2,332.5,5,665.0,January,2023,1,1
ORD04515,2023-02-12,C0040,P002,Mobile Phone,Electronics,South,10,17100.0,5,171000.0,February,2023,2,1
ORD04516,2023-06-30,C0042,P004,Desk Chair,Furniture,South,5,7200.0,10,36000.0,June,2023,6,2
ORD04517,2023-01-27,C0055,P005,Study Table,Furniture,West,1,10200.0,15,10200.0,January,2023,1,1
ORD04518,2023-09-25,C0143,P008,Rice 5kg,Groceries,East,8,350.0,0,2800.0,September,2023,9,3
ORD04519,2023-07-18,C0103,P005,Study Table,Furniture,North,9,12000.0,0,108000.0,July,2023,7,3
ORD04520,2023-03-09,C0185,P003,Headphones,Electronics,North,7,2125.0,15,14875.0,March,2023,3,1
ORD04521,2023-02-07,C0110,P007,Jeans,Clothing,East,10,1499.0,0,14990.0,February,2023,2,1
ORD04522,2023-08-09,C0013,P002,Mobile Phone,Electronics,North,2,16200.0,10,32400.0,August,2023,8,3
ORD04523,2023-11-11,C0156,P003,Headphones,Electronics,South,4,2125.0,15,8500.0,November,2023,11,4
ORD04524,2023-09-18,C0197,P006,T-Shirt,Clothing,West,10,679.15,15,6791.5,September,2023,9,3
ORD04525,2023-04-24,C0030,P001,Laptop,Electronics,East,7,45000.0,0,315000.0,April,2023,4,2
ORD04526,2023-12-19,C0130,P007,Jeans,Clothing,North,9,1274.15,15,11467.35,December,2023,12,4
ORD04527,2023-07-27,C0141,P007,Jeans,Clothing,North,2,1349.1,10,2698.2,July,2023,7,3
ORD04528,2023-02-03,C0037,P006,T-Shirt,Clothing,North,3,799.0,0,2397.0,February,2023,2,1
ORD04529,2023-07-27,C0071,P001,Laptop,Electronics,North,9,45000.0,0,405000.0,July,2023,7,3
ORD04530,2023-07-28,C0011,P001,Laptop,Electronics,North,5,45000.0,0,225000.0,July,2023,7,3
ORD04531,2023-10-10,C0061,P002,Mobile Phone,Electronics,East,5,18000.0,0,90000.0,October,2023,10,4
ORD04532,2023-01-16,C0104,P005,Study Table,Furniture,North,10,12000.0,0,120000.0,January,2023,1,1
ORD04533,2023-07-31,C0034,P006,T-Shirt,Clothing,West,9,799.0,0,7191.0,July,2023,7,3
ORD04534,2023-12-17,C0159,P010,Notebook,Stationery,East,9,60.0,0,540.0,December,2023,12,4
ORD04535,2023-05-21,C0021,P005,Study Table,Furniture,East,3,10800.0,10,32400.0,May,2023,5,2
ORD04536,2023-07-03,C0117,P001,Laptop,Electronics,West,5,40500.0,10,202500.0,July,2023,7,3
ORD04537,2023-08-21,C0104,P004,Desk Chair,Furniture,West,9,8000.0,0,72000.0,August,2023,8,3
ORD04538,2023-02-19,C0101,P006,T-Shirt,Clothing,East,4,799.0,0,3196.0,February,2023,2,1
ORD04539,2023-05-31,C0173,P007,Jeans,Clothing,West,2,1424.05,5,2848.1,May,2023,5,2
ORD04540,2023-07-18,C0034,P001,Laptop,Electronics,West,3,38250.0,15,114750.0,July,2023,7,3
ORD04542,2023-05-19,C0103,P010,Notebook,Stationery,West,9,60.0,0,540.0,May,2023,5,2
ORD04543,2023-03-22,C0128,P007,Jeans,Clothing,West,6,1424.05,5,8544.3,March,2023,3,1
ORD04544,2023-09-12,C0034,P003,Headphones,Electronics,South,2,2500.0,0,5000.0,September,2023,9,3
ORD04545,2023-04-02,C0052,P006,T-Shirt,Clothing,East,3,799.0,0,2397.0,April,2023,4,2
ORD04546,2023-09-24,C0083,P007,Jeans,Clothing,East,1,1499.0,0,1499.0,September,2023,9,3
ORD04547,2023-07-05,C0015,P008,Rice 5kg,Groceries,East,3,350.0,0,1050.0,July,2023,7,3
ORD04548,2023-04-12,C0197,P006,T-Shirt,Clothing,North,4,799.0,0,3196.0,April,2023,4,2
ORD04549,2023-01-09,C0085,P005,Study Table,Furniture,South,6,11400.0,5,68400.0,January,2023,1,1
ORD04550,2023-12-31,C0032,P003,Headphones,Electronics,North,3,2125.0,15,6375.0,December,2023,12,4
ORD04551,2023-04-26,C0186,P010,Notebook,Stationery,North,5,60.0,0,300.0,April,2023,4,2
ORD04552,2023-10-03,C0125,P002,Mobile Phone,Electronics,South,5,18000.0,0,90000.0,October,2023,10,4
ORD04553,2023-10-30,C0196,P004,Desk Chair,Furniture,South,8,7600.0,5,60800.0,October,2023,10,4
ORD04554,2023-08-07,C0136,P003,Headphones,Electronics,South,2,2500.0,0,5000.0,August,2023,8,3
ORD04555,2023-09-22,C0021,P010,Notebook,Stationery,North,10,51.0,15,510.0,September,2023,9,3
ORD04556,2023-06-09,C0042,P010,Notebook,Stationery,West,7,60.0,0,420.0,June,2023,6,2
ORD04557,2023-12-14,C0086,P010,Notebook,Stationery,East,7,60.0,0,420.0,December,2023,12,4
ORD04558,2023-08-02,C0055,P005,Study Table,Furniture,East,6,12000.0,0,72000.0,August,2023,8,3
ORD04559,2023-09-10,C0161,P003,Headphones,Electronics,South,4,2125.0,15,8500.0,September,2023,9,3
ORD04560,2023-06-14,C0052,P003,Headphones,Electronics,East,3,2125.0,15,6375.0,June,2023,6,2
ORD04561,2023-10-11,C0007,P009,Cooking Oil,Groceries,East,9,200.0,0,1800.0,October,2023,10,4
ORD04562,2023-10-11,C0189,P006,T-Shirt,Clothing,South,6,799.0,0,4794.0,October,2023,10,4
ORD04563,2023-07-23,C0122,P001,Laptop,Electronics,West,5,42750.0,5,213750.0,July,2023,7,3
ORD04564,2023-10-04,C0140,P001,Laptop,Electronics,West,9,45000.0,0,405000.0,October,2023,10,4
ORD04565,2023-12-07,C0034,P009,Cooking Oil,Groceries,North,8,200.0,0,1600.0,December,2023,12,4
ORD04566,2023-07-19,C0143,P002,Mobile Phone,Electronics,East,4,15300.0,15,61200.0,July,2023,7,3
ORD04567,2023-02-18,C0169,P003,Headphones,Electronics,North,7,2500.0,0,17500.0,February,2023,2,1
ORD04569,2023-03-14,C0152,P005,Study Table,Furniture,West,5,12000.0,0,60000.0,March,2023,3,1
ORD04570,2023-04-15,C0055,P008,Rice 5kg,Groceries,North,5,350.0,0,1750.0,April,2023,4,2
ORD04571,2023-12-16,C0093,P008,Rice 5kg,Groceries,South,2,350.0,0,700.0,December,2023,12,4
ORD04572,2023-03-26,C0160,P005,Study Table,Furniture,West,10,11400.0,5,114000.0,March,2023,3,1
ORD04573,2023-04-16,C0163,P002,Mobile Phone,Electronics,East,1,18000.0,0,18000.0,April,2023,4,2
ORD04574,2023-12-31,C0139,P010,Notebook,Stationery,East,8,60.0,0,480.0,December,2023,12,4
ORD04575,2023-09-17,C0024,P002,Mobile Phone,Electronics,West,9,16200.0,10,145800.0,September,2023,9,3
ORD04576,2023-10-21,C0152,P003,Headphones,Electronics,South,2,2500.0,0,5000.0,October,2023,10,4
ORD04577,2023-09-21,C0033,P008,Rice 5kg,Groceries,West,7,350.0,0,2450.0,September,2023,9,3
ORD04578,2023-03-02,C0042,P001,Laptop,Electronics,South,4,45000.0,0,180000.0,March,2023,3,1
ORD04579,2023-01-21,C0113,P006,T-Shirt,Clothing,North,5,719.1,10,3595.5,January,2023,1,1
ORD04580,2023-09-26,C0056,P002,Mobile Phone,Electronics,West,5,15300.0,15,76500.0,September,2023,9,3
ORD04581,2023-01-04,C0118,P008,Rice 5kg,Groceries,North,8,350.0,0,2800.0,January,2023,1,1
ORD04582,2023-01-02,C0173,P006,T-Shirt,Clothing,West,7,799.0,0,5593.0,January,2023,1,1
ORD04583,2023-03-03,C0047,P003,Headphones,Electronics,South,9,2500.0,0,22500.0,March,2023,3,1
ORD04584,2023-10-03,C0043,P004,Desk Chair,Furniture,West,9,7600.0,5,68400.0,October,2023,10,4
ORD04585,2023-05-14,C0182,P008,Rice 5kg,Groceries,South,3,332.5,5,997.5,May,2023,5,2
ORD04586,2023-07-04,C0165,P001,Laptop,Electronics,West,5,38250.0,15,191250.0,July,2023,7,3
ORD04587,2023-12-04,C0102,P001,Laptop,Electronics,North,7,42750.0,5,299250.0,December,2023,12,4
ORD04588,2023-04-14,C0065,P004,Desk Chair,Furniture,East,2,8000.0,0,16000.0,April,2023,4,2
ORD04589,2023-02-16,C0029,P005,Study Table,Furniture,East,10,10800.0,10,108000.0,February,2023,2,1
ORD04591,2023-12-16,C0023,P004,Desk Chair,Furniture,West,8,7200.0,10,57600.0,December,2023,12,4
ORD04592,2023-05-10,C0161,P009,Cooking Oil,Groceries,North,4,190.0,5,760.0,May,2023,5,2
ORD04593,2023-07-05,C0189,P006,T-Shirt,Clothing,East,10,799.0,0,7990.0,July,2023,7,3
ORD04594,2023-09-13,C0147,P002,Mobile Phone,Electronics,South,10,18000.0,0,180000.0,September,2023,9,3
ORD04595,2023-07-21,C0087,P007,Jeans,Clothing,West,4,1274.15,15,5096.6,July,2023,7,3
ORD04596,2023-09-01,C0125,P007,Jeans,Clothing,East,9,1424.05,5,12816.45,September,2023,9,3
ORD04597,2023-04-17,C0199,P009,Cooking Oil,Groceries,East,7,200.0,0,1400.0,April,2023,4,2
ORD04598,2023-06-27,C0057,P010,Notebook,Stationery,North,2,54.0,10,108.0,June,2023,6,2
ORD04599,2023-09-09,C0034,P005,Study Table,Furniture,South,3,11400.0,5,34200.0,September,2023,9,3
ORD04600,2023-07-06,C0008,P008,Rice 5kg,Groceries,North,7,350.0,0,2450.0,July,2023,7,3
ORD04601,2023-06-07,C0135,P010,Notebook,Stationery,North,2,60.0,0,120.0,June,2023,6,2
ORD04602,2023-09-13,C0159,P004,Desk Chair,Furniture,South,7,8000.0,0,56000.0,September,2023,9,3
ORD04603,2023-02-14,C0001,P010,Notebook,Stationery,West,10,60.0,0,600.0,February,2023,2,1
ORD04604,2023-11-07,C0005,P005,Study Table,Furniture,East,8,10200.0,15,81600.0,November,2023,11,4
ORD04605,2023-06-25,C0124,P010,Notebook,Stationery,South,10,60.0,0,600.0,June,2023,6,2
ORD04606,2023-10-21,C0098,P007,Jeans,Clothing,West,8,1349.1,10,10792.8,October,2023,10,4
ORD04607,2023-12-12,C0101,P003,Headphones,Electronics,North,1,2250.0,10,2250.0,December,2023,12,4
ORD04608,2023-08-10,C0079,P004,Desk Chair,Furniture,South,8,8000.0,0,64000.0,August,2023,8,3
ORD04609,2023-10-17,C0113,P009,Cooking Oil,Groceries,South,7,180.0,10,1260.0,October,2023,10,4
ORD04610,2023-12-07,C0193,P010,Notebook,Stationery,East,8,60.0,0,480.0,December,2023,12,4
ORD04611,2023-09-08,C0120,P010,Notebook,Stationery,North,4,60.0,0,240.0,September,2023,9,3
ORD04612,2023-08-27,C0174,P005,Study Table,Furniture,West,10,12000.0,0,120000.0,August,2023,8,3
ORD04613,2023-08-06,C0131,P007,Jeans,Clothing,East,1,1349.1,10,1349.1,August,2023,8,3
ORD04614,2023-02-02,C0009,P009,Cooking Oil,Groceries,East,9,190.0,5,1710.0,February,2023,2,1
ORD04615,2023-09-03,C0152,P006,T-Shirt,Clothing,East,9,759.05,5,6831.45,September,2023,9,3
ORD04616,2023-05-20,C0128,P004,Desk Chair,Furniture,North,7,8000.0,0,56000.0,May,2023,5,2
ORD04617,2023-12-03,C0109,P008,Rice 5kg,Groceries,East,7,332.5,5,2327.5,December,2023,12,4
ORD04618,2023-08-16,C0168,P005,Study Table,Furniture,West,6,10800.0,10,64800.0,August,2023,8,3
ORD04619,2023-02-10,C0090,P010,Notebook,Stationery,East,5,57.0,5,285.0,February,2023,2,1
ORD04620,2023-05-10,C0082,P004,Desk Chair,Furniture,North,5,7600.0,5,38000.0,May,2023,5,2
ORD04621,2023-08-15,C0127,P001,Laptop,Electronics,South,6,45000.0,0,270000.0,August,2023,8,3
ORD04622,2023-07-23,C0081,P005,Study Table,Furniture,South,9,10800.0,10,97200.0,July,2023,7,3
ORD04623,2023-06-28,C0072,P001,Laptop,Electronics,North,4,42750.0,5,171000.0,June,2023,6,2
ORD04624,2023-09-30,C0056,P001,Laptop,Electronics,South,6,45000.0,0,270000.0,September,2023,9,3
ORD04625,2023-04-06,C0185,P007,Jeans,Clothing,North,10,1499.0,0,14990.0,April,2023,4,2
ORD04626,2023-12-23,C0071,P005,Study Table,Furniture,North,9,12000.0,0,108000.0,December,2023,12,4
ORD04627,2023-06-30,C0001,P001,Laptop,Electronics,West,5,45000.0,0,225000.0,June,2023,6,2
ORD04628,2023-02-22,C0012,P005,Study Table,Furniture,South,1,12000.0,0,12000.0,February,2023,2,1
ORD04629,2023-10-25,C0111,P009,Cooking Oil,Groceries,South,8,170.0,15,1360.0,October,2023,10,4
ORD04630,2023-11-28,C0110,P007,Jeans,Clothing,East,8,1499.0,0,11992.0,November,2023,11,4
ORD04631,2023-01-20,C0064,P007,Jeans,Clothing,South,7,1274.15,15,8919.05,January,2023,1,1
ORD04632,2023-11-14,C0122,P008,Rice 5kg,Groceries,East,4,315.0,10,1260.0,November,2023,11,4
ORD04634,2023-10-01,C0029,P007,Jeans,Clothing,East,1,1424.05,5,1424.05,October,2023,10,4
ORD04635,2023-08-25,C0122,P009,Cooking Oil,Groceries,West,5,180.0,10,900.0,August,2023,8,3
ORD04636,2023-02-14,C0068,P004,Desk Chair,Furniture,East,1,7600.0,5,7600.0,February,2023,2,1
ORD04637,2023-08-31,C0136,P006,T-Shirt,Clothing,South,5,679.15,15,3395.75,August,2023,8,3
ORD04639,2023-08-10,C0194,P009,Cooking Oil,Groceries,West,8,200.0,0,1600.0,August,2023,8,3
ORD04640,2023-11-04,C0047,P009,Cooking Oil,Groceries,South,2,200.0,0,400.0,November,2023,11,4
ORD04641,2023-02-26,C0033,P002,Mobile Phone,Electronics,South,4,16200.0,10,64800.0,February,2023,2,1
ORD04642,2023-06-02,C0173,P010,Notebook,Stationery,North,10,54.0,10,540.0,June,2023,6,2
ORD04643,2023-09-14,C0115,P004,Desk Chair,Furniture,North,8,7600.0,5,60800.0,September,2023,9,3
ORD04644,2023-02-03,C0195,P001,Laptop,Electronics,North,8,40500.0,10,324000.0,February,2023,2,1
ORD04645,2023-08-07,C0069,P006,T-Shirt,Clothing,North,2,799.0,0,1598.0,August,2023,8,3
ORD04646,2023-12-15,C0166,P009,Cooking Oil,Groceries,East,4,180.0,10,720.0,December,2023,12,4
ORD04647,2023-04-27,C0066,P009,Cooking Oil,Groceries,East,4,200.0,0,800.0,April,2023,4,2
ORD04648,2023-12-14,C0002,P006,T-Shirt,Clothing,East,5,679.15,15,3395.75,December,2023,12,4
ORD04649,2023-01-30,C0158,P008,Rice 5kg,Groceries,North,3,315.0,10,945.0,January,2023,1,1
ORD04650,2023-12-06,C0100,P009,Cooking Oil,Groceries,East,9,200.0,0,1800.0,December,2023,12,4
ORD04651,2023-09-23,C0084,P007,Jeans,Clothing,East,8,1274.15,15,10193.2,September,2023,9,3
ORD04652,2023-12-04,C0147,P001,Laptop,Electronics,East,9,40500.0,10,364500.0,December,2023,12,4
ORD04653,2023-11-17,C0009,P001,Laptop,Electronics,West,4,45000.0,0,180000.0,November,2023,11,4
ORD04654,2023-08-05,C0159,P001,Laptop,Electronics,North,6,45000.0,0,270000.0,August,2023,8,3
ORD04655,2023-11-07,C0154,P004,Desk Chair,Furniture,West,1,8000.0,0,8000.0,November,2023,11,4
ORD04656,2023-07-03,C0103,P010,Notebook,Stationery,East,3,60.0,0,180.0,July,2023,7,3
ORD04657,2023-11-02,C0165,P004,Desk Chair,Furniture,North,1,7600.0,5,7600.0,November,2023,11,4
ORD04660,2023-09-30,C0036,P004,Desk Chair,Furniture,North,2,6800.0,15,13600.0,September,2023,9,3
ORD04661,2023-01-29,C0078,P007,Jeans,Clothing,North,9,1499.0,0,13491.0,January,2023,1,1
ORD04662,2023-06-02,C0136,P004,Desk Chair,Furniture,East,1,8000.0,0,8000.0,June,2023,6,2
ORD04663,2023-09-06,C0154,P009,Cooking Oil,Groceries,West,6,190.0,5,1140.0,September,2023,9,3
ORD04664,2023-06-18,C0164,P009,Cooking Oil,Groceries,East,3,200.0,0,600.0,June,2023,6,2
ORD04665,2023-03-22,C0125,P006,T-Shirt,Clothing,South,2,719.1,10,1438.2,March,2023,3,1
ORD04666,2023-05-21,C0034,P009,Cooking Oil,Groceries,East,3,190.0,5,570.0,May,2023,5,2
ORD04667,2023-07-06,C0166,P006,T-Shirt,Clothing,West,3,799.0,0,2397.0,July,2023,7,3
ORD04668,2023-06-23,C0152,P009,Cooking Oil,Groceries,North,2,200.0,0,400.0,June,2023,6,2
ORD04669,2023-11-14,C0085,P002,Mobile Phone,Electronics,East,10,17100.0,5,171000.0,November,2023,11,4
ORD04670,2023-06-23,C0004,P007,Jeans,Clothing,East,2,1274.15,15,2548.3,June,2023,6,2
ORD04671,2023-01-16,C0131,P002,Mobile Phone,Electronics,South,6,15300.0,15,91800.0,January,2023,1,1
ORD04672,2023-06-20,C0007,P005,Study Table,Furniture,West,1,12000.0,0,12000.0,June,2023,6,2
ORD04673,2023-11-04,C0179,P006,T-Shirt,Clothing,South,6,799.0,0,4794.0,November,2023,11,4
ORD04674,2023-09-17,C0194,P009,Cooking Oil,Groceries,South,2,200.0,0,400.0,September,2023,9,3
ORD04675,2023-08-20,C0161,P006,T-Shirt,Clothing,West,5,759.05,5,3795.25,August,2023,8,3
ORD04676,2023-05-26,C0182,P010,Notebook,Stationery,North,3,60.0,0,180.0,May,2023,5,2
ORD04677,2023-10-28,C0064,P003,Headphones,Electronics,West,5,2125.0,15,10625.0,October,2023,10,4
ORD04678,2023-12-30,C0073,P001,Laptop,Electronics,East,8,45000.0,0,360000.0,December,2023,12,4
ORD04679,2023-10-19,C0177,P005,Study Table,Furniture,West,9,12000.0,0,108000.0,October,2023,10,4
ORD04680,2023-03-09,C0051,P002,Mobile Phone,Electronics,East,7,17100.0,5,119700.0,March,2023,3,1
ORD04681,2023-06-18,C0094,P008,Rice 5kg,Groceries,South,2,350.0,0,700.0,June,2023,6,2
ORD04682,2023-08-17,C0068,P003,Headphones,Electronics,North,8,2375.0,5,19000.0,August,2023,8,3
ORD04683,2023-03-17,C0174,P003,Headphones,Electronics,West,3,2375.0,5,7125.0,March,2023,3,1
ORD04684,2023-02-27,C0178,P002,Mobile Phone,Electronics,South,5,18000.0,0,90000.0,February,2023,2,1
ORD04685,2023-05-25,C0094,P001,Laptop,Electronics,East,1,45000.0,0,45000.0,May,2023,5,2
ORD04686,2023-06-22,C0094,P006,T-Shirt,Clothing,West,6,719.1,10,4314.6,June,2023,6,2
ORD04687,2023-04-20,C0053,P007,Jeans,Clothing,East,9,1274.15,15,11467.35,April,2023,4,2
ORD04688,2023-09-18,C0014,P008,Rice 5kg,Groceries,East,7,332.5,5,2327.5,September,2023,9,3
ORD04689,2023-09-15,C0107,P010,Notebook,Stationery,North,2,60.0,0,120.0,September,2023,9,3
ORD04690,2023-12-15,C0121,P002,Mobile Phone,Electronics,East,6,18000.0,0,108000.0,December,2023,12,4
ORD04691,2023-04-29,C0058,P010,Notebook,Stationery,West,8,54.0,10,432.0,April,2023,4,2
ORD04692,2023-12-09,C0175,P010,Notebook,Stationery,West,4,60.0,0,240.0,December,2023,12,4
ORD04693,2023-06-29,C0166,P009,Cooking Oil,Groceries,North,9,180.0,10,1620.0,June,2023,6,2
ORD04694,2023-11-02,C0021,P006,T-Shirt,Clothing,North,9,799.0,0,7191.0,November,2023,11,4
ORD04695,2023-07-27,C0073,P003,Headphones,Electronics,North,1,2500.0,0,2500.0,July,2023,7,3
ORD04696,2023-08-10,C0063,P004,Desk Chair,Furniture,West,4,7200.0,10,28800.0,August,2023,8,3
ORD04697,2023-10-14,C0163,P001,Laptop,Electronics,West,4,40500.0,10,162000.0,October,2023,10,4
ORD04698,2023-11-11,C0055,P002,Mobile Phone,Electronics,East,9,16200.0,10,145800.0,November,2023,11,4
ORD04699,2023-08-20,C0111,P009,Cooking Oil,Groceries,West,2,190.0,5,380.0,August,2023,8,3
ORD04700,2023-04-30,C0077,P003,Headphones,Electronics,North,1,2250.0,10,2250.0,April,2023,4,2
ORD04701,2023-09-04,C0072,P007,Jeans,Clothing,South,7,1499.0,0,10493.0,September,2023,9,3
ORD04702,2023-08-26,C0166,P005,Study Table,Furniture,South,1,12000.0,0,12000.0,August,2023,8,3
ORD04703,2023-07-28,C0062,P008,Rice 5kg,Groceries,West,10,332.5,5,3325.0,July,2023,7,3
ORD04704,2023-12-21,C0141,P009,Cooking Oil,Groceries,West,2,170.0,15,340.0,December,2023,12,4
ORD04705,2023-03-28,C0080,P005,Study Table,Furniture,West,10,10800.0,10,108000.0,March,2023,3,1
ORD04706,2023-11-09,C0056,P005,Study Table,Furniture,East,5,11400.0,5,57000.0,November,2023,11,4
ORD04707,2023-06-09,C0168,P006,T-Shirt,Clothing,South,7,759.05,5,5313.35,June,2023,6,2
ORD04708,2023-01-06,C0143,P003,Headphones,Electronics,West,7,2250.0,10,15750.0,January,2023,1,1
ORD04709,2023-12-08,C0133,P007,Jeans,Clothing,North,7,1424.05,5,9968.35,December,2023,12,4
ORD04710,2023-10-23,C0038,P009,Cooking Oil,Groceries,South,3,200.0,0,600.0,October,2023,10,4
ORD04711,2023-10-14,C0126,P003,Headphones,Electronics,South,5,2375.0,5,11875.0,October,2023,10,4
ORD04712,2023-09-06,C0181,P008,Rice 5kg,Groceries,East,4,350.0,0,1400.0,September,2023,9,3
ORD04713,2023-07-31,C0126,P002,Mobile Phone,Electronics,East,4,16200.0,10,64800.0,July,2023,7,3
ORD04714,2023-05-06,C0014,P006,T-Shirt,Clothing,East,8,719.1,10,5752.8,May,2023,5,2
ORD04715,2023-08-19,C0170,P007,Jeans,Clothing,West,6,1274.15,15,7644.9,August,2023,8,3
ORD04716,2023-07-17,C0144,P006,T-Shirt,Clothing,North,8,719.1,10,5752.8,July,2023,7,3
ORD04717,2023-11-23,C0192,P002,Mobile Phone,Electronics,West,3,17100.0,5,51300.0,November,2023,11,4
ORD04718,2023-04-20,C0107,P005,Study Table,Furniture,South,10,12000.0,0,120000.0,April,2023,4,2
ORD04719,2023-08-11,C0091,P007,Jeans,Clothing,South,2,1499.0,0,2998.0,August,2023,8,3
ORD04720,2023-05-30,C0039,P003,Headphones,Electronics,North,1,2500.0,0,2500.0,May,2023,5,2
ORD04721,2023-02-21,C0095,P008,Rice 5kg,Groceries,South,5,332.5,5,1662.5,February,2023,2,1
ORD04722,2023-09-28,C0089,P010,Notebook,Stationery,North,2,54.0,10,108.0,September,2023,9,3
ORD04723,2023-06-12,C0141,P002,Mobile Phone,Electronics,East,4,18000.0,0,72000.0,June,2023,6,2
ORD04724,2023-04-06,C0182,P005,Study Table,Furniture,West,4,12000.0,0,48000.0,April,2023,4,2
ORD04725,2023-12-10,C0152,P004,Desk Chair,Furniture,North,3,7600.0,5,22800.0,December,2023,12,4
ORD04726,2023-01-01,C0103,P004,Desk Chair,Furniture,North,9,8000.0,0,72000.0,January,2023,1,1
ORD04727,2023-09-09,C0012,P009,Cooking Oil,Groceries,North,10,200.0,0,2000.0,September,2023,9,3
ORD04728,2023-06-28,C0118,P002,Mobile Phone,Electronics,East,9,18000.0,0,162000.0,June,2023,6,2
ORD04729,2023-01-11,C0086,P006,T-Shirt,Clothing,South,10,719.1,10,7191.0,January,2023,1,1
ORD04730,2023-08-08,C0025,P006,T-Shirt,Clothing,North,10,719.1,10,7191.0,August,2023,8,3
ORD04731,2023-06-09,C0002,P009,Cooking Oil,Groceries,West,4,200.0,0,800.0,June,2023,6,2
ORD04733,2023-10-09,C0151,P003,Headphones,Electronics,West,2,2375.0,5,4750.0,October,2023,10,4
ORD04734,2023-05-25,C0115,P004,Desk Chair,Furniture,South,8,8000.0,0,64000.0,May,2023,5,2
ORD04735,2023-11-09,C0033,P005,Study Table,Furniture,West,4,12000.0,0,48000.0,November,2023,11,4
ORD04736,2023-07-30,C0090,P003,Headphones,Electronics,West,7,2375.0,5,16625.0,July,2023,7,3
ORD04737,2023-07-31,C0092,P004,Desk Chair,Furniture,East,7,8000.0,0,56000.0,July,2023,7,3
ORD04738,2023-06-16,C0085,P003,Headphones,Electronics,East,5,2375.0,5,11875.0,June,2023,6,2
ORD04739,2023-05-04,C0104,P003,Headphones,Electronics,West,1,2125.0,15,2125.0,May,2023,5,2
ORD04740,2023-01-04,C0092,P006,T-Shirt,Clothing,West,2,799.0,0,1598.0,January,2023,1,1
ORD04741,2023-08-25,C0020,P010,Notebook,Stationery,North,1,60.0,0,60.0,August,2023,8,3
ORD04742,2023-08-21,C0177,P009,Cooking Oil,Groceries,South,2,190.0,5,380.0,August,2023,8,3
ORD04744,2023-10-26,C0180,P005,Study Table,Furniture,East,9,12000.0,0,108000.0,October,2023,10,4
ORD04745,2023-01-29,C0114,P007,Jeans,Clothing,East,6,1424.05,5,8544.3,January,2023,1,1
ORD04746,2023-03-17,C0070,P009,Cooking Oil,Groceries,South,4,200.0,0,800.0,March,2023,3,1
ORD04747,2023-12-17,C0085,P009,Cooking Oil,Groceries,North,6,170.0,15,1020.0,December,2023,12,4
ORD04748,2023-12-01,C0017,P001,Laptop,Electronics,East,5,45000.0,0,225000.0,December,2023,12,4
ORD04749,2023-01-26,C0156,P001,Laptop,Electronics,South,6,45000.0,0,270000.0,January,2023,1,1
ORD04752,2023-05-15,C0060,P005,Study Table,Furniture,West,2,11400.0,5,22800.0,May,2023,5,2
ORD04753,2023-01-06,C0192,P003,Headphones,Electronics,East,2,2375.0,5,4750.0,January,2023,1,1
ORD04754,2023-12-25,C0160,P003,Headphones,Electronics,South,6,2125.0,15,12750.0,December,2023,12,4
ORD04755,2023-10-17,C0191,P004,Desk Chair,Furniture,West,4,6800.0,15,27200.0,October,2023,10,4
ORD04756,2023-09-28,C0028,P009,Cooking Oil,Groceries,West,6,190.0,5,1140.0,September,2023,9,3
ORD04757,2023-02-18,C0127,P001,Laptop,Electronics,South,6,40500.0,10,243000.0,February,2023,2,1
ORD04758,2023-02-05,C0015,P004,Desk Chair,Furniture,East,1,6800.0,15,6800.0,February,2023,2,1
ORD04759,2023-11-07,C0197,P010,Notebook,Stationery,South,2,57.0,5,114.0,November,2023,11,4
ORD04761,2023-07-17,C0090,P005,Study Table,Furniture,East,5,12000.0,0,60000.0,July,2023,7,3
ORD04763,2023-10-23,C0067,P007,Jeans,Clothing,West,6,1499.0,0,8994.0,October,2023,10,4
ORD04764,2023-03-17,C0168,P009,Cooking Oil,Groceries,South,6,190.0,5,1140.0,March,2023,3,1
ORD04765,2023-03-07,C0162,P003,Headphones,Electronics,West,7,2500.0,0,17500.0,March,2023,3,1
ORD04766,2023-08-12,C0132,P002,Mobile Phone,Electronics,North,2,16200.0,10,32400.0,August,2023,8,3
ORD04767,2023-01-02,C0151,P010,Notebook,Stationery,North,4,57.0,5,228.0,January,2023,1,1
ORD04768,2023-12-01,C0120,P001,Laptop,Electronics,North,9,45000.0,0,405000.0,December,2023,12,4
ORD04769,2023-07-27,C0171,P003,Headphones,Electronics,South,8,2125.0,15,17000.0,July,2023,7,3
ORD04770,2023-09-09,C0127,P009,Cooking Oil,Groceries,North,8,190.0,5,1520.0,September,2023,9,3
ORD04771,2023-07-17,C0130,P008,Rice 5kg,Groceries,South,3,297.5,15,892.5,July,2023,7,3
ORD04772,2023-11-28,C0168,P010,Notebook,Stationery,West,6,57.0,5,342.0,November,2023,11,4
ORD04773,2023-11-22,C0082,P008,Rice 5kg,Groceries,East,8,350.0,0,2800.0,November,2023,11,4
ORD04774,2023-03-18,C0010,P002,Mobile Phone,Electronics,East,10,18000.0,0,180000.0,March,2023,3,1
ORD04775,2023-07-25,C0062,P002,Mobile Phone,Electronics,West,4,18000.0,0,72000.0,July,2023,7,3
ORD04776,2023-01-23,C0013,P010,Notebook,Stationery,West,3,60.0,0,180.0,January,2023,1,1
ORD04777,2023-11-24,C0122,P005,Study Table,Furniture,South,9,11400.0,5,102600.0,November,2023,11,4
ORD04778,2023-09-12,C0068,P003,Headphones,Electronics,West,2,2375.0,5,4750.0,September,2023,9,3
ORD04779,2023-07-11,C0158,P008,Rice 5kg,Groceries,East,10,350.0,0,3500.0,July,2023,7,3
ORD04780,2023-07-17,C0155,P009,Cooking Oil,Groceries,West,4,200.0,0,800.0,July,2023,7,3
ORD04781,2023-11-10,C0052,P003,Headphones,Electronics,North,1,2500.0,0,2500.0,November,2023,11,4
ORD04782,2023-03-18,C0098,P007,Jeans,Clothing,West,10,1499.0,0,14990.0,March,2023,3,1
ORD04783,2023-04-07,C0054,P007,Jeans,Clothing,East,10,1349.1,10,13491.0,April,2023,4,2
ORD04784,2023-09-02,C0143,P002,Mobile Phone,Electronics,South,4,16200.0,10,64800.0,September,2023,9,3
ORD04785,2023-09-02,C0096,P009,Cooking Oil,Groceries,South,3,180.0,10,540.0,September,2023,9,3
ORD04786,2023-03-29,C0014,P003,Headphones,Electronics,South,7,2125.0,15,14875.0,March,2023,3,1
ORD04787,2023-09-03,C0130,P009,Cooking Oil,Groceries,North,8,200.0,0,1600.0,September,2023,9,3
ORD04788,2023-10-29,C0051,P007,Jeans,Clothing,East,10,1274.15,15,12741.5,October,2023,10,4
ORD04789,2023-03-07,C0036,P004,Desk Chair,Furniture,South,10,8000.0,0,80000.0,March,2023,3,1
ORD04790,2023-01-05,C0063,P009,Cooking Oil,Groceries,East,7,200.0,0,1400.0,January,2023,1,1
ORD04791,2023-11-28,C0015,P008,Rice 5kg,Groceries,East,6,297.5,15,1785.0,November,2023,11,4
ORD04792,2023-02-10,C0118,P008,Rice 5kg,Groceries,East,8,315.0,10,2520.0,February,2023,2,1
ORD04793,2023-11-25,C0082,P005,Study Table,Furniture,South,4,12000.0,0,48000.0,November,2023,11,4
ORD04794,2023-06-19,C0127,P002,Mobile Phone,Electronics,East,2,15300.0,15,30600.0,June,2023,6,2
ORD04795,2023-11-13,C0070,P008,Rice 5kg,Groceries,North,3,350.0,0,1050.0,November,2023,11,4
ORD04796,2023-11-26,C0091,P010,Notebook,Stationery,West,6,57.0,5,342.0,November,2023,11,4
ORD04797,2023-02-21,C0105,P004,Desk Chair,Furniture,West,4,7200.0,10,28800.0,February,2023,2,1
ORD04798,2023-06-11,C0084,P001,Laptop,Electronics,North,9,40500.0,10,364500.0,June,2023,6,2
ORD04799,2023-05-20,C0069,P004,Desk Chair,Furniture,North,10,6800.0,15,68000.0,May,2023,5,2
ORD04800,2023-09-07,C0200,P001,Laptop,Electronics,West,5,45000.0,0,225000.0,September,2023,9,3
ORD04801,2023-02-28,C0001,P005,Study Table,Furniture,North,10,12000.0,0,120000.0,February,2023,2,1
ORD04802,2023-11-11,C0107,P009,Cooking Oil,Groceries,North,9,170.0,15,1530.0,November,2023,11,4
ORD04803,2023-08-18,C0083,P010,Notebook,Stationery,South,4,60.0,0,240.0,August,2023,8,3
ORD04804,2023-06-16,C0184,P002,Mobile Phone,Electronics,West,2,18000.0,0,36000.0,June,2023,6,2
ORD04805,2023-01-28,C0165,P008,Rice 5kg,Groceries,North,6,332.5,5,1995.0,January,2023,1,1
ORD04806,2023-04-06,C0078,P005,Study Table,Furniture,East,3,11400.0,5,34200.0,April,2023,4,2
ORD04807,2023-03-05,C0060,P003,Headphones,Electronics,East,1,2500.0,0,2500.0,March,2023,3,1
ORD04809,2023-12-08,C0076,P002,Mobile Phone,Electronics,South,8,18000.0,0,144000.0,December,2023,12,4
ORD04810,2023-05-13,C0121,P001,Laptop,Electronics,North,10,45000.0,0,450000.0,May,2023,5,2
ORD04811,2023-09-27,C0020,P001,Laptop,Electronics,North,4,40500.0,10,162000.0,September,2023,9,3
ORD04812,2023-04-08,C0087,P006,T-Shirt,Clothing,South,2,759.05,5,1518.1,April,2023,4,2
ORD04813,2023-03-29,C0043,P002,Mobile Phone,Electronics,East,3,18000.0,0,54000.0,March,2023,3,1
ORD04814,2023-09-21,C0011,P007,Jeans,Clothing,East,2,1424.05,5,2848.1,September,2023,9,3
ORD04815,2023-06-21,C0070,P002,Mobile Phone,Electronics,North,9,15300.0,15,137700.0,June,2023,6,2
ORD04816,2023-01-07,C0036,P007,Jeans,Clothing,East,7,1499.0,0,10493.0,January,2023,1,1
ORD04817,2023-12-23,C0195,P002,Mobile Phone,Electronics,East,6,17100.0,5,102600.0,December,2023,12,4
ORD04818,2023-07-11,C0187,P010,Notebook,Stationery,West,2,51.0,15,102.0,July,2023,7,3
ORD04819,2023-06-05,C0152,P006,T-Shirt,Clothing,South,3,679.15,15,2037.45,June,2023,6,2
ORD04820,2023-05-25,C0041,P002,Mobile Phone,Electronics,East,2,15300.0,15,30600.0,May,2023,5,2
ORD04821,2023-04-21,C0132,P005,Study Table,Furniture,East,1,12000.0,0,12000.0,April,2023,4,2
ORD04822,2023-10-25,C0031,P010,Notebook,Stationery,East,10,60.0,0,600.0,October,2023,10,4
ORD04823,2023-03-25,C0182,P003,Headphones,Electronics,North,1,2500.0,0,2500.0,March,2023,3,1
ORD04824,2023-11-14,C0130,P001,Laptop,Electronics,East,3,45000.0,0,135000.0,November,2023,11,4
ORD04825,2023-07-20,C0104,P009,Cooking Oil,Groceries,East,9,180.0,10,1620.0,July,2023,7,3
ORD04826,2023-04-06,C0154,P009,Cooking Oil,Groceries,North,3,190.0,5,570.0,April,2023,4,2
ORD04827,2023-08-02,C0080,P006,T-Shirt,Clothing,East,10,799.0,0,7990.0,August,2023,8,3
ORD04828,2023-02-28,C0144,P006,T-Shirt,Clothing,North,4,799.0,0,3196.0,February,2023,2,1
ORD04829,2023-03-12,C0056,P001,Laptop,Electronics,North,9,45000.0,0,405000.0,March,2023,3,1
ORD04830,2023-05-29,C0047,P009,Cooking Oil,Groceries,East,3,200.0,0,600.0,May,2023,5,2
ORD04831,2023-05-09,C0102,P003,Headphones,Electronics,South,3,2125.0,15,6375.0,May,2023,5,2
ORD04832,2023-01-06,C0036,P002,Mobile Phone,Electronics,East,4,18000.0,0,72000.0,January,2023,1,1
ORD04833,2023-10-02,C0109,P005,Study Table,Furniture,West,3,12000.0,0,36000.0,October,2023,10,4
ORD04834,2023-06-09,C0198,P008,Rice 5kg,Groceries,South,7,350.0,0,2450.0,June,2023,6,2
ORD04835,2023-11-24,C0181,P010,Notebook,Stationery,West,9,57.0,5,513.0,November,2023,11,4
ORD04836,2023-12-25,C0128,P005,Study Table,Furniture,West,1,10800.0,10,10800.0,December,2023,12,4
ORD04838,2023-01-10,C0177,P001,Laptop,Electronics,West,6,45000.0,0,270000.0,January,2023,1,1
ORD04839,2023-05-22,C0047,P008,Rice 5kg,Groceries,West,3,350.0,0,1050.0,May,2023,5,2
ORD04840,2023-12-10,C0054,P007,Jeans,Clothing,South,9,1349.1,10,12141.9,December,2023,12,4
ORD04841,2023-06-13,C0180,P004,Desk Chair,Furniture,South,10,7200.0,10,72000.0,June,2023,6,2
ORD04842,2023-10-23,C0049,P009,Cooking Oil,Groceries,West,3,180.0,10,540.0,October,2023,10,4
ORD04843,2023-11-30,C0110,P003,Headphones,Electronics,North,8,2250.0,10,18000.0,November,2023,11,4
ORD04844,2023-11-30,C0060,P001,Laptop,Electronics,East,5,45000.0,0,225000.0,November,2023,11,4
ORD04845,2023-11-11,C0155,P004,Desk Chair,Furniture,East,2,7200.0,10,14400.0,November,2023,11,4
ORD04846,2023-10-24,C0152,P002,Mobile Phone,Electronics,South,7,15300.0,15,107100.0,October,2023,10,4
ORD04847,2023-12-29,C0120,P006,T-Shirt,Clothing,North,4,799.0,0,3196.0,December,2023,12,4
ORD04848,2023-07-11,C0002,P001,Laptop,Electronics,East,8,42750.0,5,342000.0,July,2023,7,3
ORD04849,2023-04-12,C0089,P010,Notebook,Stationery,West,10,57.0,5,570.0,April,2023,4,2
ORD04850,2023-05-02,C0140,P007,Jeans,Clothing,North,3,1499.0,0,4497.0,May,2023,5,2
ORD04851,2023-05-12,C0142,P006,T-Shirt,Clothing,East,2,719.1,10,1438.2,May,2023,5,2
ORD04852,2023-10-26,C0086,P003,Headphones,Electronics,East,3,2500.0,0,7500.0,October,2023,10,4
ORD04853,2023-06-17,C0157,P004,Desk Chair,Furniture,North,1,6800.0,15,6800.0,June,2023,6,2
ORD04854,2023-12-19,C0091,P007,Jeans,Clothing,North,4,1274.15,15,5096.6,December,2023,12,4
ORD04855,2023-07-30,C0128,P002,Mobile Phone,Electronics,East,1,16200.0,10,16200.0,July,2023,7,3
ORD04856,2023-07-02,C0188,P007,Jeans,Clothing,North,4,1424.05,5,5696.2,July,2023,7,3
ORD04857,2023-09-09,C0061,P001,Laptop,Electronics,West,5,45000.0,0,225000.0,September,2023,9,3
ORD04858,2023-03-10,C0108,P003,Headphones,Electronics,West,4,2500.0,0,10000.0,March,2023,3,1
ORD04859,2023-04-12,C0174,P008,Rice 5kg,Groceries,South,1,297.5,15,297.5,April,2023,4,2
ORD04860,2023-02-11,C0113,P002,Mobile Phone,Electronics,North,3,16200.0,10,48600.0,February,2023,2,1
ORD04861,2023-06-30,C0079,P010,Notebook,Stationery,West,10,60.0,0,600.0,June,2023,6,2
ORD04862,2023-02-06,C0042,P006,T-Shirt,Clothing,West,3,799.0,0,2397.0,February,2023,2,1
ORD04863,2023-04-22,C0019,P007,Jeans,Clothing,North,4,1424.05,5,5696.2,April,2023,4,2
ORD04864,2023-01-09,C0137,P004,Desk Chair,Furniture,West,4,8000.0,0,32000.0,January,2023,1,1
ORD04866,2023-01-10,C0063,P009,Cooking Oil,Groceries,West,2,180.0,10,360.0,January,2023,1,1
ORD04867,2023-03-08,C0018,P002,Mobile Phone,Electronics,South,1,18000.0,0,18000.0,March,2023,3,1
ORD04868,2023-08-18,C0012,P001,Laptop,Electronics,South,9,45000.0,0,405000.0,August,2023,8,3
ORD04869,2023-10-09,C0121,P002,Mobile Phone,Electronics,West,7,15300.0,15,107100.0,October,2023,10,4
ORD04870,2023-10-18,C0156,P003,Headphones,Electronics,West,2,2500.0,0,5000.0,October,2023,10,4
ORD04871,2023-05-24,C0049,P004,Desk Chair,Furniture,East,3,8000.0,0,24000.0,May,2023,5,2
ORD04872,2023-03-08,C0027,P004,Desk Chair,Furniture,North,5,8000.0,0,40000.0,March,2023,3,1
ORD04874,2023-06-22,C0094,P004,Desk Chair,Furniture,East,2,8000.0,0,16000.0,June,2023,6,2
ORD04875,2023-08-30,C0195,P005,Study Table,Furniture,South,3,12000.0,0,36000.0,August,2023,8,3
ORD04876,2023-08-05,C0194,P004,Desk Chair,Furniture,West,10,8000.0,0,80000.0,August,2023,8,3
ORD04877,2023-09-25,C0196,P007,Jeans,Clothing,West,2,1274.15,15,2548.3,September,2023,9,3
ORD04878,2023-09-01,C0189,P008,Rice 5kg,Groceries,West,8,332.5,5,2660.0,September,2023,9,3
ORD04879,2023-08-26,C0169,P004,Desk Chair,Furniture,North,9,7600.0,5,68400.0,August,2023,8,3
ORD04880,2023-10-21,C0058,P009,Cooking Oil,Groceries,West,2,180.0,10,360.0,October,2023,10,4
ORD04881,2023-09-01,C0058,P001,Laptop,Electronics,North,5,40500.0,10,202500.0,September,2023,9,3
ORD04882,2023-09-14,C0105,P005,Study Table,Furniture,North,6,12000.0,0,72000.0,September,2023,9,3
ORD04883,2023-10-03,C0143,P004,Desk Chair,Furniture,North,5,8000.0,0,40000.0,October,2023,10,4
ORD04884,2023-12-13,C0011,P007,Jeans,Clothing,South,5,1274.15,15,6370.75,December,2023,12,4
ORD04885,2023-09-19,C0085,P006,T-Shirt,Clothing,South,8,799.0,0,6392.0,September,2023,9,3
ORD04886,2023-12-05,C0101,P009,Cooking Oil,Groceries,South,6,200.0,0,1200.0,December,2023,12,4
ORD04887,2023-05-01,C0150,P005,Study Table,Furniture,South,10,12000.0,0,120000.0,May,2023,5,2
ORD04888,2023-07-30,C0059,P006,T-Shirt,Clothing,East,5,799.0,0,3995.0,July,2023,7,3
ORD04889,2023-08-28,C0163,P001,Laptop,Electronics,North,3,45000.0,0,135000.0,August,2023,8,3
ORD04890,2023-01-29,C0176,P009,Cooking Oil,Groceries,East,5,200.0,0,1000.0,January,2023,1,1
ORD04891,2023-06-13,C0069,P006,T-Shirt,Clothing,East,4,679.15,15,2716.6,June,2023,6,2
ORD04892,2023-10-31,C0174,P008,Rice 5kg,Groceries,West,9,297.5,15,2677.5,October,2023,10,4
ORD04893,2023-10-28,C0043,P009,Cooking Oil,Groceries,South,9,180.0,10,1620.0,October,2023,10,4
ORD04894,2023-03-13,C0174,P001,Laptop,Electronics,North,1,42750.0,5,42750.0,March,2023,3,1
ORD04895,2023-02-04,C0032,P010,Notebook,Stationery,South,5,57.0,5,285.0,February,2023,2,1
ORD04896,2023-09-09,C0138,P008,Rice 5kg,Groceries,North,6,297.5,15,1785.0,September,2023,9,3
ORD04897,2023-08-07,C0105,P001,Laptop,Electronics,West,5,40500.0,10,202500.0,August,2023,8,3
ORD04898,2023-03-06,C0198,P005,Study Table,Furniture,East,3,11400.0,5,34200.0,March,2023,3,1
ORD04899,2023-05-13,C0145,P008,Rice 5kg,Groceries,West,1,297.5,15,297.5,May,2023,5,2
ORD04900,2023-08-26,C0120,P001,Laptop,Electronics,North,2,40500.0,10,81000.0,August,2023,8,3
ORD04901,2023-05-27,C0169,P008,Rice 5kg,Groceries,East,1,297.5,15,297.5,May,2023,5,2
ORD04902,2023-06-07,C0097,P008,Rice 5kg,Groceries,West,4,350.0,0,1400.0,June,2023,6,2
ORD04903,2023-05-12,C0154,P010,Notebook,Stationery,North,8,51.0,15,408.0,May,2023,5,2
ORD04904,2023-09-20,C0026,P001,Laptop,Electronics,West,5,45000.0,0,225000.0,September,2023,9,3
ORD04905,2023-03-15,C0067,P009,Cooking Oil,Groceries,West,10,180.0,10,1800.0,March,2023,3,1
ORD04906,2023-09-28,C0032,P008,Rice 5kg,Groceries,North,1,350.0,0,350.0,September,2023,9,3
ORD04907,2023-08-07,C0197,P001,Laptop,Electronics,East,2,40500.0,10,81000.0,August,2023,8,3
ORD04908,2023-07-14,C0096,P005,Study Table,Furniture,North,6,10200.0,15,61200.0,July,2023,7,3
ORD04910,2023-03-21,C0091,P008,Rice 5kg,Groceries,West,5,350.0,0,1750.0,March,2023,3,1
ORD04911,2023-07-14,C0036,P001,Laptop,Electronics,East,6,45000.0,0,270000.0,July,2023,7,3
ORD04912,2023-02-07,C0087,P003,Headphones,Electronics,East,4,2500.0,0,10000.0,February,2023,2,1
ORD04914,2023-01-28,C0009,P007,Jeans,Clothing,East,10,1499.0,0,14990.0,January,2023,1,1
ORD04915,2023-11-28,C0109,P005,Study Table,Furniture,West,5,12000.0,0,60000.0,November,2023,11,4
ORD04916,2023-05-16,C0172,P006,T-Shirt,Clothing,South,4,719.1,10,2876.4,May,2023,5,2
ORD04917,2023-12-17,C0081,P002,Mobile Phone,Electronics,East,7,18000.0,0,126000.0,December,2023,12,4
ORD04918,2023-06-18,C0081,P002,Mobile Phone,Electronics,South,9,18000.0,0,162000.0,June,2023,6,2
ORD04919,2023-07-25,C0136,P006,T-Shirt,Clothing,South,9,799.0,0,7191.0,July,2023,7,3
ORD04920,2023-05-19,C0157,P001,Laptop,Electronics,East,9,45000.0,0,405000.0,May,2023,5,2
ORD04921,2023-06-27,C0143,P004,Desk Chair,Furniture,East,3,8000.0,0,24000.0,June,2023,6,2
ORD04922,2023-04-16,C0172,P009,Cooking Oil,Groceries,East,1,170.0,15,170.0,April,2023,4,2
ORD04923,2023-01-15,C0127,P009,Cooking Oil,Groceries,East,1,200.0,0,200.0,January,2023,1,1
ORD04924,2023-12-18,C0162,P009,Cooking Oil,Groceries,West,2,180.0,10,360.0,December,2023,12,4
ORD04925,2023-04-03,C0072,P005,Study Table,Furniture,West,3,12000.0,0,36000.0,April,2023,4,2
ORD04926,2023-07-19,C0068,P005,Study Table,Furniture,South,5,10800.0,10,54000.0,July,2023,7,3
ORD04927,2023-01-05,C0099,P001,Laptop,Electronics,South,1,42750.0,5,42750.0,January,2023,1,1
ORD04928,2023-07-06,C0054,P003,Headphones,Electronics,West,8,2500.0,0,20000.0,July,2023,7,3
ORD04930,2023-01-13,C0120,P002,Mobile Phone,Electronics,South,1,18000.0,0,18000.0,January,2023,1,1
ORD04931,2023-08-11,C0012,P006,T-Shirt,Clothing,North,4,719.1,10,2876.4,August,2023,8,3
ORD04932,2023-11-20,C0191,P010,Notebook,Stationery,East,4,60.0,0,240.0,November,2023,11,4
ORD04933,2023-07-04,C0172,P003,Headphones,Electronics,North,7,2500.0,0,17500.0,July,2023,7,3
ORD04934,2023-04-22,C0034,P002,Mobile Phone,Electronics,East,7,18000.0,0,126000.0,April,2023,4,2
ORD04935,2023-12-12,C0163,P010,Notebook,Stationery,East,5,60.0,0,300.0,December,2023,12,4
ORD04936,2023-07-03,C0040,P008,Rice 5kg,Groceries,South,9,315.0,10,2835.0,July,2023,7,3
ORD04937,2023-10-19,C0107,P008,Rice 5kg,Groceries,East,10,350.0,0,3500.0,October,2023,10,4
ORD04938,2023-11-16,C0091,P010,Notebook,Stationery,West,6,51.0,15,306.0,November,2023,11,4
ORD04939,2023-04-09,C0186,P003,Headphones,Electronics,North,8,2125.0,15,17000.0,April,2023,4,2
ORD04940,2023-02-24,C0136,P003,Headphones,Electronics,South,8,2125.0,15,17000.0,February,2023,2,1
ORD04941,2023-04-20,C0154,P005,Study Table,Furniture,South,1,12000.0,0,12000.0,April,2023,4,2
ORD04942,2023-02-22,C0119,P003,Headphones,Electronics,West,8,2375.0,5,19000.0,February,2023,2,1
ORD04943,2023-05-23,C0187,P001,Laptop,Electronics,West,5,45000.0,0,225000.0,May,2023,5,2
ORD04944,2023-07-13,C0060,P002,Mobile Phone,Electronics,North,3,16200.0,10,48600.0,July,2023,7,3
ORD04945,2023-12-29,C0034,P006,T-Shirt,Clothing,South,1,799.0,0,799.0,December,2023,12,4
ORD04946,2023-07-02,C0044,P005,Study Table,Furniture,South,6,10800.0,10,64800.0,July,2023,7,3
ORD04947,2023-05-20,C0047,P007,Jeans,Clothing,South,8,1424.05,5,11392.4,May,2023,5,2
ORD04948,2023-11-24,C0117,P005,Study Table,Furniture,South,4,12000.0,0,48000.0,November,2023,11,4
ORD04949,2023-11-08,C0108,P008,Rice 5kg,Groceries,South,9,350.0,0,3150.0,November,2023,11,4
ORD04950,2023-03-12,C0098,P002,Mobile Phone,Electronics,North,1,18000.0,0,18000.0,March,2023,3,1
ORD04951,2023-11-18,C0161,P002,Mobile Phone,Electronics,East,5,18000.0,0,90000.0,November,2023,11,4
ORD04952,2023-07-15,C0088,P007,Jeans,Clothing,South,10,1274.15,15,12741.5,July,2023,7,3
ORD04953,2023-02-27,C0007,P006,T-Shirt,Clothing,East,8,799.0,0,6392.0,February,2023,2,1
ORD04954,2023-10-12,C0117,P009,Cooking Oil,Groceries,South,4,200.0,0,800.0,October,2023,10,4
ORD04955,2023-11-15,C0054,P006,T-Shirt,Clothing,South,1,759.05,5,759.05,November,2023,11,4
ORD04956,2023-11-10,C0122,P004,Desk Chair,Furniture,South,2,8000.0,0,16000.0,November,2023,11,4
ORD04957,2023-06-24,C0014,P002,Mobile Phone,Electronics,South,5,16200.0,10,81000.0,June,2023,6,2
ORD04958,2023-12-23,C0007,P006,T-Shirt,Clothing,South,10,679.15,15,6791.5,December,2023,12,4
ORD04960,2023-03-04,C0134,P008,Rice 5kg,Groceries,East,2,350.0,0,700.0,March,2023,3,1
ORD04961,2023-01-20,C0034,P006,T-Shirt,Clothing,South,10,759.05,5,7590.5,January,2023,1,1
ORD04962,2023-08-26,C0090,P010,Notebook,Stationery,North,10,54.0,10,540.0,August,2023,8,3
ORD04963,2023-03-27,C0051,P010,Notebook,Stationery,North,1,60.0,0,60.0,March,2023,3,1
ORD04964,2023-01-02,C0155,P009,Cooking Oil,Groceries,East,1,190.0,5,190.0,January,2023,1,1
ORD04965,2023-05-24,C0032,P001,Laptop,Electronics,South,3,38250.0,15,114750.0,May,2023,5,2
ORD04966,2023-09-10,C0167,P009,Cooking Oil,Groceries,East,9,190.0,5,1710.0,September,2023,9,3
ORD04967,2023-10-05,C0087,P006,T-Shirt,Clothing,North,6,679.15,15,4074.9,October,2023,10,4
ORD04968,2023-01-23,C0076,P002,Mobile Phone,Electronics,West,5,18000.0,0,90000.0,January,2023,1,1
ORD04969,2023-12-13,C0101,P007,Jeans,Clothing,South,10,1499.0,0,14990.0,December,2023,12,4
ORD04970,2023-03-05,C0074,P006,T-Shirt,Clothing,South,2,719.1,10,1438.2,March,2023,3,1
ORD04971,2023-12-06,C0083,P004,Desk Chair,Furniture,North,9,8000.0,0,72000.0,December,2023,12,4
ORD04972,2023-09-07,C0099,P007,Jeans,Clothing,East,3,1499.0,0,4497.0,September,2023,9,3
ORD04973,2023-05-27,C0028,P010,Notebook,Stationery,West,4,54.0,10,216.0,May,2023,5,2
ORD04974,2023-01-18,C0114,P007,Jeans,Clothing,West,8,1499.0,0,11992.0,January,2023,1,1
ORD04975,2023-08-17,C0070,P006,T-Shirt,Clothing,North,9,799.0,0,7191.0,August,2023,8,3
ORD04976,2023-11-25,C0039,P007,Jeans,Clothing,West,7,1424.05,5,9968.35,November,2023,11,4
ORD04977,2023-12-01,C0149,P008,Rice 5kg,Groceries,West,10,350.0,0,3500.0,December,2023,12,4
ORD04978,2023-01-27,C0019,P004,Desk Chair,Furniture,South,8,7600.0,5,60800.0,January,2023,1,1
ORD04979,2023-05-17,C0092,P002,Mobile Phone,Electronics,South,7,15300.0,15,107100.0,May,2023,5,2
ORD04981,2023-06-26,C0018,P010,Notebook,Stationery,West,4,57.0,5,228.0,June,2023,6,2
ORD04982,2023-10-29,C0036,P003,Headphones,Electronics,North,7,2125.0,15,14875.0,October,2023,10,4
ORD04983,2023-04-17,C0088,P004,Desk Chair,Furniture,West,3,7600.0,5,22800.0,April,2023,4,2
ORD04985,2023-06-28,C0151,P008,Rice 5kg,Groceries,North,9,315.0,10,2835.0,June,2023,6,2
ORD04987,2023-10-03,C0055,P001,Laptop,Electronics,West,6,42750.0,5,256500.0,October,2023,10,4
ORD04988,2023-05-18,C0019,P004,Desk Chair,Furniture,South,1,8000.0,0,8000.0,May,2023,5,2
ORD04989,2023-09-21,C0083,P004,Desk Chair,Furniture,West,3,7200.0,10,21600.0,September,2023,9,3
ORD04990,2023-08-14,C0008,P010,Notebook,Stationery,West,10,57.0,5,570.0,August,2023,8,3
ORD04991,2023-07-13,C0026,P001,Laptop,Electronics,East,8,45000.0,0,360000.0,July,2023,7,3
ORD04992,2023-05-23,C0188,P008,Rice 5kg,Groceries,North,1,350.0,0,350.0,May,2023,5,2
ORD04993,2023-07-18,C0144,P005,Study Table,Furniture,West,5,12000.0,0,60000.0,July,2023,7,3
ORD04994,2023-12-26,C0118,P007,Jeans,Clothing,West,4,1349.1,10,5396.4,December,2023,12,4
ORD04995,2023-09-08,C0078,P006,T-Shirt,Clothing,North,8,679.15,15,5433.2,September,2023,9,3
ORD04996,2023-08-08,C0032,P006,T-Shirt,Clothing,South,9,759.05,5,6831.45,August,2023,8,3
ORD04997,2023-05-21,C0044,P008,Rice 5kg,Groceries,West,5,350.0,0,1750.0,May,2023,5,2
ORD04998,2023-11-06,C0129,P002,Mobile Phone,Electronics,West,5,18000.0,0,90000.0,November,2023,11,4
ORD04999,2023-02-12,C0163,P005,Study Table,Furniture,South,10,12000.0,0,120000.0,February,2023,2,1
ORD05000,2023-03-23,C0032,P010,Notebook,Stationery,East,10,54.0,10,540.0,March,2023,3,1
